,count,mean,std,min,1%,5%,25%,50%,75%,95%,99%,max
CNTSTUID,3834.0,7608805.06390193,5089.060813019224,7600001.0,7600195.66,7600930.9,7604370.5,7608865.0,7613170.75,7616647.1,7617425.34,7617630.0
ESCS,3834.0,-0.9638187793427231,1.129327830929738,-5.1083,-3.619869,-2.921425,-1.6969750000000001,-0.9423,-0.13085,0.7920649999999996,1.2978830000000003,1.7973
HOMEPOS,3834.0,-1.203458268127282,0.9538230774324766,-7.6382,-3.223012,-2.589495,-1.848575,-1.28605,-0.5996250000000001,0.44356999999999996,1.2771210000000004,3.7612
ICTRES,3834.0,-1.2714304903495044,0.9508525286859953,-5.0283,-3.5576,-2.55762,-1.9104750000000001,-1.3434,-0.729,0.3138049999999998,1.194378000000001,3.9013
HISCED,3808.0,6.207720588235294,2.560776505411222,1.0,1.0,2.0,5.0,7.0,8.0,10.0,10.0,10.0
W_FSTUWT,3834.0,210.5312524621805,81.6652023566494,31.46655,65.21939,105.7694,162.978,198.25895000000003,240.30615,362.13758999999993,511.6977070000003,863.5353
ST004D01T,3834.0,1.489567031820553,0.499956345934871,1.0,1.0,1.0,1.0,1.0,2.0,2.0,2.0,2.0
CR590Q04S,1424.0,0.9234550561797753,0.2659614430596565,0.0,0.0,0.0,1.0,1.0,1.0,1.0,1.0,1.0
CR590Q04TT,1424.0,4573.756320224719,4965.0609319459645,18.0,353.15,1412.95,2280.5,3225.5,5281.25,11415.299999999992,24677.369999999988,102321.0
CR590Q27S,1176.0,0.8511904761904762,0.35605203221634624,0.0,0.0,0.0,1.0,1.0,1.0,1.0,1.0,1.0
CR590Q27TT,1392.0,5062.424568965517,4514.502809727388,45.0,177.82,1355.65,2888.25,4001.0,5908.25,11830.100000000004,23059.329999999965,81269.0
CR590Q03S,1419.0,0.8999295278365046,0.30019973716709514,0.0,0.0,0.0,1.0,1.0,1.0,1.0,1.0,1.0
CR590Q03TT,1419.0,4165.6955602537,3223.4944713506097,53.0,213.44,1220.1000000000004,2449.0,3333.0,4746.0,9425.3,17464.759999999984,32526.0
CR590Q59S,1172.0,0.9445392491467577,0.22897508841364958,0.0,0.0,0.0,1.0,1.0,1.0,1.0,1.0,1.0
CR590Q59TT,1207.0,4686.956917978459,3997.75624691539,29.0,160.92000000000002,974.5000000000001,2805.5,3872.0,5291.0,10982.800000000003,18196.44000000003,76733.0
CR590Q33S,1168.0,0.8998287671232876,0.30035677978274555,0.0,0.0,0.0,1.0,1.0,1.0,1.0,1.0,1.0
CR590Q33TT,1365.0,4677.43663003663,3768.0357480598905,62.0,183.92000000000002,1065.2,2736.0,3704.0,5358.0,11143.799999999997,18349.919999999867,41410.0
CR590Q20S,1400.0,0.8985714285714286,0.30200325071640505,0.0,0.0,0.0,1.0,1.0,1.0,1.0,1.0,1.0
CR590Q20TT,1400.0,4255.4,3329.1830288740016,14.0,241.96,892.95,2534.25,3489.5,5084.0,9300.549999999996,15272.309999999994,58988.0
CR590Q24S,1160.0,0.9198275862068965,0.27167706162460215,0.0,0.0,0.0,1.0,1.0,1.0,1.0,1.0,1.0
CR590Q24TT,1384.0,4548.812861271676,3816.3298527318816,3.0,176.03,933.15,2553.75,3613.0,5336.25,10262.3,17784.12000000003,44240.0
CR590Q43S,1157.0,0.9550561797752809,0.20727036601156887,0.0,0.0,1.0,1.0,1.0,1.0,1.0,1.0,1.0
CR590Q43TT,1276.0,4027.706896551724,3074.470054558335,2.0,101.75,675.5,2366.0,3275.0,4848.5,9635.75,15557.5,37798.0
CR590Q52S,1151.0,0.8514335360556038,0.3558152117694365,0.0,0.0,0.0,1.0,1.0,1.0,1.0,1.0,1.0
CR590Q52TT,1214.0,6970.665568369028,5340.77023402804,21.0,97.13,654.6500000000001,4102.5,5776.5,8638.25,16150.55,25608.74999999981,65770.0
CR590Q35S,1145.0,0.9475982532751092,0.2229331942261075,0.0,0.0,0.0,1.0,1.0,1.0,1.0,1.0,1.0
CR590Q35TT,1330.0,3627.6766917293235,2954.433292866769,25.0,169.32,1048.9,2289.25,2999.5,4080.25,7915.649999999999,14811.140000000016,57404.0
CR590Q61S,1140.0,0.9210526315789473,0.26977494740882435,0.0,0.0,0.0,1.0,1.0,1.0,1.0,1.0,1.0
CR590Q61TT,1170.0,5717.860683760684,4641.15294205633,13.0,89.89999999999999,501.20000000000005,3222.75,4680.5,6920.75,13909.149999999996,21645.759999999875,59421.0
CR590Q02S,1438.0,0.9513212795549374,0.21527036223765256,0.0,0.0,1.0,1.0,1.0,1.0,1.0,1.0,1.0
CR590Q02TT,1438.0,4468.904728789986,4264.469113631718,8.0,121.37,1403.6000000000001,2334.5,3255.0,5018.25,11197.599999999997,22951.229999999854,57831.0
CR590Q18S,1427.0,0.8892782060266293,0.31389731813755,0.0,0.0,0.0,1.0,1.0,1.0,1.0,1.0,1.0
CR590Q18TT,1427.0,4339.868955851437,3858.378539498637,32.0,176.38,1181.8,2484.5,3408.0,5057.5,9819.800000000001,17907.48,83377.0
CR590Q10S,1437.0,0.8782185107863605,0.32714711727653806,0.0,0.0,0.0,1.0,1.0,1.0,1.0,1.0,1.0
CR590Q10TT,1437.0,4590.069589422408,3664.1816715948994,2.0,114.19999999999999,921.6,2696.0,3728.0,5367.0,10535.2,20065.36000000002,47305.0
CR590Q37S,1187.0,0.9073294018534119,0.29009249296055606,0.0,0.0,0.0,1.0,1.0,1.0,1.0,1.0,1.0
CR590Q37TT,1356.0,6404.994837758112,41812.31545429433,8.0,97.55,686.25,2941.75,4294.0,6665.5,12377.25,20386.75000000004,1537383.0
CR590Q42S,1184.0,0.7719594594594594,0.41974618387683593,0.0,0.0,0.0,1.0,1.0,1.0,1.0,1.0,1.0
CR590Q42TT,1309.0,5115.7028265851795,4061.9024637382913,8.0,151.24,946.4000000000001,2979.0,4228.0,6038.0,11491.199999999997,22924.880000000103,40735.0
CR590Q45S,1180.0,0.8906779661016949,0.3121751341109393,0.0,0.0,0.0,1.0,1.0,1.0,1.0,1.0,1.0
CR590Q45TT,1285.0,3631.026459143969,3470.404182416008,7.0,64.84,688.0000000000001,2105.0,2854.0,4014.0,8342.999999999996,17255.880000000103,57099.0
CR590Q25S,1179.0,0.9380831212892281,0.24110679261463833,0.0,0.0,0.0,1.0,1.0,1.0,1.0,1.0,1.0
CR590Q25TT,1399.0,4584.596854896355,4306.92610201643,9.0,83.94,696.3000000000004,2554.5,3572.0,5484.0,10502.799999999992,19145.759999999984,80059.0
CR590Q13S,1418.0,0.8392101551480959,0.36746659373537494,0.0,0.0,0.0,1.0,1.0,1.0,1.0,1.0,1.0
CR590Q13TT,1418.0,4835.5959097320165,3926.8551756514744,3.0,118.59,747.4500000000002,2869.25,3929.5,5662.5,11015.499999999987,19112.969999999987,57840.0
CR590Q57S,1166.0,0.7058319039451115,0.4558634151415601,0.0,0.0,0.0,0.0,1.0,1.0,1.0,1.0,1.0
CR590Q57TT,1206.0,6340.976782752902,5767.205463873387,2.0,35.35000000000001,462.75,3506.5,5209.0,7790.0,15405.25,24153.65000000007,79625.0
CR590Q41S,1151.0,0.790616854908775,0.40704519782474624,0.0,0.0,0.0,1.0,1.0,1.0,1.0,1.0,1.0
CR590Q41TT,1286.0,5687.901244167962,4381.127380669073,2.0,85.05,727.25,3275.25,4810.0,6995.25,12685.5,20320.80000000001,53440.0
CR590Q60S,1139.0,0.8446005267778753,0.36244421816698197,0.0,0.0,0.0,1.0,1.0,1.0,1.0,1.0,1.0
CR590Q60TT,1172.0,5602.2517064846415,4921.334116706057,9.0,44.71,602.8500000000003,2941.5,4426.0,6921.25,13281.25,24807.299999999937,60727.0
CR590Q05S,1457.0,0.7577213452299245,0.4286091380002414,0.0,0.0,0.0,1.0,1.0,1.0,1.0,1.0,1.0
CR590Q05TT,1457.0,5942.950583390529,6694.316351177635,4.0,63.120000000000005,1175.0,2830.0,4248.0,6923.0,15727.0,29692.120000000003,128676.0
CR590Q01S,1455.0,0.9594501718213059,0.19731268891268486,0.0,0.0,1.0,1.0,1.0,1.0,1.0,1.0,1.0
CR590Q01TT,1455.0,4234.043986254295,5105.742236833493,15.0,173.18,1245.7,2148.5,3104.0,4823.5,9674.3,24290.680000000008,81504.0
CR590Q22S,1436.0,0.9533426183844012,0.21097740921679073,0.0,0.0,1.0,1.0,1.0,1.0,1.0,1.0,1.0
CR590Q22TT,1436.0,5075.216573816156,5358.233982405579,18.0,120.7,730.75,2866.75,3961.0,5760.5,11519.0,24293.200000000135,113243.0
CR590Q47S,1204.0,0.8787375415282392,0.32656768276123455,0.0,0.0,0.0,1.0,1.0,1.0,1.0,1.0,1.0
CR590Q47TT,1291.0,4134.96901626646,3374.7340627652575,14.0,81.0,775.5,2439.0,3423.0,4808.5,9494.0,14980.099999999922,39964.0
CR590Q34S,1201.0,0.9317235636969192,0.25232474482821304,0.0,0.0,0.0,1.0,1.0,1.0,1.0,1.0,1.0
CR590Q34TT,1393.0,4915.316582914573,4536.079344223193,10.0,145.56,801.8000000000001,2777.0,3923.0,5781.0,11273.399999999989,19257.399999999972,69395.0
CR590Q23S,1420.0,0.7619718309859155,0.42602649643918256,0.0,0.0,0.0,1.0,1.0,1.0,1.0,1.0,1.0
CR590Q23TT,1420.0,4198.397887323944,3544.8433623847636,17.0,126.95,752.8,2574.75,3425.0,4906.5,9347.099999999997,16190.349999999993,72084.0
CR590Q38S,1190.0,0.9142857142857143,0.28005938162999705,0.0,0.0,0.0,1.0,1.0,1.0,1.0,1.0,1.0
CR590Q38TT,1353.0,4730.419807834442,3974.192375395129,1.0,63.08,632.8000000000001,2810.0,3962.0,5519.0,10614.799999999996,21439.840000000022,56486.0
CR590Q55S,1188.0,0.8678451178451179,0.3388016986189657,0.0,0.0,0.0,1.0,1.0,1.0,1.0,1.0,1.0
CR590Q55TT,1237.0,4503.983831851253,3824.2926085812337,3.0,65.0,642.4000000000002,2388.0,3577.0,5416.0,11174.0,17094.12000000001,63058.0
CR590Q14S,1426.0,0.8113604488078542,0.3913592693482306,0.0,0.0,0.0,1.0,1.0,1.0,1.0,1.0,1.0
CR590Q14TT,1426.0,5773.90603085554,5255.024676484578,1.0,73.0,574.0,3120.0,4635.0,6939.0,13751.0,26009.25,83999.0
CR590Q65S,1171.0,0.928266438941076,0.2581564835042048,0.0,0.0,0.0,1.0,1.0,1.0,1.0,1.0,1.0
CR590Q65TT,1193.0,5162.538139145013,4338.444146563129,5.0,67.36,627.8000000000001,3139.0,4214.0,6195.0,11574.8,18559.079999999754,49648.0
CR590Q26S,1205.0,0.8954356846473029,0.30611825427867695,0.0,0.0,0.0,1.0,1.0,1.0,1.0,1.0,1.0
CR590Q26TT,1424.0,5799.3349719101125,5189.5943914190375,28.0,316.99,1426.15,2935.75,4417.0,6791.5,14605.85,26797.32999999997,64163.0
CR590Q48S,1204.0,0.8205980066445183,0.3838480076327143,0.0,0.0,0.0,1.0,1.0,1.0,1.0,1.0,1.0
CR590Q48TT,1284.0,4981.289719626168,7034.924410344088,13.0,104.49,774.3000000000002,2828.75,3946.5,5739.75,10828.099999999995,17451.560000000027,213697.0
CR590Q44S,1201.0,0.652789342214821,0.4762817405902207,0.0,0.0,0.0,0.0,1.0,1.0,1.0,1.0,1.0
CR590Q44TT,1312.0,6429.284298780488,5718.228100373379,10.0,105.44,780.2,3424.5,5172.5,7675.75,15408.650000000001,29649.960000000006,78892.0
CR590Q19S,1429.0,0.9559132260321903,0.20535978750707154,0.0,0.0,1.0,1.0,1.0,1.0,1.0,1.0,1.0
CR590Q19TT,1429.0,3448.9762071378586,3119.620367308846,17.0,131.20000000000002,1019.4000000000002,2118.0,2854.0,3865.0,6972.799999999999,15274.880000000008,51594.0
CR590Q15S,1431.0,0.7379454926624738,0.43990587021458366,0.0,0.0,0.0,0.0,1.0,1.0,1.0,1.0,1.0
CR590Q15TT,1431.0,5498.881201956674,4119.596879236561,2.0,108.80000000000001,956.5,3226.0,4624.0,6769.0,12187.0,21464.100000000002,40272.0
CR590Q30S,1184.0,0.8758445945945946,0.32989810589796964,0.0,0.0,0.0,1.0,1.0,1.0,1.0,1.0,1.0
CR590Q30TT,1390.0,4082.423021582734,3703.1948512090344,3.0,125.0,811.6,2449.25,3237.0,4568.0,8922.65,19977.599999999962,51168.0
CR590Q28S,1179.0,0.909245122985581,0.2873821130706498,0.0,0.0,0.0,1.0,1.0,1.0,1.0,1.0,1.0
CR590Q28TT,1393.0,4814.785355348169,3833.3665680238373,28.0,185.0,1004.6,2912.0,3927.0,5629.0,10843.399999999998,20813.799999999937,50354.0
CR590Q09S,1419.0,0.8935870331219169,0.308474157857468,0.0,0.0,0.0,1.0,1.0,1.0,1.0,1.0,1.0
CR590Q09TT,1419.0,4560.405214940099,3643.890383109716,3.0,93.34,731.7,2845.5,3716.0,5202.5,11007.099999999988,17795.139999999916,49930.0
CR590Q56S,1166.0,0.7212692967409948,0.44856712402501314,0.0,0.0,0.0,0.0,1.0,1.0,1.0,1.0,1.0
CR590Q56TT,1210.0,7477.463636363636,6657.15931284077,8.0,76.08,672.35,4159.75,6212.5,9197.0,15858.75,29053.590000000062,101075.0
CR590Q16S,1395.0,0.8566308243727598,0.35057461017423636,0.0,0.0,0.0,1.0,1.0,1.0,1.0,1.0,1.0
CR590Q16TT,1395.0,5636.139784946236,4432.708236636962,10.0,100.39999999999999,737.1,3188.0,4640.0,6775.5,13113.3,24419.67999999998,41870.0
CR590Q58S,1145.0,0.8951965065502183,0.3064338941049384,0.0,0.0,0.0,1.0,1.0,1.0,1.0,1.0,1.0
CR590Q58TT,1180.0,4169.661864406779,2916.910587849698,9.0,61.58,443.9,2546.5,3565.5,5120.0,9158.199999999999,14847.30000000002,29769.0
CR590Q46S,1167.0,0.8740359897172236,0.33195105253113477,0.0,0.0,0.0,1.0,1.0,1.0,1.0,1.0,1.0
CR590Q46TT,1264.0,6102.641613924051,6408.501458801989,7.0,49.52,727.2000000000003,2935.75,4510.0,7115.75,15948.199999999986,31917.37999999999,83692.0
CR590Q06S,1411.0,0.9192062367115521,0.27261475036597743,0.0,0.0,0.0,1.0,1.0,1.0,1.0,1.0,1.0
CR590Q06TT,1411.0,4921.564138908576,3991.277180625947,18.0,186.5,1283.5,2785.5,3979.0,5815.5,11527.5,20076.300000000007,59232.0
CR590Q50S,1161.0,0.8725236864771748,0.33364949810395167,0.0,0.0,0.0,1.0,1.0,1.0,1.0,1.0,1.0
CR590Q50TT,1232.0,6635.655032467533,37800.0922764422,2.0,54.17,641.1500000000001,3035.75,4451.0,6620.25,12799.0,27089.330000000053,1304529.0
CR590Q07S,1401.0,0.892933618843683,0.30930803281166686,0.0,0.0,0.0,1.0,1.0,1.0,1.0,1.0,1.0
CR590Q07TT,1401.0,4207.759457530336,4918.390191482312,5.0,143.0,1008.0,2556.0,3432.0,4786.0,8716.0,15349.0,138978.0
CR590Q31S,1150.0,0.928695652173913,0.2574444999688199,0.0,0.0,0.0,1.0,1.0,1.0,1.0,1.0,1.0
CR590Q31TT,1354.0,4312.245199409158,3703.032400386239,12.0,235.31000000000003,961.2,2512.25,3414.0,4808.25,10469.599999999997,19554.95,41641.0
CR590Q32S,1147.0,0.8421970357454228,0.3647151742808583,0.0,0.0,0.0,1.0,1.0,1.0,1.0,1.0,1.0
CR590Q32TT,1348.0,5647.626854599406,6478.076336804764,23.0,146.88,812.2,2957.75,4497.5,6639.0,13104.55,25926.689999999995,137888.0
CR590Q51S,1139.0,0.8674275680421423,0.3392610117186702,0.0,0.0,0.0,1.0,1.0,1.0,1.0,1.0,1.0
CR590Q51TT,1202.0,5020.722129783694,4325.8430533894,2.0,81.05,561.45,2739.0,3907.0,5959.75,12508.200000000004,22538.880000000005,44776.0
CR590Q39S,1132.0,0.8648409893992933,0.34204444799104095,0.0,0.0,0.0,1.0,1.0,1.0,1.0,1.0,1.0
CR590Q39TT,1287.0,4528.513597513597,3494.065257619543,15.0,76.3,566.4,2506.5,3785.0,5662.5,10548.900000000003,15916.320000000018,42570.0
CR590Q54S,1125.0,0.936,0.24486178830855881,0.0,0.0,0.0,1.0,1.0,1.0,1.0,1.0,1.0
CR590Q54TT,1179.0,5108.74385072095,4705.91815570053,3.0,47.13999999999999,488.1,3025.5,4181.0,6055.0,12499.799999999992,22487.520000000004,82973.0
CR590Q53S,1116.0,0.9310035842293907,0.2535616711243538,0.0,0.0,0.0,1.0,1.0,1.0,1.0,1.0,1.0
CR590Q53TT,1175.0,4268.059574468085,3431.7412435054466,2.0,65.36,551.6000000000001,2541.0,3539.0,5023.0,9411.899999999994,16920.32,36404.0
CR590Q64S,1105.0,0.8217194570135746,0.3829220379742744,0.0,0.0,0.0,1.0,1.0,1.0,1.0,1.0,1.0
CR590Q64TT,1128.0,6428.312056737589,9595.831206753113,10.0,74.78,636.45,3240.25,4882.5,7555.75,16002.24999999999,27487.130000000005,275721.0
CR590Q08S,1427.0,0.9509460406447092,0.21605642938086567,0.0,0.0,1.0,1.0,1.0,1.0,1.0,1.0,1.0
CR590Q08TT,1427.0,4397.922915206727,4680.093126217746,11.0,158.78,1287.3,2133.5,3084.0,4848.0,11925.4,25217.92000000001,75649.0
CR590Q36S,1180.0,0.8652542372881356,0.34159659025519046,0.0,0.0,0.0,1.0,1.0,1.0,1.0,1.0,1.0
CR590Q36TT,1359.0,5642.815305371597,4669.730437282111,8.0,219.96,1176.3,2977.5,4541.0,7081.0,13119.4,21021.32000000005,65991.0
CR590Q21S,1412.0,0.9313031161473088,0.2530275954202333,0.0,0.0,0.0,1.0,1.0,1.0,1.0,1.0,1.0
CR590Q21TT,1412.0,4221.4730878186965,4142.342961473972,3.0,146.55,769.0,2426.75,3253.5,4731.25,10294.050000000003,21153.280000000115,82645.0
CR590Q49S,1177.0,0.9082412914188616,0.28880774663789527,0.0,0.0,0.0,1.0,1.0,1.0,1.0,1.0,1.0
CR590Q49TT,1251.0,5054.809752198242,5596.242228690322,8.0,114.0,498.0,2711.5,3830.0,5678.5,11885.5,23547.0,114324.0
CR590Q40S,1174.0,0.8756388415672913,0.3301337542737002,0.0,0.0,0.0,1.0,1.0,1.0,1.0,1.0,1.0
CR590Q40TT,1317.0,3629.4426727410782,3016.579689565121,11.0,190.0,826.4,2041.0,2819.0,4241.0,8480.800000000001,16407.959999999992,35511.0
CR590Q11S,1416.0,0.9364406779661016,0.24405244905928905,0.0,0.0,0.0,1.0,1.0,1.0,1.0,1.0,1.0
CR590Q11TT,1416.0,4667.9300847457625,3710.8356979850996,7.0,142.3,687.75,2715.75,3819.5,5645.75,10560.5,19765.24999999986,39794.0
CR590Q29S,1167.0,0.844044558697515,0.3629686415098544,0.0,0.0,0.0,1.0,1.0,1.0,1.0,1.0,1.0
CR590Q29TT,1377.0,5095.338416848221,4792.473233470411,16.0,122.03999999999999,859.4,3009.0,4149.0,6064.0,11499.6,19870.44,118280.0
CR590Q63S,1158.0,0.9326424870466321,0.25074842852476287,0.0,0.0,0.0,1.0,1.0,1.0,1.0,1.0,1.0
CR590Q63TT,1182.0,5921.659898477157,13410.52960793053,11.0,105.43,656.95,3212.5,4509.5,6859.5,13219.700000000003,22512.450000000073,439686.0
CR590Q17S,1387.0,0.8680605623648161,0.3385469789196386,0.0,0.0,0.0,1.0,1.0,1.0,1.0,1.0,1.0
CR590Q17TT,1387.0,4520.058399423216,3746.3518266244773,17.0,96.86,672.9,2394.5,3647.0,5529.5,11015.5,20538.38,41074.0
CR590Q62S,1145.0,0.868122270742358,0.3385056409469142,0.0,0.0,0.0,1.0,1.0,1.0,1.0,1.0,1.0
CR590Q62TT,1171.0,4606.450042698548,3691.544426039759,21.0,91.80000000000001,597.0,2636.5,3763.0,5616.0,10920.0,19146.799999999992,51975.0
CR590Q66S,1135.0,0.8061674008810573,0.3954735381728013,0.0,0.0,0.0,1.0,1.0,1.0,1.0,1.0,1.0
CR590Q66TT,1157.0,7019.329299913569,5327.141491474343,15.0,150.12,759.6000000000001,3760.0,5791.0,8933.0,16855.4,25623.320000000025,52293.0
CR545Q02S,1848.0,0.39935064935064934,0.4898975179723221,0.0,0.0,0.0,0.0,0.0,1.0,1.0,1.0,1.0
CR545Q02TT,1875.0,232851.5616,1940850.6392915712,318.0,5011.18,21896.9,89478.0,163727.0,259005.5,433425.8999999999,615520.36,84007312.0
CR545Q02F,1856.0,187258.4067887931,1949866.2920831323,2.0,994.2,6277.0,49003.0,113082.0,204036.75,376746.75,519281.2000000001,83969384.0
CR545Q02A,1875.0,4.126933333333334,29.880067901078046,0.0,0.740000000000002,1.0,1.0,2.0,4.0,10.0,20.25999999999999,1258.0
CR545Q02V,1875.0,1.1642666666666666,0.512077124216167,1.0,1.0,1.0,1.0,1.0,1.0,2.0,3.0,6.0
CR545Q02VS,1875.0,0.009066666666666667,0.1054690865163874,0.0,0.0,0.0,0.0,0.0,0.0,0.0,0.0,2.0
CR545Q03S,1857.0,1.1814754981152396,0.8297547016050928,0.0,0.0,0.0,0.0,1.0,2.0,2.0,2.0,2.0
CR545Q03TT,1873.0,112533.5915643353,91101.9268122829,774.0,6356.4,19114.200000000004,62961.0,97018.0,144147.0,247469.9999999999,377585.04,1900961.0
CR545Q03F,1861.0,43999.67006985492,39399.146777723414,1.0,399.6000000000001,3997.0,17022.0,33902.0,59417.0,120451.0,187585.6000000001,433400.0
CR545Q03A,1873.0,6.395088093966898,4.042617176788898,0.0,1.0,4.0,4.0,5.0,7.0,12.0,22.0,71.0
CR545Q03SA,1834.0,0.7949836423118866,0.4038236838692356,0.0,0.0,0.0,1.0,1.0,1.0,1.0,1.0,1.0
CR545Q03SB,1822.0,0.818880351262349,0.38522301172507134,0.0,0.0,0.0,1.0,1.0,1.0,1.0,1.0,1.0
CR545Q03SC,1822.0,0.9110867178924259,0.28469667307669877,0.0,0.0,0.0,1.0,1.0,1.0,1.0,1.0,1.0
CR545Q03SD,1823.0,0.575973669775096,0.49432989532246785,0.0,0.0,0.0,0.0,1.0,1.0,1.0,1.0,1.0
CR545Q03V,1873.0,1.232781633742659,0.6563737501099816,1.0,1.0,1.0,1.0,1.0,1.0,3.0,4.0,9.0
CR545Q03VS,1873.0,0.020822210357714897,0.15707654680988675,0.0,0.0,0.0,0.0,0.0,0.0,0.0,1.0,2.0
CR545Q04TT,1870.0,226001.41978609626,203891.66195651493,420.0,3066.28,18672.45,94919.5,165995.5,298186.0,631585.45,962494.1699999997,2301226.0
CR545Q04F,1724.0,36981.41415313225,42838.81147001909,2.0,832.5300000000001,2649.15,13581.5,26165.5,44708.5,106635.49999999999,210578.74,498973.0
CR545Q04A,1870.0,140.8620320855615,140.2912212312763,0.0,0.0,0.0,41.0,97.0,204.0,416.54999999999995,628.7899999999995,1196.0
CR545Q04V,1870.0,1.1914438502673796,0.6213015135035459,1.0,1.0,1.0,1.0,1.0,1.0,2.0,4.0,8.0
CR545Q04VS,1870.0,0.01764705882352941,0.15416050480157376,0.0,0.0,0.0,0.0,0.0,0.0,0.0,1.0,2.0
CR545Q06S,1842.0,0.5309446254071661,0.4991770285037891,0.0,0.0,0.0,0.0,1.0,1.0,1.0,1.0,1.0
CR545Q06TT,1867.0,45672.245313336905,40023.99856610446,94.0,2432.82,7673.6,20615.5,32987.0,58360.0,122006.69999999988,190666.9799999999,404311.0
CR545Q06F,1845.0,35570.590243902436,34381.76800210004,3.0,860.88,3748.4,14941.0,25565.0,44738.0,100265.19999999997,167071.23999999987,359147.0
CR545Q06A,1867.0,2.21103374397429,2.8782784750791635,0.0,0.0,1.0,1.0,2.0,2.0,6.0,12.339999999999918,57.0
CR545Q06V,1867.0,1.1403320835565078,0.5474451007376429,1.0,1.0,1.0,1.0,1.0,1.0,2.0,3.0,9.0
CR545Q06VS,1867.0,0.025174076057846814,0.18780736639743673,0.0,0.0,0.0,0.0,0.0,0.0,0.0,1.0,3.0
CR545Q07S,1840.0,0.6086956521739131,0.48817494210319085,0.0,0.0,0.0,0.0,1.0,1.0,1.0,1.0,1.0
CR545Q07TT,1867.0,34912.03963577932,38358.00488903227,1981.0,4357.52,8386.2,16995.0,25494.0,42290.5,87630.49999999997,143859.63999999978,1020624.0
CR545Q07F,1849.0,22655.14169821525,23940.068726155063,1.0,17.0,2596.8,9706.0,15074.0,27510.0,64918.599999999984,113940.91999999995,402136.0
CR545Q07A,1867.0,2.085698982324585,1.8444738243050942,0.0,1.0,1.0,1.0,2.0,2.0,5.0,10.0,24.0
CR545Q07V,1867.0,1.0589180503481521,0.27343926638610305,1.0,1.0,1.0,1.0,1.0,1.0,2.0,2.0,5.0
CR545Q07VS,1867.0,0.0,0.0,0.0,0.0,0.0,0.0,0.0,0.0,0.0,0.0,0.0
CR220Q01S,1310.0,0.09541984732824428,0.29390617488637477,0.0,0.0,0.0,0.0,0.0,0.0,1.0,1.0,1.0
CR220Q01TT,1924.0,207740.64656964657,196934.32544552293,460.0,1665.75,4936.8,44273.0,173354.5,315993.25,541051.6499999999,815038.0,2799017.0
CR220Q01F,1766.0,32352.09682899207,49735.047304854495,4.0,1144.7000000000003,2493.5,6255.0,15084.0,42628.75,110964.5,180202.94999999998,1147744.0
CR220Q01A,1924.0,19.677754677754677,22.109666248086427,0.0,0.0,0.0,4.0,14.0,27.0,59.0,97.53999999999996,236.0
CR220Q01V,1924.0,1.8316008316008316,1.594230149915295,1.0,1.0,1.0,1.0,1.0,2.0,5.0,8.0,20.0
CR220Q01VS,1924.0,0.019230769230769232,0.15846452107704617,0.0,0.0,0.0,0.0,0.0,0.0,0.0,1.0,2.0
CR220Q02S,1839.0,0.3964110929853181,0.48928469986961365,0.0,0.0,0.0,0.0,0.0,1.0,1.0,1.0,1.0
CR220Q02TT,1925.0,84877.72883116883,77371.46388755446,104.0,1380.0000000000002,5391.8,37058.0,71846.0,109353.0,215928.39999999988,338183.83999999997,1424792.0
CR220Q02F,1872.0,31777.699252136754,52290.22682345487,1.0,5.0,2606.3500000000004,8152.5,16446.0,36083.5,105884.29999999996,199840.11999999997,1422531.0
CR220Q02A,1925.0,4.886233766233766,4.358784782368221,0.0,0.0,1.0,2.0,4.0,7.0,11.0,19.0,66.0
CR220Q02V,1925.0,1.638961038961039,1.2340622038250435,1.0,1.0,1.0,1.0,1.0,2.0,4.0,7.0,12.0
CR220Q02VS,1925.0,0.028051948051948054,0.18589167425066289,0.0,0.0,0.0,0.0,0.0,0.0,0.0,1.0,2.0
CR220Q04S,1873.0,0.49919914575547253,0.5001328876392904,0.0,0.0,0.0,0.0,0.0,1.0,1.0,1.0,1.0
CR220Q04TT,1924.0,59035.68087318087,60552.81896932293,113.0,1244.61,5660.200000000001,29261.0,48449.0,75374.25,139245.94999999984,234966.0999999998,1391147.0
CR220Q04F,1881.0,43322.1504518873,54438.97732928802,2.0,408.60000000000014,2320.0,15085.0,33008.0,57080.0,113635.0,210983.0000000004,1388724.0
CR220Q04A,1924.0,2.9464656964656966,3.461960731953366,0.0,0.0,1.0,1.0,2.0,3.0,9.0,19.0,44.0
CR220Q04V,1924.0,1.3445945945945945,0.819844164061501,1.0,1.0,1.0,1.0,1.0,1.0,3.0,5.0,11.0
CR220Q04VS,1924.0,0.03170478170478171,0.2176148399651716,0.0,0.0,0.0,0.0,0.0,0.0,0.0,1.0,3.0
CR220Q05S,1867.0,0.7686127477236208,0.42183231393612985,0.0,0.0,0.0,1.0,1.0,1.0,1.0,1.0,1.0
CR220Q05TT,1922.0,38006.42819979188,34674.676397667696,24.0,924.0200000000001,4344.0,17096.75,28245.0,48391.5,101564.39999999989,176065.93999999994,450396.0
CR220Q05F,1876.0,29476.82196162047,30230.651595337557,2.0,40.25,2005.5,11672.25,20694.0,38497.25,82720.75,147088.25,445725.0
CR220Q05A,1922.0,1.989073881373569,1.8975271657810504,0.0,0.0,1.0,1.0,2.0,2.0,5.0,11.0,20.0
CR220Q05V,1922.0,1.211758584807492,0.6193203172665595,1.0,1.0,1.0,1.0,1.0,1.0,2.0,4.0,8.0
CR220Q05VS,1922.0,0.021852237252861603,0.1630688993082152,0.0,0.0,0.0,0.0,0.0,0.0,0.0,1.0,2.0
CR220Q06S,1868.0,0.5455032119914347,0.49805848385234247,0.0,0.0,0.0,0.0,1.0,1.0,1.0,1.0,1.0
CR220Q06TT,1922.0,43372.84911550468,55807.35121888334,1831.0,2961.3,6252.900000000001,21816.0,33258.5,50049.5,102400.54999999971,201267.6699999998,1521060.0
CR220Q06F,1886.0,29812.98197242842,45321.878069096165,2.0,31.150000000000027,1913.5,13203.5,23009.0,37175.75,75016.75,130496.05000000048,1509109.0
CR220Q06A,1922.0,2.292924037460978,2.5647353968511553,0.0,0.0,1.0,1.0,2.0,2.0,6.0,12.0,48.0
CR220Q06V,1922.0,1.0520291363163372,0.24867905719403946,1.0,1.0,1.0,1.0,1.0,1.0,1.0,2.0,4.0
CR220Q06VS,1922.0,0.0,0.0,0.0,0.0,0.0,0.0,0.0,0.0,0.0,0.0,0.0
CR560Q10S,1372.0,0.19970845481049562,0.3999269475431814,0.0,0.0,0.0,0.0,0.0,0.0,1.0,1.0,1.0
CR560Q10TT,1904.0,95076.10399159664,98585.4345532028,970.0,3427.33,8561.85,41176.75,81602.0,128764.0,213803.59999999995,329772.88,1868900.0
CR560Q10F,1562.0,61175.45582586428,82124.11184495402,130.0,2100.64,4741.400000000001,15262.75,43787.5,86027.75,165623.34999999998,232436.8799999999,1728705.0
CR560Q10A,1904.0,6.561974789915967,10.388933817369653,0.0,0.0,0.0,1.0,3.0,8.0,24.0,48.0,120.0
CR560Q10V,1904.0,1.1580882352941178,0.46609447258116565,1.0,1.0,1.0,1.0,1.0,1.0,2.0,3.0,6.0
CR560Q10VS,1904.0,0.0005252100840336134,0.02291746242570528,0.0,0.0,0.0,0.0,0.0,0.0,0.0,0.0,1.0
CR560Q03S,1862.0,0.46294307196562834,0.4987588420985998,0.0,0.0,0.0,0.0,0.0,1.0,1.0,1.0,1.0
CR560Q03TT,1903.0,155081.56227009985,122377.47433521338,147.0,1616.26,14906.800000000001,69009.0,134485.0,211828.0,360205.6999999997,545955.0000000003,1843240.0
CR560Q03F,1870.0,119741.71229946525,108306.79429469499,2.0,120.7500000000001,4377.35,38211.75,97197.5,170211.5,314245.3,457917.7499999981,1472484.0
CR560Q03A,1903.0,3.2201786652653706,9.584609803141284,0.0,0.0,1.0,1.0,2.0,3.0,9.0,18.0,276.0
CR560Q03V,1903.0,1.1802417235943248,0.5769754566758287,1.0,1.0,1.0,1.0,1.0,1.0,2.0,4.0,7.0
CR560Q03VS,1903.0,0.01418812401471361,0.13095323221739238,0.0,0.0,0.0,0.0,0.0,0.0,0.0,1.0,2.0
CR560Q06S,1874.0,0.5960512273212379,0.49081841014406397,0.0,0.0,0.0,0.0,1.0,1.0,1.0,1.0,1.0
CR560Q06TT,1903.0,71819.66053599579,63536.762535019814,90.0,1813.78,8477.9,28441.0,54589.0,95647.5,188824.8,305761.6000000001,610231.0
CR560Q06F,1880.0,55453.89787234043,56657.800461769795,1.0,15.369999999999997,3441.4000000000005,17634.5,38535.5,73896.25,160852.69999999995,271028.0800000001,608304.0
CR560Q06A,1903.0,2.3836048344718863,3.39232514044327,0.0,0.0,1.0,1.0,2.0,2.0,6.0,13.0,93.0
CR560Q06V,1903.0,1.1571203363110878,0.5416515905576386,1.0,1.0,1.0,1.0,1.0,1.0,2.0,3.0,7.0
CR560Q06VS,1903.0,0.016815554387808723,0.15796734322161443,0.0,0.0,0.0,0.0,0.0,0.0,0.0,1.0,4.0
CR560Q08S,1869.0,0.43659711075441415,0.49609651744082567,0.0,0.0,0.0,0.0,0.0,1.0,1.0,1.0,1.0
CR560Q08TT,1903.0,83060.4739884393,66519.13477826538,1413.0,4111.34,9943.400000000001,39076.5,67890.0,107749.0,207994.09999999992,302579.82000000007,899198.0
CR560Q08F,1883.0,62818.272437599575,58959.23629832426,1.0,24.740000000000002,2936.400000000001,24605.0,48842.0,83274.0,170797.3,263711.2200000001,896662.0
CR560Q08A,1903.0,2.7204414083026798,4.902373662140377,0.0,0.019999999999999574,1.0,1.0,2.0,3.0,7.899999999999864,15.0,102.0
CR560Q08V,1903.0,1.067262217551235,0.28948487204466133,1.0,1.0,1.0,1.0,1.0,1.0,2.0,2.0,4.0
CR560Q08VS,1903.0,0.0005254860746190226,0.022923483038557263,0.0,0.0,0.0,0.0,0.0,0.0,0.0,0.0,1.0
CR559Q01S,1937.0,0.7124419204956117,0.45274082087480516,0.0,0.0,0.0,0.0,1.0,1.0,1.0,1.0,1.0
CR559Q01TT,1956.0,140106.60224948876,100861.48018533514,115.0,4808.35,15842.5,69015.5,117304.5,191521.0,319550.5,439484.85000000003,1190751.0
CR559Q01F,1940.0,110366.98092783506,91577.40039709349,2.0,167.31,5500.200000000001,43424.25,87046.0,157182.5,286471.35,409675.1199999998,668214.0
CR559Q01A,1956.0,2.696319018404908,5.180013404723125,0.0,1.0,1.0,1.0,2.0,3.0,7.25,17.450000000000045,134.0
CR559Q01V,1956.0,1.1605316973415134,0.4731096708286497,1.0,1.0,1.0,1.0,1.0,1.0,2.0,3.0,6.0
CR559Q01VS,1956.0,0.006134969325153374,0.0781053795596868,0.0,0.0,0.0,0.0,0.0,0.0,0.0,0.0,1.0
CR559Q04S,1930.0,0.8347150259067357,0.3715338119032724,0.0,0.0,0.0,1.0,1.0,1.0,1.0,1.0,1.0
CR559Q04TT,1956.0,56083.847137014316,57777.33476278737,105.0,2674.5,8681.25,28172.0,46646.5,70440.5,128777.0,221942.25,1792468.0
CR559Q04F,1933.0,43415.389032591826,54126.488432063066,1.0,13.560000000000002,3386.8,17427.0,33878.0,56752.0,112036.19999999997,187423.7600000003,1788649.0
CR559Q04A,1956.0,2.091513292433538,5.11507571304735,0.0,0.0,1.0,1.0,2.0,2.0,5.0,9.0,213.0
CR559Q04V,1956.0,1.215235173824131,0.6285557642381893,1.0,1.0,1.0,1.0,1.0,1.0,3.0,4.0,8.0
CR559Q04VS,1956.0,0.02607361963190184,0.1747050790735743,0.0,0.0,0.0,0.0,0.0,0.0,0.0,1.0,2.0
CR559Q03S,1928.0,0.5695020746887967,0.49527435850011636,0.0,0.0,0.0,0.0,1.0,1.0,1.0,1.0,1.0
CR559Q03TT,1955.0,67598.4368286445,71205.24499491272,245.0,2361.2599999999998,6563.6,27847.0,52238.0,89496.0,171465.7,274489.20000000007,1848680.0
CR559Q03F,1933.0,52727.42265907915,51937.355484899774,1.0,10.96,2786.8,19244.0,38566.0,71187.0,143136.59999999992,248361.80000000028,761295.0
CR559Q03A,1955.0,2.183631713554987,2.336909161540209,0.0,0.0,1.0,1.0,2.0,2.0,6.0,11.0,46.0
CR559Q03V,1955.0,1.138618925831202,0.48805290200808976,1.0,1.0,1.0,1.0,1.0,1.0,2.0,3.0,6.0
CR559Q03VS,1955.0,0.015345268542199489,0.1310137661899947,0.0,0.0,0.0,0.0,0.0,0.0,0.0,1.0,2.0
CR559Q06S,1917.0,0.37089201877934275,0.483169648802519,0.0,0.0,0.0,0.0,0.0,1.0,1.0,1.0,1.0
CR559Q06TT,1956.0,80980.26124744376,73468.93238140305,90.0,1909.55,5259.75,36355.0,70144.0,109187.0,192600.5,284995.7500000002,1854186.0
CR559Q06F,1926.0,64059.460539979234,68459.90401633247,2.0,39.5,2311.25,24266.75,52112.5,86405.5,164317.5,255881.75,1838494.0
CR559Q06A,1956.0,2.905930470347648,16.993525037504085,0.0,0.0,1.0,1.0,2.0,3.0,6.0,15.0,737.0
CR559Q06V,1956.0,1.1017382413087935,0.41007396873745466,1.0,1.0,1.0,1.0,1.0,1.0,2.0,3.0,5.0
CR559Q06VS,1956.0,0.011758691206543968,0.11692905603130961,0.0,0.0,0.0,0.0,0.0,0.0,0.0,1.0,2.0
CR559Q08TT,1955.0,227584.11508951406,171722.455128405,2127.0,4855.0599999999995,19432.6,107524.5,188199.0,307369.5,543722.3999999999,810992.8000000003,1450677.0
CR559Q08F,1857.0,32117.038772213247,36488.274071047,1.0,8.559999999999999,1851.8000000000002,11346.0,23315.0,41849.0,89484.39999999998,142823.40000000008,809532.0
CR559Q08A,1955.0,168.01943734015344,154.90924681870717,0.0,0.0,0.7000000000000028,27.0,147.0,252.0,447.5999999999999,636.9200000000001,1973.0
CR559Q08V,1955.0,1.0460358056265984,0.22606144205782672,1.0,1.0,1.0,1.0,1.0,1.0,1.0,2.0,3.0
CR559Q08VS,1955.0,0.0005115089514066496,0.02261656365159503,0.0,0.0,0.0,0.0,0.0,0.0,0.0,0.0,1.0
CR404Q03S,455.0,0.6461538461538462,0.47868848273579445,0.0,0.0,0.0,0.0,1.0,1.0,1.0,1.0,1.0
CR404Q03TT,470.0,86799.29574468086,74755.19977105274,25.0,624.89,6737.450000000001,28498.5,65519.0,125593.0,236333.59999999986,328029.4,382290.0
CR404Q03F,459.0,60015.59912854031,61556.34474391705,3.0,1006.24,2089.9,13646.0,37266.0,90674.5,187961.09999999998,255590.4,323954.0
CR404Q03A,470.0,3.6340425531914895,10.584118863139226,0.0,0.0,1.0,1.0,2.0,3.75,8.549999999999955,19.24000000000001,193.0
CR404Q03V,470.0,1.1382978723404256,0.5767540933684059,1.0,1.0,1.0,1.0,1.0,1.0,2.0,3.0,9.0
CR404Q03VS,470.0,0.014893617021276596,0.16581995451467074,0.0,0.0,0.0,0.0,0.0,0.0,0.0,0.3100000000000023,3.0
CR404Q06S,457.0,0.350109409190372,0.47752673877908897,0.0,0.0,0.0,0.0,0.0,1.0,1.0,1.0,1.0
CR404Q06TT,469.0,51006.58635394456,53561.136742861476,300.0,518.68,4728.6,22207.0,42029.0,66514.0,114141.19999999988,183798.47999999984,896494.0
CR404Q06F,461.0,19017.295010845988,45145.02316770676,2.0,289.20000000000016,2136.0,6258.0,11103.0,20313.0,51411.0,120945.5999999998,886436.0
CR404Q06A,469.0,3.4264392324093818,8.378430813233033,0.0,0.0,1.0,2.0,2.0,4.0,7.0,12.319999999999993,178.0
CR404Q06V,469.0,1.1940298507462686,0.6783326774741514,1.0,1.0,1.0,1.0,1.0,1.0,2.0,4.0,8.0
CR404Q06VS,469.0,0.03837953091684435,0.2667835018232549,0.0,0.0,0.0,0.0,0.0,0.0,0.0,1.0,4.0
CR404Q07S,451.0,0.1130820399113082,0.3170447425996081,0.0,0.0,0.0,0.0,0.0,0.0,1.0,1.0,1.0
CR404Q07TT,466.0,60311.65450643777,37397.27111898733,68.0,332.65000000000003,10627.5,35913.25,54972.5,77964.25,119521.0,181180.80000000034,310026.0
CR404Q07F,455.0,13606.25934065934,15297.30828928253,3.0,1240.5,2798.5,5921.5,9754.0,15993.5,35287.19999999999,62554.51999999977,192442.0
CR404Q07A,466.0,6.278969957081545,3.8881496015234114,0.0,0.0,3.0,4.0,6.0,7.0,11.0,17.0,65.0
CR404Q07V,466.0,1.238197424892704,0.6567434906814793,1.0,1.0,1.0,1.0,1.0,1.0,2.75,4.0,6.0
CR404Q07VS,466.0,0.03862660944206009,0.21404813562767533,0.0,0.0,0.0,0.0,0.0,0.0,0.0,1.0,2.0
CR404Q10TT,464.0,157875.9525862069,109170.00196844555,1532.0,2159.72,6964.600000000002,81483.5,144977.0,214879.75,358674.39999999973,469218.0400000001,659244.0
CR404Q10F,425.0,22736.47294117647,22282.648598219705,2.0,20.08000000000001,2138.2000000000003,8744.0,16863.0,27294.0,62398.79999999999,117308.07999999994,179470.0
CR404Q10A,464.0,137.22629310344828,125.86010986545224,0.0,0.0,0.0,14.75,123.0,206.0,363.84999999999997,555.33,735.0
CR404Q10V,464.0,1.1206896551724137,0.38671619484722414,1.0,1.0,1.0,1.0,1.0,1.0,2.0,3.0,4.0
CR404Q10VS,464.0,0.0021551724137931034,0.046423834544262965,0.0,0.0,0.0,0.0,0.0,0.0,0.0,0.0,1.0
CR565Q01S,535.0,0.6467289719626168,0.47843333534442534,0.0,0.0,0.0,0.0,1.0,1.0,1.0,1.0,1.0
CR565Q01TT,563.0,64687.092362344585,47369.04130586776,30.0,249.72,4532.000000000001,34361.0,56484.0,86988.5,152417.99999999997,212593.37999999998,399535.0
CR565Q01F,541.0,34601.58225508318,27473.357996618306,2.0,18.400000000000006,2312.0,18797.0,31825.0,46445.0,75037.0,108261.00000000004,395916.0
CR565Q01A,563.0,4.571936056838366,4.384507785669263,0.0,0.0,1.0,1.0,4.0,6.0,13.0,22.0,33.0
CR565Q01V,563.0,1.1829484902309058,0.5029385278763694,1.0,1.0,1.0,1.0,1.0,1.0,2.0,3.0,7.0
CR565Q01VS,563.0,0.03019538188277087,0.171276755231262,0.0,0.0,0.0,0.0,0.0,0.0,0.0,1.0,1.0
CR565Q02TT,561.0,126614.1568627451,128846.53988944559,23.0,219.8,3483.0,43891.0,104533.0,173093.0,324714.0,466595.99999999953,1868391.0
CR565Q02F,483.0,17367.08281573499,19485.94357312563,1.0,17.840000000000003,1271.2,6973.0,12706.0,21980.5,51152.999999999985,92127.12000000001,250294.0
CR565Q02A,561.0,110.57754010695187,106.86674677410639,0.0,0.0,0.0,6.0,97.0,183.0,298.0,431.7999999999993,612.0
CR565Q02V,561.0,1.2352941176470589,0.6108266887567038,1.0,1.0,1.0,1.0,1.0,1.0,2.0,3.0,9.0
CR565Q02VS,561.0,0.0392156862745098,0.21186777759270717,0.0,0.0,0.0,0.0,0.0,0.0,0.0,1.0,2.0
CR565Q03S,517.0,0.7137330754352031,0.4524534649171375,0.0,0.0,0.0,0.0,1.0,1.0,1.0,1.0,1.0
CR565Q03TT,555.0,46961.34414414415,35574.87466177282,17.0,120.16,1851.0,25530.5,40569.0,61749.0,103036.89999999998,162123.86000000025,367581.0
CR565Q03F,525.0,18033.929523809526,17055.393730496977,7.0,730.64,2617.2000000000003,6561.0,12104.0,24212.0,53581.39999999997,82580.87999999995,113401.0
CR565Q03A,555.0,4.882882882882883,4.480883460181904,0.0,0.0,0.0,2.0,4.0,7.0,13.0,21.0,34.0
CR565Q03V,555.0,1.1801801801801801,0.5794027517227879,1.0,1.0,1.0,1.0,1.0,1.0,2.0,3.0,7.0
CR565Q03VS,555.0,0.07747747747747748,0.32818412016745646,0.0,0.0,0.0,0.0,0.0,0.0,1.0,2.0,3.0
CR565Q05TT,551.0,91135.92558983665,78462.00414498206,32.0,113.0,850.5,32051.5,76280.0,134850.0,229087.5,353585.0,623289.0
CR565Q05F,473.0,10155.923890063425,9430.7611759922,2.0,5.0,938.0,4867.0,7992.0,12113.0,25647.399999999998,48255.07999999983,73744.0
CR565Q05A,551.0,95.25771324863884,88.89398593747595,0.0,0.0,0.0,12.0,81.0,141.5,256.0,376.5,544.0
CR565Q05V,551.0,1.1633393829401089,0.5175105717591938,1.0,1.0,1.0,1.0,1.0,1.0,2.0,3.0,5.0
CR565Q05VS,551.0,0.05989110707803993,0.2523475001818819,0.0,0.0,0.0,0.0,0.0,0.0,1.0,1.0,2.0
CR565Q08S,504.0,0.5476190476190477,0.4982217740100281,0.0,0.0,0.0,0.0,1.0,1.0,1.0,1.0,1.0
CR565Q08TT,546.0,31778.172161172162,24855.193491882736,18.0,111.7,812.0,15545.0,26843.0,43045.25,75301.5,108553.39999999953,215224.0
CR565Q08F,513.0,10495.130604288499,10751.352727957355,2.0,6.12,1970.4,4176.0,7199.0,12650.0,30039.799999999985,49110.35999999999,89044.0
CR565Q08A,546.0,2.8864468864468864,2.0971626559307825,0.0,0.0,0.0,2.0,3.0,3.0,7.0,11.0,17.0
CR565Q08V,546.0,1.1080586080586081,0.3846231138115063,1.0,1.0,1.0,1.0,1.0,1.0,2.0,3.0,3.0
CR565Q08VS,546.0,0.056776556776556776,0.24696293500426458,0.0,0.0,0.0,0.0,0.0,0.0,1.0,1.0,2.0
CR565Q09S,503.0,0.36779324055666,0.4826847446761328,0.0,0.0,0.0,0.0,0.0,1.0,1.0,1.0,1.0
CR565Q09TT,546.0,30953.507326007326,22185.836978439445,1088.0,2068.25,3585.25,16311.5,27838.0,40524.75,67215.75,112245.49999999991,204812.0
CR565Q09F,525.0,18963.67619047619,16213.422082458563,1.0,3.4800000000000004,1217.8000000000002,6347.0,16216.0,26484.0,49012.19999999993,65204.479999999996,132663.0
CR565Q09A,546.0,2.54029304029304,3.3841545372985626,0.0,0.0,1.0,1.0,2.0,3.0,7.0,11.099999999999909,64.0
CR565Q09V,546.0,1.0512820512820513,0.24443945448026638,1.0,1.0,1.0,1.0,1.0,1.0,1.0,2.0,3.0
CR565Q09VS,546.0,0.0,0.0,0.0,0.0,0.0,0.0,0.0,0.0,0.0,0.0,0.0
CR547Q02S,469.0,0.5394456289978679,0.4989738527130691,0.0,0.0,0.0,0.0,1.0,1.0,1.0,1.0,1.0
CR547Q02TT,486.0,51840.50617283951,39691.67293722491,44.0,612.3500000000001,8362.0,24534.5,40208.5,69225.75,134946.5,184620.79999999978,246381.0
CR547Q02F,473.0,35956.15221987315,31874.359224634103,3.0,1026.24,3837.4000000000005,13687.0,25927.0,49661.0,101790.0,152449.36,190285.0
CR547Q02A,486.0,2.837448559670782,3.3429903386885416,0.0,0.0,1.0,1.0,2.0,3.0,8.0,16.149999999999977,35.0
CR547Q02V,486.0,1.1152263374485596,0.37319275885749903,1.0,1.0,1.0,1.0,1.0,1.0,2.0,3.0,4.0
CR547Q02VS,486.0,0.01646090534979424,0.12737081797876904,0.0,0.0,0.0,0.0,0.0,0.0,0.0,1.0,1.0
CR547Q07SF,449.0,0.8240534521158129,0.381199419118778,0.0,0.0,0.0,1.0,1.0,1.0,1.0,1.0,1.0
CR547Q09TT,475.0,94587.58105263158,76716.32285953117,17.0,100.7,15945.300000000007,56718.0,81620.0,114638.5,204469.0,361662.5199999998,1086587.0
CR547Q09F,438.0,19775.23515981735,15199.400820177072,2.0,44.22,2054.05,9515.0,16875.5,26535.0,45655.79999999998,72846.88999999991,144357.0
CR547Q09A,475.0,54.246315789473684,47.1456174286335,0.0,0.0,0.0,22.5,55.0,70.5,111.0,216.77999999999997,584.0
CR547Q09V,475.0,1.3726315789473684,0.8280985929171619,1.0,1.0,1.0,1.0,1.0,1.0,3.0,5.0,5.0
CR547Q09VS,475.0,0.08,0.3405133875321315,0.0,0.0,0.0,0.0,0.0,0.0,1.0,1.259999999999991,4.0
CR547Q10S,403.0,0.24813895781637718,0.43246977928628266,0.0,0.0,0.0,0.0,0.0,0.0,1.0,1.0,1.0
CR547Q10TT,472.0,82973.15889830509,47688.248434000336,1842.0,2296.88,5253.750000000001,52555.0,81822.0,111422.5,159310.69999999998,207912.98000000004,276249.0
CR547Q10F,425.0,30007.402352941175,21990.82107145371,3.0,161.92000000000004,2554.4,10888.0,27727.0,43626.0,69039.2,91337.35999999999,133358.0
CR547Q10A,472.0,11.177966101694915,10.027038906390608,0.0,0.0,0.0,4.0,9.0,15.0,28.899999999999977,43.87000000000006,86.0
CR547Q10V,472.0,1.1546610169491525,0.41651100046570483,1.0,1.0,1.0,1.0,1.0,1.0,2.0,3.0,3.0
CR547Q10VS,472.0,0.0,0.0,0.0,0.0,0.0,0.0,0.0,0.0,0.0,0.0,0.0
CR547Q03S,466.0,0.6030042918454935,0.4898009119171521,0.0,0.0,0.0,0.0,1.0,1.0,1.0,1.0,1.0
CR547Q03TT,483.0,40125.674948240165,28895.31780065347,110.0,371.4800000000001,6599.000000000001,19882.0,32700.0,55995.0,89915.29999999999,141368.58000000002,171325.0
CR547Q03F,471.0,28965.8025477707,23404.78658684636,1.0,37.10000000000001,3274.0,12766.5,22028.0,39948.0,71765.0,110755.80000000009,165586.0
CR547Q03A,483.0,2.339544513457557,2.2147724983590233,0.0,0.0,1.0,1.0,2.0,3.0,6.0,11.0,28.0
CR547Q03V,483.0,1.1490683229813665,0.45381527111980113,1.0,1.0,1.0,1.0,1.0,1.0,2.0,3.0,4.0
CR547Q03VS,483.0,0.018633540372670808,0.1499121328859089,0.0,0.0,0.0,0.0,0.0,0.0,0.0,1.0,2.0
CR547Q06S,460.0,0.5413043478260869,0.4988335356382443,0.0,0.0,0.0,0.0,1.0,1.0,1.0,1.0,1.0
CR547Q06TT,480.0,69335.47916666667,47363.43060527844,49.0,376.9,7190.250000000002,42503.75,61346.0,86424.75,151131.14999999997,208645.86999999956,557017.0
CR547Q06F,462.0,53539.181818181816,42369.29376208029,2.0,1048.0600000000002,3564.15,31525.0,47089.5,69374.75,126235.84999999995,163292.1999999999,555101.0
CR547Q06A,480.0,2.73125,3.825071464940203,0.0,0.0,1.0,1.0,2.0,3.0,8.0,15.419999999999959,58.0
CR547Q06V,480.0,1.25,0.7195452054693905,1.0,1.0,1.0,1.0,1.0,1.0,2.0499999999999545,5.0,7.0
CR547Q06VS,480.0,0.04375,0.23334389577445203,0.0,0.0,0.0,0.0,0.0,0.0,0.0,1.0,3.0
CR547Q07TT,477.0,78676.60587002097,46365.3944912769,19.0,251.11999999999998,14217.2,47186.0,72140.0,99858.0,165606.8,218707.72,325510.0
CR547Q07F,461.0,27953.190889370933,21433.513733687665,3.0,311.0000000000001,3101.0,13661.0,23345.0,36481.0,68860.0,98621.59999999993,153771.0
CR547Q07A,477.0,11.09014675052411,6.3037809932096955,0.0,0.0,6.0,7.0,10.0,13.0,23.0,32.72000000000003,42.0
CR547Q07SA,456.0,0.668859649122807,0.471140321174446,0.0,0.0,0.0,0.0,1.0,1.0,1.0,1.0,1.0
CR547Q07SB,453.0,0.7682119205298014,0.4224408940581283,0.0,0.0,0.0,1.0,1.0,1.0,1.0,1.0,1.0
CR547Q07SC,454.0,0.5859030837004405,0.49310875743301946,0.0,0.0,0.0,0.0,1.0,1.0,1.0,1.0,1.0
CR547Q07SD,452.0,0.504424778761062,0.5005344160457824,0.0,0.0,0.0,0.0,1.0,1.0,1.0,1.0,1.0
CR547Q07SE,446.0,0.5224215246636771,0.5000579399089516,0.0,0.0,0.0,0.0,1.0,1.0,1.0,1.0,1.0
CR547Q07V,477.0,1.4423480083857443,0.890737314065906,1.0,1.0,1.0,1.0,1.0,2.0,3.1999999999999886,5.0,5.0
CR547Q07VS,477.0,0.04612159329140461,0.20996860983676538,0.0,0.0,0.0,0.0,0.0,0.0,0.0,1.0,1.0
CR558Q02S,486.0,0.6172839506172839,0.4865506930811655,0.0,0.0,0.0,0.0,1.0,1.0,1.0,1.0,1.0
CR558Q02TT,502.0,125162.80876494024,79529.60371497623,66.0,1481.54,20585.95,67747.0,116620.0,166319.0,268052.14999999997,378709.27,508182.0
CR558Q02F,491.0,76432.08553971487,65420.652749543406,18.0,1605.0000000000002,4020.0,24945.5,60666.0,106239.0,202714.0,275256.1000000005,356561.0
CR558Q02A,502.0,6.346613545816733,28.464976176848605,0.0,0.0,3.0,3.0,4.0,6.0,11.0,21.970000000000027,638.0
CR558Q10SB,465.0,0.43010752688172044,0.4956241593975911,0.0,0.0,0.0,0.0,0.0,1.0,1.0,1.0,1.0
CR558Q10SC,466.0,0.9098712446351931,0.28667388941142774,0.0,0.0,0.0,1.0,1.0,1.0,1.0,1.0,1.0
CR558Q10SD,466.0,0.5429184549356223,0.4986899631610883,0.0,0.0,0.0,0.0,1.0,1.0,1.0,1.0,1.0
CR558Q12TT,484.0,99778.09504132232,75668.78918850154,1604.0,2494.17,13161.2,49355.0,83068.0,129611.0,240970.54999999993,357027.09000000014,637789.0
CR558Q12F,472.0,17519.112288135595,16333.49451840278,6.0,492.44,3756.65,9606.0,13592.0,20555.0,41922.69999999999,73396.11000000022,233822.0
CR558Q12A,484.0,109.37809917355372,98.7555046855422,0.0,0.0,1.0,39.0,84.0,155.0,308.24999999999983,459.8500000000001,544.0
CR558Q12V,484.0,1.0475206611570247,0.23159821348941237,1.0,1.0,1.0,1.0,1.0,1.0,1.0,2.0,3.0
CR558Q12VS,484.0,0.0,0.0,0.0,0.0,0.0,0.0,0.0,0.0,0.0,0.0,0.0
CR558Q02SA,484.0,0.8243801652892562,0.38089008225608767,0.0,0.0,0.0,1.0,1.0,1.0,1.0,1.0,1.0
CR558Q02SB,485.0,0.9278350515463918,0.25902800992532726,0.0,0.0,0.0,1.0,1.0,1.0,1.0,1.0,1.0
CR558Q02SC,485.0,0.7154639175257732,0.4516590643050561,0.0,0.0,0.0,0.0,1.0,1.0,1.0,1.0,1.0
CR558Q02V,502.0,1.0577689243027888,0.28016498274289664,1.0,1.0,1.0,1.0,1.0,1.0,1.0,2.0,4.0
CR558Q02VS,502.0,0.0099601593625498,0.09940139401492457,0.0,0.0,0.0,0.0,0.0,0.0,0.0,0.0,1.0
CR558Q04TT,499.0,110315.75150300602,91157.16874735913,59.0,416.42,7611.400000000001,51142.0,86591.0,143891.5,291627.09999999986,458084.4999999998,663698.0
CR558Q04F,458.0,25449.63755458515,30560.569562677665,2.0,1071.27,2125.55,6062.5,13016.0,33214.0,84470.54999999994,131118.5200000002,266954.0
CR558Q04A,499.0,95.64929859719439,78.86806668277175,0.0,0.0,0.0,46.5,80.0,125.0,238.49999999999983,362.49999999999955,598.0
CR558Q04V,499.0,1.1142284569138277,0.44017379270346785,1.0,1.0,1.0,1.0,1.0,1.0,2.0,3.0,5.0
CR558Q04VS,499.0,0.02004008016032064,0.1402779741689384,0.0,0.0,0.0,0.0,0.0,0.0,0.0,1.0,1.0
CR558Q06S,474.0,0.7510548523206751,0.4328588102690853,0.0,0.0,0.0,1.0,1.0,1.0,1.0,1.0,1.0
CR558Q06TT,493.0,64056.62677484787,42223.15476892872,54.0,393.36,6344.2,35056.0,59061.0,85854.0,134520.4,175916.55999999994,326747.0
CR558Q06F,477.0,48530.9035639413,40823.25864826263,2.0,956.3999999999999,3269.6,18257.0,39480.0,71526.0,114703.2,172777.6,325015.0
CR558Q06A,493.0,2.4868154158215012,2.7464553282969986,0.0,0.0,1.0,1.0,2.0,3.0,7.0,9.0,37.0
CR558Q06V,493.0,1.1196754563894524,0.4978391275265402,1.0,1.0,1.0,1.0,1.0,1.0,2.0,3.0,7.0
CR558Q06VS,493.0,0.04462474645030426,0.21629857214784795,0.0,0.0,0.0,0.0,0.0,0.0,0.0,1.0,2.0
CR558Q09S,384.0,0.7552083333333334,0.4305245550665266,0.0,0.0,0.0,1.0,1.0,1.0,1.0,1.0,1.0
CR558Q09TT,490.0,54044.05510204082,103238.11676334249,23.0,509.69999999999993,2700.3,24572.25,45706.5,65527.25,106215.09999999989,143721.13000000082,1610397.0
CR558Q09F,403.0,40014.41687344913,83605.47069453434,2.0,1543.88,3385.2,15731.0,32065.0,49536.0,82451.39999999994,124894.92000000003,1582115.0
CR558Q09A,490.0,3.216326530612245,5.751690315746472,0.0,0.0,0.0,1.0,1.0,3.0,13.0,31.0,45.0
CR558Q09V,490.0,1.1693877551020408,0.5444285879482434,1.0,1.0,1.0,1.0,1.0,1.0,2.0,3.1100000000000136,6.0
CR558Q09VS,490.0,0.0326530612244898,0.19957803656658035,0.0,0.0,0.0,0.0,0.0,0.0,0.0,1.0,2.0
CR558Q10S,469.0,0.7782515991471215,0.8306857509940136,0.0,0.0,0.0,0.0,1.0,2.0,2.0,2.0,2.0
CR558Q10TT,488.0,56601.30122950819,36363.30508504201,68.0,399.71,10056.900000000001,32610.25,48066.5,73666.5,128038.19999999994,176994.72999999998,247906.0
CR558Q10F,473.0,20591.750528541226,18480.017108075164,3.0,424.07999999999987,3191.8,9117.0,15664.0,25972.0,54197.39999999999,91548.31999999967,146446.0
CR558Q10A,488.0,6.528688524590164,3.8460087209246705,0.0,0.0,4.0,4.0,6.0,8.0,12.0,22.129999999999995,48.0
CR558Q10SA,469.0,0.8038379530916845,0.397516574089865,0.0,0.0,0.0,1.0,1.0,1.0,1.0,1.0,1.0
CR558Q10V,488.0,1.1413934426229508,0.46487253438098447,1.0,1.0,1.0,1.0,1.0,1.0,2.0,3.0,5.0
CR558Q10VS,488.0,0.03278688524590164,0.18943019408570047,0.0,0.0,0.0,0.0,0.0,0.0,0.0,1.0,2.0
CR455Q02TT,571.0,131228.73380035025,104768.84253440614,620.0,1428.7,9376.0,64824.0,114032.0,171372.0,311004.0,473182.2999999994,1080069.0
CR455Q02F,522.0,54795.98275862069,46012.1138257702,694.0,1367.78,4104.95,21678.25,44982.5,76616.5,134082.5,206459.99,340899.0
CR455Q02A,571.0,81.3047285464098,73.61270124522783,0.0,0.0,0.0,33.0,65.0,111.5,220.5,366.29999999999995,422.0
CR455Q02V,571.0,1.0683012259194395,0.2851169418103148,1.0,1.0,1.0,1.0,1.0,1.0,2.0,2.0,3.0
CR455Q02VS,571.0,0.0017513134851138354,0.04184869753186873,0.0,0.0,0.0,0.0,0.0,0.0,0.0,0.0,1.0
CR455Q03TT,555.0,97772.96396396396,73479.24257797323,56.0,400.78,3098.200000000001,51342.5,87074.0,131790.5,226372.1999999998,326300.40000000014,753644.0
CR455Q03F,505.0,29195.148514851484,40258.18399711737,3.0,8.84,1805.4000000000003,8547.0,18909.0,41372.0,83926.7999999999,134997.83999999982,674207.0
CR455Q03A,555.0,49.30810810810811,40.454420434556624,0.0,0.0,0.0,15.0,45.0,71.5,117.59999999999991,173.0600000000004,246.0
CR455Q03V,555.0,1.172972972972973,0.5330157281133792,1.0,1.0,1.0,1.0,1.0,1.0,2.0,3.4600000000000364,6.0
CR455Q03VS,555.0,0.04504504504504504,0.2322153312362131,0.0,0.0,0.0,0.0,0.0,0.0,0.0,1.0,2.0
CR455Q04S,519.0,0.45857418111753373,0.4987616806463115,0.0,0.0,0.0,0.0,0.0,1.0,1.0,1.0,1.0
CR455Q04TT,550.0,41628.93454545455,50753.149034922935,157.0,343.96,3492.15,18324.5,34402.5,54490.0,95758.29999999996,140445.96,963475.0
CR455Q04F,527.0,33626.11954459203,49576.70240747916,1.0,5.52,1940.1,12197.0,24993.0,43380.5,81609.09999999998,132219.4400000001,957608.0
CR455Q04A,550.0,2.4745454545454546,5.619239594299988,0.0,0.0,1.0,1.0,2.0,3.0,6.0,10.509999999999991,125.0
CR455Q04V,550.0,1.1872727272727273,0.559258729223737,1.0,1.0,1.0,1.0,1.0,1.0,2.0,3.509999999999991,5.0
CR455Q04VS,550.0,0.03272727272727273,0.17808385640080132,0.0,0.0,0.0,0.0,0.0,0.0,0.0,1.0,1.0
CR455Q05S,524.0,0.13931297709923665,0.3466037148208888,0.0,0.0,0.0,0.0,0.0,0.0,1.0,1.0,1.0
CR455Q05TT,547.0,52317.54844606947,58687.01898569729,918.0,2179.32,8676.2,27697.0,44947.0,65286.0,108112.49999999997,149436.7599999993,1007581.0
CR455Q05F,540.0,17041.609259259258,33929.52037061351,2.0,6.39,1199.75,5388.5,11408.0,20517.5,47356.9,77955.4500000001,722519.0
CR455Q05A,547.0,6.138939670932358,3.0829320355651983,0.0,0.0,4.0,4.0,5.0,7.0,11.0,16.0,33.0
CR455Q05V,547.0,1.0840950639853748,0.3318601890638304,1.0,1.0,1.0,1.0,1.0,1.0,2.0,3.0,4.0
CR455Q05VS,547.0,0.0,0.0,0.0,0.0,0.0,0.0,0.0,0.0,0.0,0.0,0.0
CR540Q01S,663.0,0.40874811463046756,0.49197373762458196,0.0,0.0,0.0,0.0,0.0,1.0,1.0,1.0,1.0
CR540Q01TT,695.0,70087.86762589928,59405.343162830824,683.0,1908.92,4331.5,27959.0,57056.0,93191.5,191345.59999999998,275119.09999999916,373419.0
CR540Q01F,672.0,59487.005952380954,53670.31531450356,1148.0,1549.47,2926.25,19791.75,49312.0,80229.75,168055.65,258314.12999999992,302538.0
CR540Q01A,695.0,2.1683453237410073,2.8707266441781067,0.0,0.0,1.0,1.0,2.0,2.0,5.0,11.11999999999989,50.0
CR540Q01V,695.0,1.0489208633093525,0.23503231321002635,1.0,1.0,1.0,1.0,1.0,1.0,1.0,2.0,3.0
CR540Q01VS,695.0,0.0014388489208633094,0.03793216209054407,0.0,0.0,0.0,0.0,0.0,0.0,0.0,0.0,1.0
CR540Q03S,655.0,0.6320610687022901,0.4826131683564254,0.0,0.0,0.0,0.0,1.0,1.0,1.0,1.0,1.0
CR540Q03TT,689.0,25831.824383164007,28200.231825642604,52.0,314.76,2681.2,9527.0,18114.0,31948.0,74390.40000000004,115587.48000000011,307881.0
CR540Q03F,663.0,19344.625942684765,23241.705862926286,4.0,226.44000000000003,1541.1000000000001,5677.0,12505.0,25454.0,60257.899999999994,89574.25999999998,244595.0
CR540Q03A,689.0,1.9637155297532656,1.6336277615004906,0.0,0.0,1.0,1.0,2.0,2.0,5.0,9.0,14.0
CR540Q03V,689.0,1.1059506531204644,0.4499121398760626,1.0,1.0,1.0,1.0,1.0,1.0,2.0,3.0,5.0
CR540Q03VS,689.0,0.02467343976777939,0.155240583749699,0.0,0.0,0.0,0.0,0.0,0.0,0.0,1.0,1.0
CR540Q04TT,684.0,93624.34356725146,92224.87530258443,45.0,232.58,1848.55,29434.5,73855.5,131211.75,241680.2,400806.3,979747.0
CR540Q04F,540.0,32705.11111111111,34045.79845110348,2.0,11.019999999999994,1098.0,8935.75,23806.5,43746.0,100756.99999999996,147918.77000000002,254556.0
CR540Q04A,684.0,50.171052631578945,61.043020459077525,0.0,0.0,0.0,1.0,27.0,84.25,162.55000000000007,244.8899999999993,461.0
CR540Q04V,684.0,1.0921052631578947,0.4034938344120874,1.0,1.0,1.0,1.0,1.0,1.0,2.0,3.0,6.0
CR540Q04VS,684.0,0.023391812865497075,0.15125502783967848,0.0,0.0,0.0,0.0,0.0,0.0,0.0,1.0,1.0
CR540Q05S,630.0,0.37777777777777777,0.48521689524936723,0.0,0.0,0.0,0.0,0.0,1.0,1.0,1.0,1.0
CR540Q05TT,675.0,37153.00148148148,71699.34636129187,143.0,295.90000000000003,1647.8,9082.0,24990.0,47578.0,103765.49999999999,151995.96,1678597.0
CR540Q05F,643.0,31044.489891135305,71492.29355175832,2.0,21.18,1517.0,6482.5,19200.0,40405.0,90929.19999999995,141931.54000000024,1673140.0
CR540Q05A,675.0,2.0148148148148146,1.8375621880721265,0.0,0.0,1.0,1.0,2.0,2.0,5.0,12.0,17.0
CR540Q05V,675.0,1.0696296296296297,0.3524551603684324,1.0,1.0,1.0,1.0,1.0,1.0,1.0,3.0,5.0
CR540Q05VS,675.0,0.023703703703703703,0.15223722674118442,0.0,0.0,0.0,0.0,0.0,0.0,0.0,1.0,1.0
CR540Q06S,626.0,0.426517571884984,0.49496635571595654,0.0,0.0,0.0,0.0,0.0,1.0,1.0,1.0,1.0
CR540Q06TT,674.0,34259.06528189911,68587.06397589688,1768.0,2152.6,3507.65,10695.5,21600.5,39339.0,102327.90000000004,155228.1899999999,1591223.0
CR540Q06F,644.0,25917.85403726708,67791.27609245194,1.0,21.869999999999997,1146.6,4995.5,14296.0,30337.25,80644.65000000001,140862.2100000001,1584057.0
CR540Q06A,674.0,2.1468842729970326,2.372595664808397,0.0,0.0,1.0,1.0,2.0,2.0,5.0,11.0,36.0
CR540Q06V,674.0,1.0341246290801187,0.1896862723512433,1.0,1.0,1.0,1.0,1.0,1.0,1.0,2.0,3.0
CR540Q06VS,674.0,0.0,0.0,0.0,0.0,0.0,0.0,0.0,0.0,0.0,0.0,0.0
CR542Q01S,661.0,0.47655068078668683,0.4998280546047714,0.0,0.0,0.0,0.0,0.0,1.0,1.0,1.0,1.0
CR542Q01TT,707.0,42407.23620933522,40150.95058628587,140.0,436.94000000000005,3277.7000000000007,16012.5,36540.0,58263.5,100546.09999999995,147992.37999999968,657387.0
CR542Q01F,668.0,33678.48802395209,29280.449936196732,5.0,27.409999999999997,2642.15,10905.25,27956.5,47527.25,88139.34999999999,124033.31000000022,262107.0
CR542Q01A,707.0,2.0834512022630833,2.557573981901344,0.0,0.0,0.0,1.0,2.0,2.0,5.0,12.93999999999994,32.0
CR542Q01V,707.0,1.1966053748231966,0.531809478467149,1.0,1.0,1.0,1.0,1.0,1.0,2.0,3.0,6.0
CR542Q01VS,707.0,0.018387553041018388,0.14459556673186133,0.0,0.0,0.0,0.0,0.0,0.0,0.0,1.0,2.0
CR542Q02TT,703.0,72305.8278805121,81913.93082802372,81.0,370.46000000000004,2415.1,34162.5,59023.0,93893.0,166148.69999999998,283212.98000000004,1606844.0
CR542Q02F,632.0,20850.82594936709,66633.9499995086,1.0,3.0,1635.4,4673.75,10922.0,23808.0,65857.89999999995,111735.76999999862,1582104.0
CR542Q02A,703.0,57.66571834992887,50.332688678333845,0.0,0.0,0.0,30.5,49.0,76.0,134.0,219.96000000000004,680.0
CR542Q02V,703.0,1.2119487908961593,0.6031961762175898,1.0,1.0,1.0,1.0,1.0,1.0,2.0,3.0,7.0
CR542Q02VS,703.0,0.02702702702702703,0.18676465104787598,0.0,0.0,0.0,0.0,0.0,0.0,0.0,1.0,2.0
CR542Q05S,656.0,0.7042682926829268,0.4567192144920563,0.0,0.0,0.0,0.0,1.0,1.0,1.0,1.0,1.0
CR542Q05TT,696.0,37792.33764367816,27129.18496797941,95.0,429.3,3667.5,18455.5,33648.5,50972.25,89568.5,124886.09999999982,187362.0
CR542Q05F,666.0,29949.615615615614,23863.717965674576,2.0,175.6500000000001,2226.75,11390.5,25930.0,41789.5,75421.25,106480.40000000004,185142.0
CR542Q05A,696.0,2.103448275862069,2.1351972342093926,0.0,0.0,1.0,1.0,2.0,2.0,6.0,11.049999999999955,21.0
CR542Q05V,696.0,1.1580459770114941,0.5785306897945449,1.0,1.0,1.0,1.0,1.0,1.0,2.0,3.0,9.0
CR542Q05VS,696.0,0.01867816091954023,0.13548306277666863,0.0,0.0,0.0,0.0,0.0,0.0,0.0,1.0,1.0
CR542Q08S,648.0,0.44290123456790126,0.497112754507457,0.0,0.0,0.0,0.0,0.0,1.0,1.0,1.0,1.0
CR542Q08TT,688.0,39717.12209302326,31804.215519653808,108.0,406.88,2840.9500000000003,17547.75,35957.5,52840.0,94995.04999999997,144007.07,359367.0
CR542Q08F,656.0,33822.98932926829,29454.749602741344,1.0,16.999999999999996,2232.75,12744.5,27817.0,47634.75,83369.5,120335.65000000045,355738.0
CR542Q08A,688.0,1.8619186046511629,2.410518636760282,0.0,0.0,1.0,1.0,1.0,2.0,4.0,7.0,52.0
CR542Q08V,688.0,1.1104651162790697,0.42416911015180414,1.0,1.0,1.0,1.0,1.0,1.0,2.0,3.0,6.0
CR542Q08VS,688.0,0.02616279069767442,0.1686018788387315,0.0,0.0,0.0,0.0,0.0,0.0,0.0,1.0,2.0
CR542Q09S,592.0,0.42567567567567566,0.4948631726147863,0.0,0.0,0.0,0.0,0.0,1.0,1.0,1.0,1.0
CR542Q09TT,684.0,92832.73830409357,89092.96052569489,1418.0,2203.81,7039.0,53625.0,85388.0,116249.75,187950.05000000005,263469.64999999997,1720616.0
CR542Q09F,645.0,27445.13953488372,68468.12929575339,2.0,5.760000000000002,1403.4,4687.0,19884.0,38408.0,69572.99999999994,108045.8799999999,1663284.0
CR542Q09A,684.0,13.437134502923977,20.425499263934874,0.0,0.0,0.0,6.0,9.0,14.0,32.85000000000002,97.16999999999996,356.0
CR542Q09V,684.0,1.04093567251462,0.2193221327310502,1.0,1.0,1.0,1.0,1.0,1.0,1.0,2.0,3.0
CR542Q09VS,684.0,0.0,0.0,0.0,0.0,0.0,0.0,0.0,0.0,0.0,0.0,0.0
CR561Q01S,579.0,0.34024179620034545,0.47420004784698516,0.0,0.0,0.0,0.0,0.0,1.0,1.0,1.0,1.0
CR561Q01TT,604.0,108246.04139072848,85163.46792982367,39.0,1066.99,4591.1,41279.25,99377.0,154889.25,252438.35000000003,352334.06000000006,694726.0
CR561Q01F,587.0,77173.60136286201,71764.29557850031,3.0,13.020000000000003,2395.3,14903.0,60005.0,118973.5,209518.59999999995,315784.17999999993,430627.0
CR561Q01A,604.0,3.293046357615894,6.680971071052627,0.0,0.0,1.0,1.0,2.0,4.0,8.0,15.940000000000055,136.0
CR561Q01V,604.0,1.1324503311258278,0.4374734742206164,1.0,1.0,1.0,1.0,1.0,1.0,2.0,3.0,5.0
CR561Q01VS,604.0,0.011589403973509934,0.1071171625886216,0.0,0.0,0.0,0.0,0.0,0.0,0.0,0.9700000000000273,1.0
CR561Q03S,568.0,0.4665492957746479,0.49931953100024423,0.0,0.0,0.0,0.0,0.0,1.0,1.0,1.0,1.0
CR561Q03TT,598.0,48559.96321070234,42455.17024392736,23.0,321.46,2991.8,14265.25,39860.0,70973.25,132939.8,171489.70999999988,260714.0
CR561Q03F,577.0,37622.01906412478,38027.626562136225,3.0,34.879999999999995,1351.8,9425.0,25121.0,55721.0,117039.79999999984,162075.92,257454.0
CR561Q03A,598.0,2.3645484949832776,2.846293669273807,0.0,0.0,1.0,1.0,2.0,3.0,6.0,12.029999999999973,43.0
CR561Q03V,598.0,1.1806020066889633,0.655469173940252,1.0,1.0,1.0,1.0,1.0,1.0,2.0,4.0,9.0
CR561Q03VS,598.0,0.05016722408026756,0.28501075026770617,0.0,0.0,0.0,0.0,0.0,0.0,0.0,1.0,4.0
CR561Q04S,568.0,0.5774647887323944,0.4943981595881887,0.0,0.0,0.0,0.0,1.0,1.0,1.0,1.0,1.0
CR561Q04TT,593.0,53896.64080944351,38592.41009297832,83.0,414.2,6767.8,26649.0,47454.0,72589.0,128469.99999999999,182558.20000000016,206078.0
CR561Q04F,574.0,21712.364111498257,24635.64853106316,2.0,4.0,1579.0,5509.5,13172.5,29081.75,69420.8,130907.79999999999,175071.0
CR561Q04A,593.0,5.160202360876897,4.472849924317536,0.0,0.0,2.0,3.0,4.0,6.0,10.0,15.320000000000164,85.0
CR561Q04SA,557.0,0.8456014362657092,0.361655176598543,0.0,0.0,0.0,1.0,1.0,1.0,1.0,1.0,1.0
CR561Q04SB,556.0,0.6906474820143885,0.4626429497253636,0.0,0.0,0.0,0.0,1.0,1.0,1.0,1.0,1.0
CR561Q04SC,552.0,0.8007246376811594,0.39981781274053246,0.0,0.0,0.0,1.0,1.0,1.0,1.0,1.0,1.0
CR561Q04V,593.0,1.1821247892074198,0.6832089956218714,1.0,1.0,1.0,1.0,1.0,1.0,2.0,4.080000000000041,10.0
CR561Q04VS,593.0,0.045531197301854974,0.28995181820401483,0.0,0.0,0.0,0.0,0.0,0.0,0.0,1.0,5.0
CR561Q06S,301.0,9.727574750830565,7.134811637216526,0.0,0.0,0.0,0.0,13.0,13.0,21.0,21.0,21.0
CR561Q06TT,587.0,44206.09199318569,42264.663987720705,320.0,643.04,1992.3000000000002,7913.5,37954.0,63251.0,126155.19999999995,186611.02,312886.0
CR561Q06F,379.0,28742.36939313984,29307.12813279882,2.0,83.46000000000001,2480.4,6931.0,20181.0,39791.5,79417.49999999999,118596.37999999984,289970.0
CR561Q06A,587.0,3.335604770017036,5.229687808454929,0.0,0.0,0.0,0.0,1.0,5.0,12.699999999999932,26.0,47.0
CR561Q06V,587.0,1.272572402044293,0.7254378643308959,1.0,1.0,1.0,1.0,1.0,1.0,3.0,4.0,8.0
CR561Q06VS,587.0,0.04088586030664395,0.23737306416595957,0.0,0.0,0.0,0.0,0.0,0.0,0.0,1.0,3.0
CR561Q07TT,582.0,92136.79209621993,74500.26031208024,145.0,264.43,4599.6,38752.0,76063.0,126524.5,241097.24999999997,351513.2199999998,445896.0
CR561Q07F,557.0,24199.88868940754,20613.483241754442,1.0,167.32000000000014,1984.2,9609.0,19768.0,32411.0,61514.59999999999,87922.15999999963,173263.0
CR561Q07A,582.0,76.62542955326461,81.09390175147674,0.0,0.0,1.0,6.0,56.0,116.0,228.8499999999998,353.5599999999986,683.0
CR561Q07V,582.0,1.2233676975945018,0.5939485413142164,1.0,1.0,1.0,1.0,1.0,1.0,2.0,4.0,6.0
CR561Q07VS,582.0,0.05670103092783505,0.2595138642686446,0.0,0.0,0.0,0.0,0.0,0.0,0.0,1.0,2.0
CR561Q08S,332.0,0.5903614457831325,0.4925093175510902,0.0,0.0,0.0,0.0,1.0,1.0,1.0,1.0,1.0
CR561Q08TT,580.0,34700.691379310345,34289.69755168611,1576.0,2255.79,3436.8,7350.75,25848.0,50641.5,94180.59999999993,153569.46000000022,298345.0
CR561Q08F,392.0,25218.88520408163,22151.882918233052,2.0,7.82,2527.05,10122.75,20605.0,33469.5,67364.24999999996,98007.76999999986,220408.0
CR561Q08A,580.0,2.8879310344827585,5.533336795456609,0.0,0.0,0.0,0.0,1.0,3.0,11.0,21.0,87.0
CR561Q08V,580.0,1.0810344827586207,0.3087424470917048,1.0,1.0,1.0,1.0,1.0,1.0,2.0,2.0,4.0
CR561Q08VS,580.0,0.0,0.0,0.0,0.0,0.0,0.0,0.0,0.0,0.0,0.0,0.0
CR564Q01S,667.0,0.44677661169415295,0.49753230343936394,0.0,0.0,0.0,0.0,0.0,1.0,1.0,1.0,1.0
CR564Q01TT,702.0,67301.53133903134,62576.492620861136,135.0,325.24,3536.4500000000003,20650.0,48390.0,99944.5,189029.19999999995,288820.76000000007,402935.0
CR564Q01F,672.0,57465.5625,59538.25661749955,3.0,29.55,1897.9500000000005,15213.25,39116.5,81808.25,166795.44999999995,278233.82999999996,397033.0
CR564Q01A,702.0,2.2792022792022792,2.866321822347809,0.0,0.0,1.0,1.0,2.0,2.0,6.0,13.0,42.0
CR564Q01V,702.0,1.0512820512820513,0.2620936394225229,1.0,1.0,1.0,1.0,1.0,1.0,1.0,2.0,3.0
CR564Q01VS,702.0,0.018518518518518517,0.13491297590981918,0.0,0.0,0.0,0.0,0.0,0.0,0.0,1.0,1.0
CR564Q02S,654.0,0.6452599388379205,0.4788006740468144,0.0,0.0,0.0,0.0,1.0,1.0,1.0,1.0,1.0
CR564Q02TT,696.0,37079.57183908046,33784.85898845298,75.0,380.2,1847.25,11601.0,28568.5,52120.25,99626.5,164410.24999999985,207991.0
CR564Q02F,663.0,30915.485671191553,31670.21397586954,2.0,4.62,1348.0,7664.0,21549.0,44616.5,92277.4,144538.15999999992,200434.0
CR564Q02A,696.0,2.0114942528735633,2.0461959954426368,0.0,0.0,1.0,1.0,2.0,2.0,5.0,11.099999999999909,28.0
CR564Q02V,696.0,1.0775862068965518,0.30771926107543984,1.0,1.0,1.0,1.0,1.0,1.0,2.0,2.0,4.0
CR564Q02VS,696.0,0.03017241379310345,0.1711845287769385,0.0,0.0,0.0,0.0,0.0,0.0,0.0,1.0,1.0
CR564Q03S,639.0,0.4303599374021909,0.49551438903470296,0.0,0.0,0.0,0.0,0.0,1.0,1.0,1.0,1.0
CR564Q03TT,695.0,39879.07769784173,37894.37731169647,153.0,304.44,1704.3000000000002,9054.5,31943.0,58523.0,109200.99999999997,162997.45999999993,276634.0
CR564Q03F,653.0,32413.136294027565,33091.01818017573,2.0,3.5200000000000005,1111.8,5605.0,24095.0,48237.0,93374.19999999997,144007.7200000001,227924.0
CR564Q03A,695.0,2.116546762589928,2.301346464738415,0.0,0.0,0.0,1.0,2.0,2.0,5.0,11.059999999999945,25.0
CR564Q03V,695.0,1.0992805755395683,0.38739066559763086,1.0,1.0,1.0,1.0,1.0,1.0,2.0,3.0,5.0
CR564Q03VS,695.0,0.031654676258992806,0.18324483677595485,0.0,0.0,0.0,0.0,0.0,0.0,0.0,1.0,2.0
CR564Q04S,638.0,0.44043887147335425,0.4968293142810946,0.0,0.0,0.0,0.0,0.0,1.0,1.0,1.0,1.0
CR564Q04TT,692.0,37162.472543352604,45511.82497581005,94.0,270.02,1149.25,8943.5,23234.5,46516.5,124328.59999999979,219548.7200000002,456790.0
CR564Q04F,649.0,30576.816640986133,40379.81114275624,2.0,5.960000000000001,1148.2,4785.0,16985.0,36059.0,111629.00000000001,198389.4399999997,326372.0
CR564Q04A,692.0,2.1416184971098264,3.010382753593069,0.0,0.0,0.0,1.0,2.0,2.0,6.0,14.090000000000032,55.0
CR564Q04V,692.0,1.1054913294797688,0.43590505503081023,1.0,1.0,1.0,1.0,1.0,1.0,2.0,3.0,6.0
CR564Q04VS,692.0,0.04335260115606936,0.22408980383176147,0.0,0.0,0.0,0.0,0.0,0.0,0.0,1.0,2.0
CR564Q05TT,687.0,87981.12663755458,82622.46115048048,1923.0,2315.88,3538.8,20964.0,67747.0,130677.5,252193.0,366983.8199999998,520594.0
CR564Q05F,549.0,27850.273224043714,36000.30317230961,2.0,3.4800000000000004,736.0000000000002,4951.0,16109.0,36864.0,97447.6,201036.6799999999,261237.0
CR564Q05A,687.0,56.79767103347889,67.49934538364849,0.0,0.0,0.0,1.0,32.0,97.5,190.0999999999998,267.55999999999995,397.0
CR564Q05V,687.0,1.0480349344978166,0.24570611982625887,1.0,1.0,1.0,1.0,1.0,1.0,1.0,2.0,4.0
CR564Q05VS,687.0,0.0,0.0,0.0,0.0,0.0,0.0,0.0,0.0,0.0,0.0,0.0
CR549Q04S,479.0,0.6096033402922756,0.4883492487712354,0.0,0.0,0.0,0.0,1.0,1.0,1.0,1.0,1.0
CR549Q04TT,501.0,106450.10578842316,67628.96156617212,99.0,559.0,7240.0,58099.0,98436.0,144710.0,223335.0,312261.0,351917.0
CR549Q04F,486.0,84663.09053497942,64611.68528137154,3.0,82.65,2939.25,32161.25,73521.5,126054.0,203975.5,265979.8999999999,308111.0
CR549Q04A,501.0,3.089820359281437,7.601441716389376,0.0,0.0,1.0,1.0,2.0,3.0,8.0,19.0,149.0
CR549Q04V,501.0,1.0858283433133733,0.37231540724908213,1.0,1.0,1.0,1.0,1.0,1.0,2.0,3.0,4.0
CR549Q04VS,501.0,0.015968063872255488,0.12547713328747956,0.0,0.0,0.0,0.0,0.0,0.0,0.0,1.0,1.0
CR549Q13SB,454.0,0.9008810572687225,0.29915129241768473,0.0,0.0,0.0,1.0,1.0,1.0,1.0,1.0,1.0
CR549Q13SC,446.0,0.5964125560538116,0.4911675155091483,0.0,0.0,0.0,0.0,1.0,1.0,1.0,1.0,1.0
CR549Q13SD,447.0,0.6912751677852349,0.4624849365002084,0.0,0.0,0.0,0.0,1.0,1.0,1.0,1.0,1.0
CR549Q05TT,496.0,121872.50403225806,116321.6430669631,82.0,320.55,5069.0,61961.75,101794.5,151398.5,277630.75,468984.1500000004,1776362.0
CR549Q05F,453.0,29002.82119205298,37636.335833710866,3.0,581.0,1391.8,6481.0,16349.0,38051.0,102356.19999999998,170753.68000000046,377681.0
CR549Q05A,496.0,101.21975806451613,77.04624147875064,0.0,0.0,0.0,46.0,101.5,146.25,240.25,305.05000000000024,434.0
CR549Q05V,496.0,1.1310483870967742,0.4724358859579018,1.0,1.0,1.0,1.0,1.0,1.0,2.0,3.0,5.0
CR549Q05VS,496.0,0.03225806451612903,0.19839696441827873,0.0,0.0,0.0,0.0,0.0,0.0,0.0,1.0,2.0
CR549Q06S,466.0,0.4656652360515021,0.49935580819288133,0.0,0.0,0.0,0.0,0.0,1.0,1.0,1.0,1.0
CR549Q06TT,486.0,39633.399176954736,30614.772193011988,147.0,304.85,4815.25,18989.0,30746.0,51941.0,98494.75,139279.69999999998,233250.0
CR549Q06F,470.0,30795.67021276596,27230.474894666993,1.0,558.2300000000002,3116.6,13451.25,22237.0,38936.0,89081.59999999996,123850.24,227966.0
CR549Q06A,486.0,2.7983539094650207,7.506181464059942,0.0,0.0,1.0,1.0,2.0,2.0,6.75,14.149999999999977,142.0
CR549Q06V,486.0,1.0864197530864197,0.35281013371836684,1.0,1.0,1.0,1.0,1.0,1.0,2.0,3.0,5.0
CR549Q06VS,486.0,0.030864197530864196,0.18465368553462358,0.0,0.0,0.0,0.0,0.0,0.0,0.0,1.0,2.0
CR549Q10S,464.0,0.8060344827586207,0.39582896433024656,0.0,0.0,0.0,1.0,1.0,1.0,1.0,1.0,1.0
CR549Q10TT,485.0,56042.17319587629,76021.12557461314,111.0,319.08,3870.0000000000005,34796.0,50547.0,69134.0,106757.59999999995,135052.35999999937,1591576.0
CR549Q10F,466.0,40835.69527896996,76743.92289698757,4.0,1475.95,2544.25,17214.0,35367.5,51764.25,90509.25,123127.15000000004,1587329.0
CR549Q10A,485.0,3.0,4.233377800681836,0.0,0.0,1.0,1.0,2.0,4.0,7.7999999999999545,13.159999999999968,78.0
CR549Q10V,485.0,1.0639175257731959,0.34919789051147954,1.0,1.0,1.0,1.0,1.0,1.0,1.0,3.0,5.0
CR549Q10VS,485.0,0.030927835051546393,0.17330097591339388,0.0,0.0,0.0,0.0,0.0,0.0,0.0,1.0,1.0
CR549Q12S,460.0,0.3869565217391304,0.487583832533672,0.0,0.0,0.0,0.0,0.0,1.0,1.0,1.0,1.0
CR549Q12TT,483.0,40852.233954451345,29677.08956279542,43.0,281.8,5304.2,24339.5,34884.0,51231.0,91341.39999999997,129840.72000000003,352593.0
CR549Q12F,465.0,22770.83870967742,24743.658904549775,3.0,5.919999999999999,2003.2,11121.0,17953.0,27029.0,58138.19999999995,108910.5600000001,338459.0
CR549Q12A,483.0,4.881987577639752,4.323119669427844,0.0,0.0,2.0,3.0,4.0,6.0,9.0,14.180000000000007,83.0
CR549Q12SA,454.0,0.4889867841409692,0.5004301326916178,0.0,0.0,0.0,0.0,0.0,1.0,1.0,1.0,1.0
CR549Q12SB,457.0,0.7592997811816192,0.4279771266073396,0.0,0.0,0.0,1.0,1.0,1.0,1.0,1.0,1.0
CR549Q12SD,454.0,0.6806167400881057,0.46675202777983743,0.0,0.0,0.0,0.0,1.0,1.0,1.0,1.0,1.0
CR549Q12V,483.0,1.0724637681159421,0.31048004631812565,1.0,1.0,1.0,1.0,1.0,1.0,2.0,2.0,4.0
CR549Q12VS,483.0,0.024844720496894408,0.15581310856570185,0.0,0.0,0.0,0.0,0.0,0.0,0.0,1.0,1.0
CR549Q13S,455.0,0.3626373626373626,0.4812905630593075,0.0,0.0,0.0,0.0,0.0,1.0,1.0,1.0,1.0
CR549Q13TT,480.0,36612.58541666667,76845.28745188363,1578.0,2198.75,6591.750000000001,19879.5,30122.0,42084.5,69450.89999999998,108155.29999999999,1661855.0
CR549Q13F,464.0,18020.594827586207,76583.82908706497,1.0,27.009999999999998,2024.0,7332.5,10913.5,17883.25,40858.14999999998,54128.090000000004,1643801.0
CR549Q13A,480.0,4.925,3.0538999331461647,0.0,0.0,2.0,3.0,4.0,6.0,10.0,14.0,43.0
CR549Q13V,480.0,1.0333333333333334,0.17969277113233137,1.0,1.0,1.0,1.0,1.0,1.0,1.0,2.0,2.0
CR549Q13VS,480.0,0.0,0.0,0.0,0.0,0.0,0.0,0.0,0.0,0.0,0.0,0.0
CR055Q05TT,605.0,90246.89090909091,77339.25768054335,1422.0,2263.56,3328.6000000000004,34369.0,80361.0,120444.0,238331.39999999973,308168.1600000001,725540.0
CR055Q05F,497.0,29733.162977867203,38199.8367147804,2.0,12.8,1499.4,10906.0,20677.0,35130.0,81853.4,191892.40000000029,493425.0
CR055Q05A,605.0,69.24132231404958,71.70186119558434,0.0,0.0,0.0,2.0,60.0,111.0,187.99999999999977,313.84000000000015,442.0
CR055Q05V,605.0,1.056198347107438,0.23756928650670137,1.0,1.0,1.0,1.0,1.0,1.0,2.0,2.0,3.0
CR055Q05VS,605.0,0.001652892561983471,0.040655781409087086,0.0,0.0,0.0,0.0,0.0,0.0,0.0,0.0,1.0
CR055Q01S,588.0,0.5884353741496599,0.49253604498752696,0.0,0.0,0.0,0.0,1.0,1.0,1.0,1.0,1.0
CR055Q01TT,620.0,91961.9306451613,73875.68183768091,1149.0,1758.1100000000001,6230.3,38309.5,79396.5,128713.5,221084.84999999998,318658.77999999945,608263.0
CR055Q01F,599.0,78782.89649415693,70026.31235093616,397.0,1546.26,3273.2000000000003,26290.0,66953.0,113291.5,194150.40000000002,290226.55999999994,602778.0
CR055Q01A,620.0,2.3854838709677417,2.701901847633756,0.0,0.0,1.0,1.0,2.0,3.0,6.0,13.809999999999945,28.0
CR055Q01V,620.0,1.0903225806451613,0.395740518689031,1.0,1.0,1.0,1.0,1.0,1.0,2.0,2.8099999999999454,7.0
CR055Q01VS,620.0,0.0,0.0,0.0,0.0,0.0,0.0,0.0,0.0,0.0,0.0,0.0
CR055Q02TT,612.0,108412.24183006537,98335.46242088346,160.0,348.51,1997.1,39663.5,88837.5,152022.0,281754.24999999994,442449.16999999975,853659.0
CR055Q02F,501.0,29870.532934131737,33192.11216517281,2.0,5.0,1369.0,10193.0,20528.0,39749.0,81006.0,179643.0,309335.0
CR055Q02A,612.0,84.12091503267973,96.4453751951989,0.0,0.0,0.0,2.0,64.0,128.0,251.6999999999996,395.0099999999999,920.0
CR055Q02V,612.0,1.1552287581699345,0.5370911347505076,1.0,1.0,1.0,1.0,1.0,1.0,2.0,3.0,7.0
CR055Q02VS,612.0,0.032679738562091505,0.20367493286969135,0.0,0.0,0.0,0.0,0.0,0.0,0.0,1.0,2.0
CR055Q03TT,609.0,97583.66009852217,84777.27831867902,70.0,250.8,1052.6000000000001,31030.0,80574.0,145330.0,274214.60000000003,368277.99999999866,458333.0
CR055Q03F,502.0,40548.38446215139,42454.41100721642,1.0,5.0,1265.75,9629.5,27412.0,57633.25,132588.9999999999,189162.67000000004,262997.0
CR055Q03A,609.0,55.758620689655174,68.38440492954558,0.0,0.0,0.0,6.0,19.0,96.0,185.0,272.5999999999998,541.0
CR055Q03V,609.0,1.1215106732348112,0.4195239512731255,1.0,1.0,1.0,1.0,1.0,1.0,2.0,3.0,4.0
CR055Q03VS,609.0,0.041050903119868636,0.22203354202955375,0.0,0.0,0.0,0.0,0.0,0.0,0.0,1.0,2.0
CR111Q01S,486.0,0.5288065843621399,0.4996838336861404,0.0,0.0,0.0,0.0,1.0,1.0,1.0,1.0,1.0
CR111Q01TT,503.0,79848.29622266402,63973.72176003523,928.0,2185.78,7745.0,34369.5,60063.0,109107.5,200854.2999999999,274166.82,378921.0
CR111Q01F,489.0,65851.26380368098,63048.07295840516,93.0,1418.48,4819.8,20007.0,44131.0,89742.0,193733.59999999995,269308.56,366820.0
CR111Q01A,503.0,2.823061630218688,6.614190419887893,0.0,0.0,1.0,1.0,2.0,3.0,7.0,15.980000000000018,132.0
CR111Q01V,503.0,1.091451292246521,0.45030587337379946,1.0,1.0,1.0,1.0,1.0,1.0,2.0,2.0,9.0
CR111Q01VS,503.0,0.0,0.0,0.0,0.0,0.0,0.0,0.0,0.0,0.0,0.0,0.0
CR111Q02BTT,501.0,145542.1477045908,107161.29266815579,198.0,634.0,5485.0,70503.0,121403.0,198900.0,360923.0,472089.0,555311.0
CR111Q02BF,449.0,37451.7416481069,34400.11802869959,3.0,519.3600000000004,3912.0000000000005,16818.0,26965.0,47225.0,109502.19999999994,173738.55999999997,197967.0
CR111Q02BA,501.0,116.36526946107784,115.71639603520862,0.0,0.0,0.0,22.0,88.0,166.0,349.0,499.0,819.0
CR111Q02BV,501.0,1.1516966067864272,0.6074060550969699,1.0,1.0,1.0,1.0,1.0,1.0,2.0,3.0,11.0
CR111Q02BVS,501.0,0.015968063872255488,0.14051516280474471,0.0,0.0,0.0,0.0,0.0,0.0,0.0,1.0,2.0
CR111Q06TT,493.0,124235.70385395538,86078.99917084063,1735.0,2245.92,6299.000000000001,63260.0,113788.0,172120.0,281089.39999999997,394945.8799999997,589109.0
CR111Q06F,471.0,34383.74522292994,32477.6705929391,3.0,45.10000000000001,2134.5,13510.5,24702.0,44642.5,99956.5,160729.0,200007.0
CR111Q06A,493.0,98.45436105476674,97.19996803927897,0.0,0.0,1.0,6.0,81.0,145.0,271.79999999999984,452.0,549.0
CR111Q06V,493.0,1.0567951318458417,0.24861296653779838,1.0,1.0,1.0,1.0,1.0,1.0,2.0,2.0,3.0
CR111Q06VS,493.0,0.0,0.0,0.0,0.0,0.0,0.0,0.0,0.0,0.0,0.0,0.0
CR466Q02TT,481.0,157642.66735966736,109425.25859598164,494.0,1460.4,6548.0,85106.0,142412.0,212467.0,344878.0,472414.7999999999,1055600.0
CR466Q02F,443.0,39968.1986455982,38724.98351978357,1033.0,1648.88,2776.6,10443.0,28400.0,56208.5,117617.19999999994,160760.28,241414.0
CR466Q02A,481.0,107.22661122661123,113.19782001891184,0.0,0.0,0.0,9.0,85.0,163.0,310.0,505.5999999999999,706.0
CR466Q02V,481.0,1.0956340956340955,0.3403455094974309,1.0,1.0,1.0,1.0,1.0,1.0,2.0,2.1999999999999886,4.0
CR466Q02VS,481.0,0.002079002079002079,0.04559607525875532,0.0,0.0,0.0,0.0,0.0,0.0,0.0,0.0,1.0
CR466Q03S,425.0,0.08470588235294117,0.278771683458588,0.0,0.0,0.0,0.0,0.0,0.0,1.0,1.0,1.0
CR466Q03TT,466.0,63909.71244635193,39927.46639820138,182.0,302.6,2778.5,38922.75,60083.0,87123.25,135677.0,174360.9000000001,323122.0
CR466Q03F,435.0,35763.1816091954,25470.25586776164,5.0,671.6199999999998,2654.6000000000004,18012.0,30723.0,49815.5,85059.19999999998,121780.85999999983,153222.0
CR466Q03A,466.0,4.74892703862661,3.397540053652137,0.0,0.0,0.0,3.0,4.0,6.0,10.0,16.700000000000045,46.0
CR466Q03V,466.0,1.1652360515021458,0.4825488421083142,1.0,1.0,1.0,1.0,1.0,1.0,2.0,3.0,4.0
CR466Q03VS,466.0,0.030042918454935622,0.17088887882695325,0.0,0.0,0.0,0.0,0.0,0.0,0.0,1.0,1.0
CR466Q06S,408.0,0.7205882352941176,0.44926108819364396,0.0,0.0,0.0,0.0,1.0,1.0,1.0,1.0,1.0
CR466Q06TT,458.0,52230.635371179036,36391.91355106695,1445.0,2080.8,4532.300000000001,29792.5,43414.5,65033.75,127278.79999999997,161737.80000000005,305253.0
CR466Q06F,427.0,24491.988290398127,23825.363546430533,2.0,10.459999999999996,1336.1000000000001,8188.0,18790.0,32117.5,69006.29999999999,124579.54000000011,146071.0
CR466Q06A,458.0,7.637554585152839,7.578016411813461,0.0,0.0,0.0,3.0,6.0,10.0,19.0,34.0,104.0
CR466Q06V,458.0,1.0698689956331877,0.2797474327430751,1.0,1.0,1.0,1.0,1.0,1.0,2.0,2.0,3.0
CR466Q06VS,458.0,0.0,0.0,0.0,0.0,0.0,0.0,0.0,0.0,0.0,0.0,0.0
CR550Q09TT,535.0,131263.10654205608,88008.31261691076,99.0,1260.4199999999998,25545.8,71506.5,110497.0,175487.0,307147.3,383890.25999999983,776196.0
CR550Q09F,529.0,21246.659735349716,18267.86176112012,3.0,278.0800000000001,2189.0,9389.0,16464.0,27115.0,58540.99999999999,81684.88,168425.0
CR550Q09A,535.0,85.60747663551402,73.85832132798916,0.0,0.33999999999999986,3.0,42.0,65.0,107.5,243.5999999999999,329.27999999999975,629.0
CR550Q09V,535.0,1.3626168224299064,0.8160977951979548,1.0,1.0,1.0,1.0,1.0,1.0,3.0,4.0,9.0
CR550Q09VS,535.0,0.011214953271028037,0.10540372073731243,0.0,0.0,0.0,0.0,0.0,0.0,0.0,0.6599999999999682,1.0
CR550Q10TT,529.0,105984.2684310019,69950.09086722555,308.0,2408.6400000000003,22029.800000000003,57471.0,90801.0,137011.0,231243.4,356562.8800000003,459863.0
CR550Q10F,523.0,12555.195028680688,13270.179712921448,2.0,228.3399999999999,3002.1000000000004,6537.5,9426.0,13971.0,31633.599999999995,61388.27999999987,196922.0
CR550Q10A,529.0,64.76748582230624,57.23910510260657,0.0,0.28000000000000025,2.0,23.0,57.0,87.0,172.99999999999983,244.36000000000035,395.0
CR550Q10V,529.0,1.2117202268431002,0.6003271434430513,1.0,1.0,1.0,1.0,1.0,1.0,2.0,3.0,6.0
CR550Q10VS,529.0,0.00945179584120983,0.09685138784375406,0.0,0.0,0.0,0.0,0.0,0.0,0.0,0.0,1.0
CR550Q04S,500.0,0.564,0.49638371607776816,0.0,0.0,0.0,0.0,1.0,1.0,1.0,1.0,1.0
CR550Q04TT,523.0,70741.65200764818,57774.59064283913,355.0,771.8199999999999,7303.700000000001,30282.0,56601.0,96129.5,174860.4,242471.23999999967,586046.0
CR550Q04F,504.0,23645.64484126984,23107.826783041346,1.0,1301.63,2831.0,7744.25,17965.5,32359.0,63742.49999999998,106399.27999999971,218578.0
CR550Q04A,523.0,3.5277246653919696,3.5407718253860874,0.0,0.0,1.0,2.0,3.0,4.0,9.899999999999977,18.779999999999973,33.0
CR550Q04V,523.0,1.112810707456979,0.4160205755393643,1.0,1.0,1.0,1.0,1.0,1.0,2.0,3.0,4.0
CR550Q04VS,523.0,0.009560229445506692,0.11540532313045099,0.0,0.0,0.0,0.0,0.0,0.0,0.0,0.0,2.0
CR550Q05S,499.0,0.6633266533066132,0.4730463475164104,0.0,0.0,0.0,0.0,1.0,1.0,1.0,1.0,1.0
CR550Q05TT,521.0,55583.71209213052,45793.02415759106,213.0,578.8,4734.0,24280.0,44413.0,73676.0,147400.0,196921.19999999972,448795.0
CR550Q05F,508.0,15520.061023622047,17750.236862997666,3.0,930.9000000000001,2496.25,6236.75,10014.0,18666.5,44310.29999999997,103415.82000000004,174631.0
CR550Q05A,521.0,3.3915547024952017,3.077874778995233,0.0,0.0,1.0,2.0,3.0,4.0,8.0,18.799999999999955,26.0
CR550Q05V,521.0,1.1017274472168905,0.37109102474871,1.0,1.0,1.0,1.0,1.0,1.0,2.0,3.0,4.0
CR550Q05VS,521.0,0.023032629558541268,0.17388993228088004,0.0,0.0,0.0,0.0,0.0,0.0,0.0,1.0,2.0
CR550Q06S,334.0,0.7095808383233533,0.45463690861033995,0.0,0.0,0.0,0.0,1.0,1.0,1.0,1.0,1.0
CR550Q06TT,516.0,52836.20542635659,43346.72714249007,163.0,430.45,2315.0,16078.5,46790.0,76587.25,128893.0,197266.90000000037,272592.0
CR550Q06F,402.0,15301.81592039801,8967.578602441568,2.0,1045.69,3261.05,9583.25,13706.0,18862.0,31866.24999999999,46477.55,63165.0
CR550Q06A,516.0,4.49031007751938,5.8437505496204665,0.0,0.0,0.0,2.0,3.0,6.0,14.0,20.0,88.0
CR550Q06V,516.0,1.1104651162790697,0.4055524540124501,1.0,1.0,1.0,1.0,1.0,1.0,2.0,3.0,4.0
CR550Q06VS,516.0,0.02131782945736434,0.1574401034264462,0.0,0.0,0.0,0.0,0.0,0.0,0.0,1.0,2.0
CR550Q07TT,514.0,132983.13424124513,124002.38036627529,1913.0,2195.87,6812.550000000001,58952.75,114686.5,181202.5,316439.6999999999,477068.0100000001,1832570.0
CR550Q07F,461.0,19553.919739696314,14638.121321906327,1.0,114.40000000000002,1641.0,10327.0,16290.0,25597.0,46430.0,73343.39999999998,108971.0
CR550Q07A,514.0,68.73540856031128,79.76708315280212,0.0,0.0,0.0,6.0,41.5,103.0,214.69999999999993,361.57000000000005,488.0
CR550Q07V,514.0,1.0739299610894941,0.30329786271178133,1.0,1.0,1.0,1.0,1.0,1.0,2.0,2.8700000000000045,3.0
CR550Q07VS,514.0,0.0,0.0,0.0,0.0,0.0,0.0,0.0,0.0,0.0,0.0,0.0
CR562Q02S,579.0,0.6683937823834197,0.4711974112582743,0.0,0.0,0.0,0.0,1.0,1.0,1.0,1.0,1.0
CR562Q02TT,610.0,89292.23442622951,181367.77690708783,164.0,739.77,3850.65,30490.75,57559.0,118395.0,233183.99999999997,348969.4999999999,4170844.0
CR562Q02F,588.0,75684.80272108843,179029.0898882731,3.0,96.27,2710.2,21471.75,47594.0,100591.0,202460.05,327385.23,4085848.0
CR562Q02A,610.0,2.377049180327869,3.7942309263802696,0.0,0.0,1.0,1.0,2.0,2.0,6.0,13.909999999999968,57.0
CR562Q02V,610.0,1.0540983606557377,0.26014633401999054,1.0,1.0,1.0,1.0,1.0,1.0,1.0,2.0,4.0
CR562Q02VS,610.0,0.011475409836065573,0.10659433198383349,0.0,0.0,0.0,0.0,0.0,0.0,0.0,0.9099999999999682,1.0
CR562Q03TT,603.0,104869.14262023217,106896.90543311175,87.0,434.3,2857.3000000000006,49534.0,81362.0,125431.0,280856.5,510314.9,1157712.0
CR562Q03F,519.0,39261.28516377649,69098.41615607118,2.0,8.159999999999997,1243.8000000000002,7961.5,26337.0,50198.5,99426.49999999996,234530.30000000165,1113838.0
CR562Q03A,603.0,59.74461028192371,55.18261242690642,0.0,0.0,0.0,21.0,52.0,82.0,158.89999999999998,239.84000000000015,463.0
CR562Q03V,603.0,1.0912106135986732,0.3822981222021942,1.0,1.0,1.0,1.0,1.0,1.0,2.0,3.0,5.0
CR562Q03VS,603.0,0.024875621890547265,0.16619078852961738,0.0,0.0,0.0,0.0,0.0,0.0,0.0,1.0,2.0
CR562Q05S,398.0,0.5175879396984925,0.500319506032043,0.0,0.0,0.0,0.0,1.0,1.0,1.0,1.0,1.0
CR562Q05TT,597.0,59568.68676716918,56316.28307830469,164.0,480.36,1557.8000000000002,10978.0,47624.0,84924.0,166807.5999999996,269216.3599999997,327381.0
CR562Q05F,445.0,51629.25617977528,43023.03266941864,2.0,7.760000000000002,2877.4,21658.0,41664.0,72672.0,130970.79999999993,198754.12,285724.0
CR562Q05A,597.0,2.6381909547738696,5.368290137813301,0.0,0.0,0.0,0.0,1.0,3.0,10.0,20.079999999999927,90.0
CR562Q05V,597.0,1.1088777219430486,0.4175731822564378,1.0,1.0,1.0,1.0,1.0,1.0,2.0,3.0,5.0
CR562Q05VS,597.0,0.02512562814070352,0.15663789076070375,0.0,0.0,0.0,0.0,0.0,0.0,0.0,1.0,1.0
CR562Q06TT,592.0,85944.5456081081,71299.74376595598,56.0,319.43,1188.5,38958.75,72921.5,116924.5,193987.2999999999,329221.73000000033,565122.0
CR562Q06F,494.0,32891.06072874494,35208.81378787484,1.0,12.439999999999998,1583.85,7680.25,21891.5,45256.75,99125.59999999999,158394.02999999994,314031.0
CR562Q06A,592.0,57.1570945945946,53.11444703909223,0.0,0.0,0.0,12.0,47.0,82.25,156.79999999999973,229.0,266.0
CR562Q06V,592.0,1.1030405405405406,0.3649502829339664,1.0,1.0,1.0,1.0,1.0,1.0,2.0,3.0,4.0
CR562Q06VS,592.0,0.03209459459459459,0.17640038053136964,0.0,0.0,0.0,0.0,0.0,0.0,0.0,1.0,1.0
CR562Q07S,544.0,0.8474264705882353,0.3599068762786797,0.0,0.0,0.0,1.0,1.0,1.0,1.0,1.0,1.0
CR562Q07TT,584.0,31402.404109589042,21836.90590318948,1497.0,2151.31,4729.8,16117.75,27082.0,40354.0,77086.95000000004,102204.07999999989,139566.0
CR562Q07F,562.0,23548.539145907474,19219.841062464053,3.0,120.53000000000003,2207.75,9701.0,18970.5,32265.5,61576.04999999999,85978.20999999998,135360.0
CR562Q07A,584.0,2.0154109589041096,2.8594465337182977,0.0,0.0,1.0,1.0,2.0,2.0,4.0,7.169999999999959,60.0
CR562Q07V,584.0,1.042808219178082,0.21887673058444193,1.0,1.0,1.0,1.0,1.0,1.0,1.0,2.0,3.0
CR562Q07VS,584.0,0.0,0.0,0.0,0.0,0.0,0.0,0.0,0.0,0.0,0.0,0.0
CR569Q01S,652.0,0.5352760736196319,0.49913696685851017,0.0,0.0,0.0,0.0,1.0,1.0,1.0,1.0,1.0
CR569Q01TT,682.0,56892.17595307918,37448.19210348098,44.0,348.55,6118.350000000001,31121.75,52000.0,75078.25,122637.74999999999,195021.05,207466.0
CR569Q01F,666.0,44723.86786786787,35237.0381326021,2.0,6.0,2472.25,15961.5,39757.5,64271.0,107171.5,166225.40000000026,199240.0
CR569Q01A,682.0,2.504398826979472,2.8420191999563964,0.0,0.0,1.0,1.0,2.0,3.0,7.949999999999932,15.18999999999994,23.0
CR569Q01V,682.0,1.0718475073313782,0.3542887481894262,1.0,1.0,1.0,1.0,1.0,1.0,2.0,2.0,6.0
CR569Q01VS,682.0,0.01906158357771261,0.1368418672863774,0.0,0.0,0.0,0.0,0.0,0.0,0.0,1.0,1.0
CR569Q02S,616.0,0.5438311688311688,0.4984798981383929,0.0,0.0,0.0,0.0,1.0,1.0,1.0,1.0,1.0
CR569Q02TT,672.0,79371.77529761905,52427.190947668496,37.0,342.0,8810.1,47815.0,71605.5,98381.0,173682.09999999995,249463.84999999995,498406.0
CR569Q02F,648.0,17628.078703703704,16011.594414146628,2.0,44.12999999999998,1632.1,7679.0,13573.5,23045.0,45518.99999999999,67220.46999999996,168784.0
CR569Q02A,672.0,10.273809523809524,15.908719644481293,0.0,0.0,3.0,4.0,6.0,9.25,28.0,81.15999999999985,195.0
CR569Q02V,672.0,1.1026785714285714,0.4227424102357901,1.0,1.0,1.0,1.0,1.0,1.0,2.0,3.0,6.0
CR569Q02VS,672.0,0.01488095238095238,0.12116664926650257,0.0,0.0,0.0,0.0,0.0,0.0,0.0,1.0,1.0
CR569Q03S,638.0,0.7225705329153606,0.4480815276898373,0.0,0.0,0.0,0.0,1.0,1.0,1.0,1.0,1.0
CR569Q03TT,670.0,22286.162686567164,39847.011000600956,141.0,270.9,3027.4,9517.25,15237.5,27155.75,54111.59999999995,91480.68999999997,930559.0
CR569Q03F,645.0,16879.325581395347,38646.16591698682,1.0,4.44,1642.4,5890.0,10925.0,20415.0,41251.2,88364.71999999997,913418.0
CR569Q03A,670.0,1.8044776119402985,1.247650447844366,0.0,0.0,1.0,1.0,2.0,2.0,4.0,6.0,10.0
CR569Q03V,670.0,1.0611940298507463,0.2905873768449747,1.0,1.0,1.0,1.0,1.0,1.0,1.0,2.3099999999999454,4.0
CR569Q03VS,670.0,0.023880597014925373,0.1622796790784216,0.0,0.0,0.0,0.0,0.0,0.0,0.0,1.0,2.0
CR569Q04S,637.0,0.82574568288854,0.37962612110455035,0.0,0.0,0.0,1.0,1.0,1.0,1.0,1.0,1.0
CR569Q04TT,665.0,35484.98796992481,33026.885653049605,148.0,413.68,3877.2000000000003,19080.0,29486.0,42903.0,77651.99999999997,164267.00000000003,408536.0
CR569Q04F,645.0,29171.11007751938,29773.770792750296,1.0,3.0,2354.2000000000003,14934.0,23537.0,34948.0,66319.4,159937.95999999985,406498.0
CR569Q04A,665.0,1.738345864661654,1.3174410325222854,0.0,0.0,1.0,1.0,1.0,2.0,4.0,7.0,10.0
CR569Q04V,665.0,1.063157894736842,0.27261387700430845,1.0,1.0,1.0,1.0,1.0,1.0,2.0,2.0,3.0
CR569Q04VS,665.0,0.016541353383458645,0.12764104596733558,0.0,0.0,0.0,0.0,0.0,0.0,0.0,1.0,1.0
CR569Q06TT,665.0,74311.06466165413,54657.62819040845,1558.0,2334.16,4869.0,34316.0,67970.0,100364.0,171138.5999999998,256921.1600000002,368814.0
CR569Q06F,575.0,22976.41739130435,19809.543371266645,1.0,621.14,1517.3000000000002,10814.0,18719.0,30845.5,56646.49999999999,82136.95999999998,222196.0
CR569Q06A,665.0,57.17443609022556,59.4104287503254,0.0,0.0,0.0,11.0,47.0,83.0,169.5999999999999,273.44000000000005,454.0
CR569Q06V,665.0,1.0210526315789474,0.14366786893071978,1.0,1.0,1.0,1.0,1.0,1.0,1.0,2.0,2.0
CR569Q06VS,665.0,0.0,0.0,0.0,0.0,0.0,0.0,0.0,0.0,0.0,0.0,0.0
CR553Q02S,552.0,0.6847826086956522,0.4650238053993588,0.0,0.0,0.0,0.0,1.0,1.0,1.0,1.0,1.0
CR553Q02TT,584.0,51157.642123287675,37814.14743905214,80.0,245.12,3481.35,31918.5,46952.0,65975.0,105349.50000000004,142684.94999999882,554728.0
CR553Q02F,562.0,35192.84519572954,27930.583361785462,7.0,76.83,1840.75,13026.75,31068.5,49565.75,83013.64999999997,127996.99999999991,188421.0
CR553Q02A,584.0,3.041095890410959,3.2692269895408916,0.0,0.0,1.0,1.0,2.0,4.0,9.850000000000023,16.16999999999996,31.0
CR553Q02V,584.0,1.0684931506849316,0.29652149709210046,1.0,1.0,1.0,1.0,1.0,1.0,2.0,3.0,3.0
CR553Q02VS,584.0,0.0273972602739726,0.16337795595899302,0.0,0.0,0.0,0.0,0.0,0.0,0.0,1.0,1.0
CR553Q01S,550.0,0.7272727272727273,0.44576719869199316,0.0,0.0,0.0,0.0,1.0,1.0,1.0,1.0,1.0
CR553Q01TT,580.0,19335.38275862069,18471.396169973075,25.0,276.76,2035.5000000000002,10116.5,15378.0,22838.5,45237.049999999974,92854.2900000001,218815.0
CR553Q01F,553.0,15360.242314647377,16805.43393537919,2.0,100.72000000000006,1521.0,7730.0,11943.0,18011.0,36844.399999999994,78643.52000000012,216300.0
CR553Q01A,580.0,1.8206896551724139,1.946322746906576,0.0,0.0,1.0,1.0,1.0,2.0,4.0,8.0,32.0
CR553Q01V,580.0,1.0775862068965518,0.33118988049517706,1.0,1.0,1.0,1.0,1.0,1.0,2.0,3.0,4.0
CR553Q01VS,580.0,0.027586206896551724,0.16392540475503545,0.0,0.0,0.0,0.0,0.0,0.0,0.0,1.0,1.0
CR553Q04TT,579.0,154312.68393782384,133117.07993165797,54.0,545.56,1983.6000000000001,81418.5,134641.0,196959.0,347770.5000000001,544993.3200000008,1562588.0
CR553Q04F,502.0,38137.14143426295,36122.740151735125,1.0,43.24999999999999,1528.4,11262.5,33115.0,52575.0,95688.84999999999,139996.69000000003,434729.0
CR553Q04A,579.0,115.98272884283247,101.18059009472961,0.0,0.0,0.0,34.0,100.0,170.5,306.20000000000005,461.98000000000025,620.0
CR553Q04V,579.0,1.063903281519862,0.2778923971629625,1.0,1.0,1.0,1.0,1.0,1.0,2.0,2.0,3.0
CR553Q04VS,579.0,0.010362694300518135,0.10135606353966987,0.0,0.0,0.0,0.0,0.0,0.0,0.0,0.22000000000002728,1.0
CR553Q05S,528.0,0.5625,0.49654881035263654,0.0,0.0,0.0,0.0,1.0,1.0,1.0,1.0,1.0
CR553Q05TT,570.0,40036.11578947368,30130.614473004694,34.0,296.56,1302.2500000000002,18878.5,37107.5,51269.0,99001.54999999999,141075.3099999998,186842.0
CR553Q05F,535.0,33765.15700934579,27685.206704099397,2.0,6.68,1998.9,14217.5,28368.0,44683.5,87954.9,123064.93999999986,185073.0
CR553Q05A,570.0,2.324561403508772,3.2556443187666995,0.0,0.0,0.0,1.0,1.0,2.0,7.0,16.309999999999945,43.0
CR553Q05V,570.0,1.03859649122807,0.21024246272705432,1.0,1.0,1.0,1.0,1.0,1.0,1.0,2.0,3.0
CR553Q05VS,570.0,0.02982456140350877,0.1702524872454201,0.0,0.0,0.0,0.0,0.0,0.0,0.0,1.0,1.0
CR553Q07S,338.0,0.3343195266272189,0.4724514434759462,0.0,0.0,0.0,0.0,0.0,1.0,1.0,1.0,1.0
CR553Q07TT,563.0,37161.25577264654,35208.065008953236,1614.0,2018.58,3160.9,7400.0,28178.0,58050.5,99119.09999999996,152803.97999999998,249804.0
CR553Q07F,388.0,30700.631443298967,29862.354941323578,1.0,321.57,2060.35,6057.0,22233.0,47347.5,84342.65,113943.07999999983,210217.0
CR553Q07A,563.0,2.5506216696269983,4.571555892507454,0.0,0.0,0.0,0.0,1.0,3.0,10.0,25.139999999999986,46.0
CR553Q07V,563.0,1.0159857904085257,0.1255318074161807,1.0,1.0,1.0,1.0,1.0,1.0,1.0,2.0,2.0
CR553Q07VS,563.0,0.0,0.0,0.0,0.0,0.0,0.0,0.0,0.0,0.0,0.0,0.0
CR456Q01S,663.0,0.8416289592760181,0.36536419922110625,0.0,0.0,0.0,1.0,1.0,1.0,1.0,1.0,1.0
CR456Q01TT,691.0,41483.402315484804,41540.88037218132,818.0,1669.0,3869.5,14403.5,24775.0,58552.5,123119.5,171735.10000000003,381728.0
CR456Q01F,669.0,36479.27204783259,40762.75573239539,535.0,1327.28,2461.4,10779.0,19137.0,50791.0,115979.2000000001,164345.12000000005,378468.0
CR456Q01A,691.0,1.9232995658465992,3.932940574284702,0.0,0.0,1.0,1.0,1.0,2.0,4.0,7.2000000000000455,92.0
CR456Q01V,691.0,1.0289435600578871,0.1761962377612549,1.0,1.0,1.0,1.0,1.0,1.0,1.0,2.0,3.0
CR456Q01VS,691.0,0.0,0.0,0.0,0.0,0.0,0.0,0.0,0.0,0.0,0.0,0.0
CR456Q02TT,687.0,83378.15866084424,78084.62583883105,70.0,286.28000000000003,2171.4,41858.5,70269.0,102699.5,206667.3999999997,316283.2999999991,910220.0
CR456Q02F,615.0,29828.728455284552,43244.16650410333,3.0,7.0,1478.9,7138.5,21987.0,41397.0,80962.29999999997,136451.68000000025,834507.0
CR456Q02A,687.0,53.56331877729258,44.53427604559797,0.0,0.0,0.0,25.0,50.0,69.0,136.69999999999993,194.9799999999999,334.0
CR456Q02V,687.0,1.0902474526928676,0.35076895524077234,1.0,1.0,1.0,1.0,1.0,1.0,2.0,3.0,4.0
CR456Q02VS,687.0,0.023289665211062592,0.15093182557616416,0.0,0.0,0.0,0.0,0.0,0.0,0.0,1.0,1.0
CR456Q06TT,678.0,71680.51474926254,66209.65681280453,1614.0,2058.1,3654.35,31932.0,59529.0,94432.5,175668.35,284904.0100000006,893529.0
CR456Q06F,599.0,20629.899833055093,24343.195777235425,1.0,3.0,1285.4,4999.0,10391.0,28772.5,73263.90000000001,106392.93999999992,197865.0
CR456Q06A,678.0,56.00737463126843,55.60959295699974,0.0,0.0,0.0,14.25,44.5,79.0,157.14999999999998,256.23,486.0
CR456Q06V,678.0,1.0619469026548674,0.2589554922277992,1.0,1.0,1.0,1.0,1.0,1.0,2.0,2.0,3.0
CR456Q06VS,678.0,0.0,0.0,0.0,0.0,0.0,0.0,0.0,0.0,0.0,0.0,0.0
CR446Q03S,643.0,0.6967340590979783,0.4600269894630451,0.0,0.0,0.0,0.0,1.0,1.0,1.0,1.0,1.0
CR446Q03TT,671.0,49024.523099850965,82789.17255188602,940.0,1469.1,6108.0,28301.5,41447.0,57539.5,92119.0,193370.19999999946,2012224.0
CR446Q03F,651.0,38091.811059907835,79880.36898188884,142.0,1513.5,3434.0,19436.0,30861.0,44382.0,71588.0,182854.5,1918882.0
CR446Q03A,671.0,4.4068554396423245,4.890430568135865,0.0,0.0,1.0,2.0,3.0,5.0,13.5,25.299999999999955,48.0
CR446Q03V,671.0,1.0506706408345752,0.22618575846145297,1.0,1.0,1.0,1.0,1.0,1.0,1.0,2.0,3.0
CR446Q03VS,671.0,0.0,0.0,0.0,0.0,0.0,0.0,0.0,0.0,0.0,0.0,0.0
CR446Q06TT,664.0,69784.13102409638,52713.60207260056,1779.0,2145.46,4172.25,38090.0,58302.5,94284.75,155268.90000000002,282960.5800000001,392713.0
CR446Q06F,602.0,17244.47342192691,20456.24896408569,3.0,5.979999999999979,1038.25,6293.5,12287.5,23098.75,46369.049999999974,88585.94000000015,332590.0
CR446Q06A,664.0,51.751506024096386,59.51969645592199,0.0,0.0,0.0,9.0,32.5,79.0,152.0,253.55000000000007,448.0
CR446Q06V,664.0,1.0512048192771084,0.22731641904156374,1.0,1.0,1.0,1.0,1.0,1.0,1.0,2.0,3.0
CR446Q06VS,664.0,0.0,0.0,0.0,0.0,0.0,0.0,0.0,0.0,0.0,0.0,0.0
CR453Q01S,691.0,0.5557163531114327,0.49724592289292574,0.0,0.0,0.0,0.0,1.0,1.0,1.0,1.0,1.0
CR453Q01TT,728.0,54415.03708791209,101095.34922380086,920.0,1599.9500000000003,4596.45,16677.25,38670.5,65835.25,144940.89999999994,249063.56000000006,1791577.0
CR453Q01F,700.0,48161.514285714286,102235.77342684088,77.0,1336.89,2394.65,11452.0,29113.5,57446.75,140365.19999999995,246039.96,1786952.0
CR453Q01A,728.0,2.043956043956044,2.429357754886854,0.0,0.0,1.0,1.0,2.0,2.0,5.0,10.0,46.0
CR453Q01V,728.0,1.0425824175824177,0.20874928874161644,1.0,1.0,1.0,1.0,1.0,1.0,1.0,2.0,3.0
CR453Q01VS,728.0,0.0013736263736263737,0.03706246583305506,0.0,0.0,0.0,0.0,0.0,0.0,0.0,0.0,1.0
CR453Q04TT,719.0,97026.41307371348,85710.30700072901,36.0,397.52,1962.1999999999998,35227.0,81076.0,138097.5,251649.6,361048.58,686334.0
CR453Q04F,597.0,25197.968174204354,28568.50259711914,3.0,5.96,1210.4,6422.0,14323.0,36202.0,76351.19999999984,115596.35999999987,259783.0
CR453Q04A,719.0,75.96662030598053,78.20082709141775,0.0,0.0,0.0,5.0,60.0,118.0,213.0,332.6400000000001,526.0
CR453Q04V,719.0,1.090403337969402,0.38626088257016683,1.0,1.0,1.0,1.0,1.0,1.0,2.0,3.0,5.0
CR453Q04VS,719.0,0.027816411682892908,0.16456100022286077,0.0,0.0,0.0,0.0,0.0,0.0,0.0,1.0,1.0
CR453Q05S,665.0,0.18646616541353384,0.38977556773854666,0.0,0.0,0.0,0.0,0.0,0.0,1.0,1.0,1.0
CR453Q05TT,713.0,51443.82748948107,43319.41232573318,178.0,351.84,3358.4,23520.0,42500.0,68912.0,127466.59999999999,189305.55999999994,401127.0
CR453Q05F,678.0,24257.982300884956,29885.8264120395,1.0,5.0,1862.1,6991.75,15983.0,30862.75,70173.7,124182.21,340095.0
CR453Q05A,713.0,5.889200561009818,4.208780088995834,0.0,0.0,1.0,4.0,5.0,7.0,11.0,18.0,59.0
CR453Q05V,713.0,1.0687237026647967,0.3626380763175039,1.0,1.0,1.0,1.0,1.0,1.0,1.0,3.0,6.0
CR453Q05VS,713.0,0.029453015427769985,0.16919126317198385,0.0,0.0,0.0,0.0,0.0,0.0,0.0,1.0,1.0
CR453Q06TT,708.0,65045.78248587571,54098.71082564231,1464.0,2247.26,3760.95,25371.5,57224.0,88356.25,167187.89999999997,240973.49999999977,410422.0
CR453Q06F,571.0,16747.98949211909,17812.136269031744,1.0,9.8,1324.0,6367.0,10945.0,21583.0,50817.5,89124.59999999989,133164.0
CR453Q06A,708.0,53.73022598870057,52.80699925164278,0.0,0.0,0.0,2.75,47.0,80.0,149.29999999999995,225.92999999999995,453.0
CR453Q06V,708.0,1.021186440677966,0.16255650041508693,1.0,1.0,1.0,1.0,1.0,1.0,1.0,2.0,3.0
CR453Q06VS,708.0,0.0,0.0,0.0,0.0,0.0,0.0,0.0,0.0,0.0,0.0,0.0
CR552Q01S,379.0,0.862796833773087,0.34451651328558464,0.0,0.0,0.0,1.0,1.0,1.0,1.0,1.0,1.0
CR552Q01TT,403.0,46388.436724565756,42462.46460207449,78.0,372.96000000000004,2304.3,20245.0,34101.0,63260.0,120517.99999999999,168904.0400000003,461182.0
CR552Q01F,382.0,26172.931937172776,22336.955144187974,2.0,11.24,2511.6,12481.0,19764.5,31690.0,75504.09999999998,112400.0,136178.0
CR552Q01A,403.0,3.3200992555831266,4.226694130606792,0.0,0.0,0.10000000000000142,1.0,2.0,3.5,12.0,15.980000000000018,47.0
CR552Q01V,403.0,1.1389578163771712,0.42384863733453754,1.0,1.0,1.0,1.0,1.0,1.0,2.0,3.0,4.0
CR552Q01VS,403.0,0.022332506203473945,0.14794620042206294,0.0,0.0,0.0,0.0,0.0,0.0,0.0,1.0,1.0
CR552Q09S,373.0,0.8096514745308311,0.3931033636940176,0.0,0.0,0.0,1.0,1.0,1.0,1.0,1.0,1.0
CR552Q09TT,402.0,36060.81592039801,31076.71215556667,52.0,208.41,744.6,20027.75,30569.0,44722.25,80242.24999999999,162982.16000000015,301258.0
CR552Q09F,379.0,27263.965699208442,24431.764280839026,2.0,5.0,1283.3,13043.0,23056.0,34790.5,65447.6,136793.71999999977,219669.0
CR552Q09A,402.0,2.328358208955224,2.7153653104365114,0.0,0.0,0.0,1.0,2.0,2.0,6.0,13.0,32.0
CR552Q09V,402.0,1.1616915422885572,0.5249155014561269,1.0,1.0,1.0,1.0,1.0,1.0,2.0,3.0,7.0
CR552Q09VS,402.0,0.05472636815920398,0.28598179275397384,0.0,0.0,0.0,0.0,0.0,0.0,0.0,1.0,4.0
CR552Q06S,368.0,0.48641304347826086,0.5004958446486873,0.0,0.0,0.0,0.0,0.0,1.0,1.0,1.0,1.0
CR552Q06TT,398.0,45283.927135678394,37239.09219656677,53.0,106.91,715.25,17922.0,35312.5,62934.0,111868.64999999994,166926.88999999984,206348.0
CR552Q06F,375.0,35991.888,30550.366566820467,7.0,134.82000000000002,1568.7,13487.0,28010.0,50847.5,90372.70000000003,138349.75999999986,204752.0
CR552Q06A,398.0,2.5954773869346734,4.2603768294255975,0.0,0.0,0.0,1.0,2.0,2.0,7.0,14.029999999999973,54.0
CR552Q06V,398.0,1.1105527638190955,0.4173071837652271,1.0,1.0,1.0,1.0,1.0,1.0,2.0,3.0,4.0
CR552Q06VS,398.0,0.0678391959798995,0.2710569930335681,0.0,0.0,0.0,0.0,0.0,0.0,1.0,1.0,2.0
CR552Q03TT,393.0,158496.50890585242,130609.04962519043,68.0,369.24,847.0,59931.0,134457.0,231983.0,384529.7999999998,522090.23999999976,954524.0
CR552Q03F,359.0,41138.6991643454,39205.2589055777,2.0,3.0,1828.5,8556.0,30787.0,63223.0,119211.29999999974,166786.7600000001,191687.0
CR552Q03A,393.0,66.83969465648855,72.86993761538288,0.0,0.0,0.0,7.0,52.0,102.0,194.39999999999998,301.31999999999994,617.0
CR552Q03V,393.0,1.1704834605597965,0.5238632205384264,1.0,1.0,1.0,1.0,1.0,1.0,2.0,3.0,5.0
CR552Q03VS,393.0,0.043256997455470736,0.22736641650702827,0.0,0.0,0.0,0.0,0.0,0.0,0.0,1.0,2.0
CR552Q04TT,373.0,89927.09383378016,76128.57315133639,21.0,154.08,587.6,29512.0,78463.0,129563.0,227566.7999999999,330769.72,513725.0
CR552Q04F,301.0,22431.34219269103,21821.985711185418,5.0,13.0,1343.0,8414.0,16008.0,29303.0,59291.0,108035.0,180538.0
CR552Q04A,373.0,72.36461126005362,77.03086263332354,0.0,0.0,0.0,4.0,55.0,107.0,226.19999999999993,328.79999999999905,452.0
CR552Q04V,373.0,1.1742627345844503,0.49097478816425194,1.0,1.0,1.0,1.0,1.0,1.0,2.0,3.0,4.0
CR552Q04VS,373.0,0.05361930294906166,0.22556746803816194,0.0,0.0,0.0,0.0,0.0,0.0,1.0,1.0,1.0
CR552Q08TT,370.0,60935.25675675676,54992.40983331573,1592.0,1819.69,2558.5,22247.5,48858.5,84372.0,150084.2,236290.17000000004,446207.0
CR552Q08F,338.0,17563.55325443787,16364.694001454793,1.0,2.74,1178.1000000000001,6699.25,13683.0,24852.25,42065.99999999999,71666.47,137612.0
CR552Q08A,370.0,56.3027027027027,61.236714665533015,0.0,0.0,0.0,2.0,45.0,85.0,180.20000000000005,260.79,425.0
CR552Q08V,370.0,1.0675675675675675,0.28183876885235926,1.0,1.0,1.0,1.0,1.0,1.0,2.0,2.0,3.0
CR552Q08VS,370.0,0.0,0.0,0.0,0.0,0.0,0.0,0.0,0.0,0.0,0.0,0.0
CR556Q01S,606.0,0.41254125412541254,0.4926982320671152,0.0,0.0,0.0,0.0,0.0,1.0,1.0,1.0,1.0
CR556Q01TT,671.0,52030.12965722802,87235.90954891482,31.0,119.7,775.5,10994.5,34852.0,67197.0,149259.0,278443.699999997,1792317.0
CR556Q01F,624.0,39060.0608974359,45128.663064187625,2.0,10.0,1442.45,7174.5,25164.0,53424.0,131064.90000000008,198072.9399999998,452245.0
CR556Q01A,671.0,2.450074515648286,3.1914244927534465,0.0,0.0,0.0,1.0,2.0,3.0,8.0,14.0,47.0
CR556Q01V,671.0,1.0491803278688525,0.21640567618955037,1.0,1.0,1.0,1.0,1.0,1.0,1.0,2.0,2.0
CR556Q01VS,671.0,0.038748137108792845,0.19313806226963842,0.0,0.0,0.0,0.0,0.0,0.0,0.0,1.0,1.0
CR556Q12SC,546.0,0.3553113553113553,0.47904644786311673,0.0,0.0,0.0,0.0,0.0,1.0,1.0,1.0,1.0
CR556Q12SD,546.0,0.3333333333333333,0.4718368037986866,0.0,0.0,0.0,0.0,0.0,1.0,1.0,1.0,1.0
CR556Q03S,592.0,0.5050675675675675,0.5003971304385101,0.0,0.0,0.0,0.0,1.0,1.0,1.0,1.0,1.0
CR556Q03TT,667.0,30293.415292353824,34916.5367048682,25.0,102.96000000000001,612.4000000000003,5865.5,21039.0,40563.5,102414.69999999997,149599.34000000017,331798.0
CR556Q03F,609.0,26025.494252873563,31487.623771152812,2.0,5.16,929.8000000000001,3651.0,17242.0,35389.0,84196.00000000006,139848.0,322703.0
CR556Q03A,667.0,1.9835082458770614,2.8371248057179637,0.0,0.0,0.0,1.0,1.0,2.0,5.0,12.0,50.0
CR556Q03V,667.0,1.0764617691154423,0.3078074399405437,1.0,1.0,1.0,1.0,1.0,1.0,2.0,3.0,3.0
CR556Q03VS,667.0,0.05247376311844078,0.23622220125264792,0.0,0.0,0.0,0.0,0.0,0.0,0.0,1.0,2.0
CR556Q04S,590.0,0.24745762711864408,0.4319010498681523,0.0,0.0,0.0,0.0,0.0,0.0,1.0,1.0,1.0
CR556Q04TT,662.0,52007.1419939577,50601.01376898286,20.0,96.59,556.25,8769.25,40948.0,77511.5,154165.64999999997,212978.10999999993,377269.0
CR556Q04F,605.0,42166.16033057851,43842.20208491717,3.0,12.04,957.8000000000001,6465.0,29422.0,65096.0,129462.59999999999,190520.16000000012,238328.0
CR556Q04A,662.0,2.2220543806646527,2.775066750650015,0.0,0.0,0.0,1.0,2.0,2.0,6.0,14.0,31.0
CR556Q04V,662.0,1.0891238670694865,0.376587294906738,1.0,1.0,1.0,1.0,1.0,1.0,2.0,3.0,5.0
CR556Q04VS,662.0,0.0649546827794562,0.27560125068739977,0.0,0.0,0.0,0.0,0.0,0.0,1.0,1.0,3.0
CR556Q05S,582.0,0.5395189003436426,0.4988645718909545,0.0,0.0,0.0,0.0,1.0,1.0,1.0,1.0,1.0
CR556Q05TT,655.0,19512.85038167939,20849.231970224282,13.0,113.24,583.1000000000001,5534.5,14005.0,25182.5,56783.8,93116.5000000006,191204.0
CR556Q05F,597.0,15395.582914572864,17723.973340319753,1.0,5.0,780.0,3605.0,10400.0,20233.0,48828.99999999998,74452.47999999972,171443.0
CR556Q05A,655.0,1.7740458015267175,2.1829751247901403,0.0,0.0,0.0,1.0,1.0,2.0,4.0,8.0,45.0
CR556Q05V,655.0,1.0916030534351144,0.4073180290007699,1.0,1.0,1.0,1.0,1.0,1.0,2.0,3.0,5.0
CR556Q05VS,655.0,0.07480916030534351,0.3012064201859257,0.0,0.0,0.0,0.0,0.0,0.0,1.0,1.0,4.0
CR556Q09TT,656.0,72420.89329268293,87031.38994497032,11.0,86.5,419.5,4676.25,39629.0,110899.75,254763.75,381714.35,460564.0
CR556Q09F,430.0,28777.46976744186,36481.98844048039,1.0,3.0,508.5,3770.25,16840.0,38412.75,94399.24999999997,167477.7799999998,313128.0
CR556Q09A,656.0,44.78963414634146,69.63552845841511,0.0,0.0,0.0,0.0,6.0,79.25,185.0,286.0,484.0
CR556Q09V,656.0,1.0746951219512195,0.3734304333967109,1.0,1.0,1.0,1.0,1.0,1.0,1.25,3.0,5.0
CR556Q09VS,656.0,0.07774390243902439,0.30021636212055536,0.0,0.0,0.0,0.0,0.0,0.0,1.0,1.0,3.0
CR556Q10S,565.0,0.36460176991150445,0.4817448255531308,0.0,0.0,0.0,0.0,0.0,1.0,1.0,1.0,1.0
CR556Q10TT,653.0,21501.19908116386,23770.86837414484,17.0,73.4,393.8,4461.0,13176.0,30386.0,70524.79999999999,104301.28000000003,133449.0
CR556Q10F,582.0,17400.6529209622,20785.69058945027,2.0,6.8100000000000005,1022.05,2688.5,9873.5,23384.0,61945.44999999997,95147.04999999999,131499.0
CR556Q10A,653.0,2.0535987748851454,3.286224277862921,0.0,0.0,0.0,1.0,1.0,2.0,5.399999999999977,10.0,68.0
CR556Q10V,653.0,1.0719754977029097,0.3869361157619242,1.0,1.0,1.0,1.0,1.0,1.0,1.0,3.0,6.0
CR556Q10VS,653.0,0.08116385911179173,0.2948908383530991,0.0,0.0,0.0,0.0,0.0,0.0,1.0,1.0,3.0
CR556Q12S,567.0,0.25925925925925924,0.5462510989046833,0.0,0.0,0.0,0.0,0.0,0.0,2.0,2.0,2.0
CR556Q12TT,650.0,44139.41846153846,47100.20943963619,1563.0,1969.69,2821.35,16502.0,32236.0,58701.5,113315.04999999999,219128.6699999999,559933.0
CR556Q12F,597.0,13004.011725293132,17122.048865146553,1.0,4.0,804.6,3578.0,7596.0,15682.0,44328.19999999999,86448.51999999996,206759.0
CR556Q12A,650.0,6.041538461538462,3.7329743882824,0.0,0.0,0.0,4.0,6.0,8.0,12.0,17.50999999999999,36.0
CR556Q12SA,561.0,0.7629233511586453,0.4256692329734183,0.0,0.0,0.0,1.0,1.0,1.0,1.0,1.0,1.0
CR556Q12SB,545.0,0.30091743119266057,0.4590782430516492,0.0,0.0,0.0,0.0,0.0,1.0,1.0,1.0,1.0
CR556Q12V,650.0,1.0384615384615385,0.22218435667017425,1.0,1.0,1.0,1.0,1.0,1.0,1.0,2.0,4.0
CR556Q12VS,650.0,0.0015384615384615385,0.03922322702763681,0.0,0.0,0.0,0.0,0.0,0.0,0.0,0.0,1.0
CR568Q14S,358.0,0.7681564245810056,0.4226002714959055,0.0,0.0,0.0,1.0,1.0,1.0,1.0,1.0,1.0
CR568Q14TT,410.0,49608.939024390245,27914.833764268373,690.0,1423.79,5854.45,33562.75,47252.5,64240.75,94310.24999999999,123329.04999999981,246449.0
CR568Q14F,376.0,41222.619680851065,26831.129698498316,1476.0,2196.5,4476.75,22723.0,41039.5,55729.75,82069.5,107260.5,246196.0
CR568Q14A,410.0,2.580487804878049,5.187403376998404,0.0,0.0,0.0,1.0,1.0,3.0,8.0,19.909999999999968,77.0
CR568Q14V,410.0,1.0682926829268293,0.27122742321759014,1.0,1.0,1.0,1.0,1.0,1.0,2.0,2.0,3.0
CR568Q14VS,410.0,0.0,0.0,0.0,0.0,0.0,0.0,0.0,0.0,0.0,0.0,0.0
CR568Q05S,380.0,0.7421052631578947,0.43805252570400294,0.0,0.0,0.0,0.0,1.0,1.0,1.0,1.0,1.0
CR568Q05TT,406.0,77461.86453201971,66622.50163627474,115.0,349.05,6392.75,36592.25,64621.0,99199.0,192548.0,267946.89999999997,682063.0
CR568Q05F,392.0,62933.33418367347,59624.95503459776,2.0,765.3800000000001,4195.6,22792.25,47747.5,83117.0,177618.24999999997,264258.8299999996,517817.0
CR568Q05A,406.0,2.2463054187192117,2.3229235826188117,0.0,0.0,1.0,1.0,2.0,2.0,5.75,10.849999999999966,31.0
CR568Q05V,406.0,1.0714285714285714,0.3019630074170088,1.0,1.0,1.0,1.0,1.0,1.0,2.0,2.9499999999999886,3.0
CR568Q05VS,406.0,0.027093596059113302,0.17709570854083292,0.0,0.0,0.0,0.0,0.0,0.0,0.0,1.0,2.0
CR568Q06TT,397.0,86386.120906801,75421.67851738175,170.0,316.6,2410.8,41489.0,73587.0,112254.0,206956.59999999983,324259.9200000005,860917.0
CR568Q06F,341.0,20618.184750733137,22601.430047244194,2.0,17.8,1154.0,8003.0,13108.0,26768.0,65475.0,95158.00000000004,182417.0
CR568Q06A,397.0,87.27455919395466,83.83405736550796,0.0,0.0,0.0,28.0,74.0,127.0,223.39999999999998,315.04,821.0
CR568Q06V,397.0,1.1007556675062973,0.389151412003105,1.0,1.0,1.0,1.0,1.0,1.0,2.0,3.0,5.0
CR568Q06VS,397.0,0.02518891687657431,0.15689627622418514,0.0,0.0,0.0,0.0,0.0,0.0,0.0,1.0,1.0
CR568Q15S,321.0,0.4984423676012461,0.5007782105876581,0.0,0.0,0.0,0.0,0.0,1.0,1.0,1.0,1.0
CR568Q15TT,392.0,37343.07653061225,29921.332916636497,156.0,317.8,1462.3,17456.75,33611.5,49732.75,86785.4,145230.5299999999,287459.0
CR568Q15F,336.0,32319.803571428572,27494.919793931633,2.0,51.45000000000001,3309.5,15684.5,27293.0,41683.25,72307.75,135367.14999999976,287240.0
CR568Q15A,392.0,1.6403061224489797,2.9996944274321566,0.0,0.0,0.0,1.0,1.0,1.0,5.0,12.089999999999975,36.0
CR568Q15V,392.0,1.1122448979591837,0.4141401732434409,1.0,1.0,1.0,1.0,1.0,1.0,2.0,3.0,4.0
CR568Q15VS,392.0,0.02806122448979592,0.16535884044736712,0.0,0.0,0.0,0.0,0.0,0.0,0.0,1.0,1.0
CR568Q08S,357.0,0.7002801120448179,0.458778213744647,0.0,0.0,0.0,0.0,1.0,1.0,1.0,1.0,1.0
CR568Q08TT,384.0,52132.130208333336,83593.35112936814,212.0,384.89,3512.3500000000017,24769.25,38982.0,63277.25,114615.79999999999,211700.75000000012,1505253.0
CR568Q08F,367.0,40065.66757493188,84288.4119069537,3.0,39.02000000000001,2404.5,12737.0,26545.0,48095.0,100786.09999999999,192817.23999999915,1504283.0
CR568Q08A,384.0,2.2473958333333335,1.9561093931039188,0.0,0.0,1.0,1.0,2.0,3.0,6.0,10.0,14.0
CR568Q08V,384.0,1.125,0.45128189912782646,1.0,1.0,1.0,1.0,1.0,1.0,2.0,3.0,5.0
CR568Q08VS,384.0,0.026041666666666668,0.15946699187278188,0.0,0.0,0.0,0.0,0.0,0.0,0.0,1.0,1.0
CR568Q10S,345.0,0.4492753623188406,0.4981428266063455,0.0,0.0,0.0,0.0,0.0,1.0,1.0,1.0,1.0
CR568Q10TT,379.0,56377.635883905015,44898.698609124454,108.0,315.28000000000003,1255.100000000001,20263.0,48746.0,81903.5,137414.0999999997,189597.4599999993,247249.0
CR568Q10F,357.0,42544.574229691876,38655.37432093039,2.0,53.0,1676.6,13389.0,32857.0,64087.0,117008.79999999999,160843.52,237720.0
CR568Q10A,379.0,2.546174142480211,2.6397159702241835,0.0,0.0,0.0,1.0,2.0,3.0,7.0,16.0,20.0
CR568Q10V,379.0,1.16622691292876,0.5739672217598585,1.0,1.0,1.0,1.0,1.0,1.0,2.0,4.0,7.0
CR568Q10VS,379.0,0.05013192612137203,0.31726131887486175,0.0,0.0,0.0,0.0,0.0,0.0,0.0,1.0,5.0
CR568Q13TT,373.0,102540.27613941018,128270.87322850256,1600.0,2116.72,4229.0,29796.0,73812.0,137307.0,255917.3999999999,390950.75999999756,1741737.0
CR568Q13F,345.0,31387.17391304348,93577.79978982489,2.0,96.12,1596.2,10873.0,17782.0,33568.0,72541.40000000002,124283.16000000002,1462934.0
CR568Q13A,373.0,88.49329758713137,100.7550157939796,0.0,0.0,0.0,3.0,65.0,134.0,259.0,460.15999999999804,632.0
CR568Q13V,373.0,1.096514745308311,0.353650202188261,1.0,1.0,1.0,1.0,1.0,1.0,2.0,3.0,4.0
CR568Q13VS,373.0,0.0,0.0,0.0,0.0,0.0,0.0,0.0,0.0,0.0,0.0,0.0
CR541Q01S,424.0,0.29245283018867924,0.4554265635025521,0.0,0.0,0.0,0.0,0.0,1.0,1.0,1.0,1.0
CR541Q01TT,455.0,55785.27032967033,81940.62577294075,136.0,290.46,4034.2000000000016,20639.5,38553.0,68083.0,149948.99999999997,238383.33999999976,1450028.0
CR541Q01F,437.0,40130.78718535469,43293.44100971286,5.0,67.80000000000003,2343.8,14477.0,26431.0,54245.0,121016.4,189167.59999999992,443277.0
CR541Q01A,455.0,3.0,4.219213447378249,0.0,0.0,1.0,1.0,2.0,3.0,8.0,23.45999999999998,46.0
CR541Q01V,455.0,1.0813186813186813,0.3182800999231146,1.0,1.0,1.0,1.0,1.0,1.0,2.0,3.0,3.0
CR541Q01VS,455.0,0.03296703296703297,0.19067174612357146,0.0,0.0,0.0,0.0,0.0,0.0,0.0,1.0,2.0
CR541Q03S,421.0,0.6175771971496437,0.4865572171636447,0.0,0.0,0.0,0.0,1.0,1.0,1.0,1.0,1.0
CR541Q03TT,446.0,34119.66591928251,24235.66584148812,28.0,192.15,1863.5,19033.75,28272.0,44884.5,78449.5,108871.00000000006,154659.0
CR541Q03F,429.0,24681.88111888112,19015.684615830465,2.0,8.200000000000003,1822.8000000000004,12277.0,19918.0,32386.0,60647.19999999998,84665.07999999981,129148.0
CR541Q03A,446.0,2.5358744394618835,3.5178281121873693,0.0,0.0,1.0,1.0,2.0,2.0,6.75,13.100000000000023,49.0
CR541Q03V,446.0,1.1345291479820627,0.43942825754667664,1.0,1.0,1.0,1.0,1.0,1.0,2.0,3.0,4.0
CR541Q03VS,446.0,0.06278026905829596,0.30071881100990067,0.0,0.0,0.0,0.0,0.0,0.0,0.0,1.5500000000000114,3.0
CR541Q04TT,444.0,96530.99099099099,148920.36814343883,11.0,226.41999999999996,2934.0,32087.5,74260.5,120442.5,265352.1999999997,439055.81999999983,2502953.0
CR541Q04F,414.0,24917.50966183575,50405.682355779325,2.0,11.459999999999996,2537.0,9152.5,15284.5,28986.5,66201.24999999983,125019.11000000006,941097.0
CR541Q04A,444.0,71.17117117117117,84.89482260521861,0.0,0.0,0.0,3.0,56.0,110.0,204.69999999999993,339.69999999999993,690.0
CR541Q04V,444.0,1.1801801801801801,0.5408495649311348,1.0,1.0,1.0,1.0,1.0,1.0,2.0,3.569999999999993,5.0
CR541Q04VS,444.0,0.04504504504504504,0.21823785923478992,0.0,0.0,0.0,0.0,0.0,0.0,0.0,1.0,2.0
CR541Q05S,392.0,0.7346938775510204,0.44206028701266986,0.0,0.0,0.0,0.0,1.0,1.0,1.0,1.0,1.0
CR541Q05TT,432.0,61330.93981481482,46927.85243349168,88.0,186.3,948.6,24122.25,55582.0,89988.0,149156.05,197399.46,264376.0
CR541Q05F,403.0,46727.47890818858,43469.09064775468,2.0,92.0200000000003,2172.2000000000003,13526.0,31519.0,70471.5,131369.79999999996,177607.30000000008,240443.0
CR541Q05A,432.0,2.6481481481481484,2.6890335503815805,0.0,0.0,0.0,1.0,2.0,3.0,8.0,14.0,23.0
CR541Q05V,432.0,1.1527777777777777,0.5818537195608051,1.0,1.0,1.0,1.0,1.0,1.0,2.0,3.0,7.0
CR541Q05VS,432.0,0.09027777777777778,0.3837752588985044,0.0,0.0,0.0,0.0,0.0,0.0,1.0,2.0,3.0
CR541Q09TT,423.0,69384.58628841607,64700.08785051209,30.0,189.38,1003.0,22991.5,55344.0,96422.0,188902.3,296924.4199999995,411407.0
CR541Q09F,389.0,13606.609254498715,13360.020618985134,1.0,3.76,1556.0,6412.0,9901.0,16817.0,29875.799999999996,70503.80000000003,106626.0
CR541Q09A,423.0,71.3096926713948,75.50491070718901,0.0,0.0,0.0,3.0,60.0,103.0,208.89999999999998,307.59999999999945,537.0
CR541Q09V,423.0,1.1371158392434988,0.5551296362920611,1.0,1.0,1.0,1.0,1.0,1.0,2.0,3.7799999999999727,6.0
CR541Q09VS,423.0,0.0851063829787234,0.37999803632807033,0.0,0.0,0.0,0.0,0.0,0.0,1.0,2.0,4.0
CR541Q10S,374.0,0.6550802139037433,0.4759788773378541,0.0,0.0,0.0,0.0,1.0,1.0,1.0,1.0,1.0
CR541Q10TT,419.0,32481.968973747018,81921.18365748589,116.0,283.98,561.0000000000001,11740.0,22706.0,37502.5,71294.99999999984,148052.51999999981,1607103.0
CR541Q10F,384.0,22499.684895833332,81996.80123552794,1.0,4.0,1643.45,7185.75,13709.5,25704.75,49162.34999999999,73868.30000000008,1594544.0
CR541Q10A,419.0,2.6610978520286395,3.2883278770895368,0.0,0.0,0.0,1.0,2.0,3.0,7.099999999999966,14.0,44.0
CR541Q10V,419.0,1.1431980906921242,0.6018474638619917,1.0,1.0,1.0,1.0,1.0,1.0,2.0,4.0,7.0
CR541Q10VS,419.0,0.07875894988066826,0.3184928422424281,0.0,0.0,0.0,0.0,0.0,0.0,1.0,1.0,3.0
CR541Q11TT,411.0,91444.1897810219,90515.23536387965,1457.0,1842.1,2655.5,18421.0,79116.0,132383.0,245094.5,357510.2999999998,883966.0
CR541Q11F,330.0,16077.636363636364,14430.612534141708,3.0,69.96000000000001,1014.4999999999998,6806.75,12091.5,21081.5,49303.85000000002,66039.66999999995,76571.0
CR541Q11A,411.0,98.84914841849148,106.42980793727725,0.0,0.0,0.0,2.0,74.0,158.0,289.5,429.6999999999988,701.0
CR541Q11V,411.0,1.0778588807785887,0.35444396789655835,1.0,1.0,1.0,1.0,1.0,1.0,2.0,3.0,5.0
CR541Q11VS,411.0,0.0,0.0,0.0,0.0,0.0,0.0,0.0,0.0,0.0,0.0,0.0
CR543Q01S,658.0,0.2507598784194529,0.43378027541323305,0.0,0.0,0.0,0.0,0.0,0.75,1.0,1.0,1.0
CR543Q01TT,719.0,69029.33518776078,71723.66183726057,45.0,313.12,2946.8999999999996,15083.0,44792.0,98382.5,219158.30000000002,296221.0400000011,455340.0
CR543Q01F,674.0,59451.91691394659,66304.88111121894,4.0,237.86000000000007,1954.9,11737.75,35982.0,82004.0,205131.00000000003,271182.0799999999,439237.0
CR543Q01A,719.0,2.4019471488178024,6.44397726563249,0.0,0.0,0.0,1.0,2.0,2.0,6.0,10.0,132.0
CR543Q01V,719.0,1.0417246175243393,0.2262331157591964,1.0,1.0,1.0,1.0,1.0,1.0,1.0,2.0,4.0
CR543Q01VS,719.0,0.025034770514603615,0.15633945519836964,0.0,0.0,0.0,0.0,0.0,0.0,0.0,1.0,1.0
CR543Q03S,661.0,0.540090771558245,0.4987675637580406,0.0,0.0,0.0,0.0,1.0,1.0,1.0,1.0,1.0
CR543Q03TT,709.0,28848.097320169254,31348.187734729017,50.0,220.32,849.5999999999999,8123.0,19853.0,38209.0,89724.60000000002,144542.19999999987,303943.0
CR543Q03F,672.0,21566.403273809523,26599.39919852277,2.0,5.71,1028.75,4309.0,13384.0,27097.5,77631.09999999998,126020.9399999998,185231.0
CR543Q03A,709.0,2.255289139633286,4.627172365941569,0.0,0.0,0.0,1.0,2.0,2.0,6.0,10.0,98.0
CR543Q03V,709.0,1.0860366713681242,0.33980669780575296,1.0,1.0,1.0,1.0,1.0,1.0,2.0,3.0,4.0
CR543Q03VS,709.0,0.0380818053596615,0.19152890377707174,0.0,0.0,0.0,0.0,0.0,0.0,0.0,1.0,1.0
CR543Q04S,656.0,0.4878048780487805,0.5002326771962693,0.0,0.0,0.0,0.0,0.0,1.0,1.0,1.0,1.0
CR543Q04TT,707.0,21991.251768033948,20926.972595910942,85.0,228.6,768.4000000000001,6686.0,17126.0,29718.0,57139.799999999996,94152.85999999974,190186.0
CR543Q04F,667.0,17627.049475262367,18042.93852385544,4.0,33.6,1048.9,3764.0,12922.0,25430.5,50001.09999999999,81443.68000000008,158035.0
CR543Q04A,707.0,1.891089108910891,1.7870377872207601,0.0,0.0,0.0,1.0,2.0,2.0,4.699999999999932,9.0,20.0
CR543Q04V,707.0,1.0777934936350777,0.3296520567828702,1.0,1.0,1.0,1.0,1.0,1.0,2.0,3.0,3.0
CR543Q04VS,707.0,0.042432814710042434,0.20171718751146023,0.0,0.0,0.0,0.0,0.0,0.0,0.0,1.0,1.0
CR543Q09S,651.0,0.250384024577573,0.4335673206423757,0.0,0.0,0.0,0.0,0.0,0.5,1.0,1.0,1.0
CR543Q09TT,706.0,42738.31444759207,78183.05578935871,60.0,182.1,966.25,6544.75,22953.0,59344.5,140198.75,198045.70000000007,1719692.0
CR543Q09F,663.0,35885.37405731523,77934.34070540505,1.0,3.0,1242.7,3695.0,15419.0,48575.5,124018.99999999999,183334.09999999998,1713267.0
CR543Q09A,706.0,2.2889518413597734,3.998413484016731,0.0,0.0,0.0,1.0,2.0,2.0,6.0,14.950000000000045,86.0
CR543Q09V,706.0,1.0439093484419264,0.2487951397392496,1.0,1.0,1.0,1.0,1.0,1.0,1.0,2.0,4.0
CR543Q09VS,706.0,0.039660056657223795,0.20932013695676682,0.0,0.0,0.0,0.0,0.0,0.0,0.0,1.0,2.0
CR543Q10S,648.0,0.39969135802469136,0.49021324299096314,0.0,0.0,0.0,0.0,0.0,1.0,1.0,1.0,1.0
CR543Q10TT,705.0,27345.43829787234,45903.441348011074,55.0,207.88,659.2,5322.0,16571.0,33993.0,86062.19999999998,138482.6000000001,906457.0
CR543Q10F,659.0,20757.61001517451,28194.415905358586,1.0,7.58,771.5,2856.0,11450.0,26930.0,72346.70000000001,126616.6399999997,318016.0
CR543Q10A,705.0,2.1617021276595745,4.317243102691455,0.0,0.0,0.0,1.0,2.0,2.0,5.0,9.960000000000036,82.0
CR543Q10V,705.0,1.0510638297872341,0.26155593800191557,1.0,1.0,1.0,1.0,1.0,1.0,1.0,2.0,3.0
CR543Q10VS,705.0,0.04822695035460993,0.2209235640388926,0.0,0.0,0.0,0.0,0.0,0.0,0.0,1.0,2.0
CR543Q13S,289.0,0.44982698961937717,0.49833922568102595,0.0,0.0,0.0,0.0,0.0,1.0,1.0,1.0,1.0
CR543Q13TT,700.0,28388.465714285714,40662.49110975139,148.0,301.97,775.5,3073.0,8958.5,43714.5,100955.65,175718.43999999997,468572.0
CR543Q13F,345.0,31067.904347826086,30428.060762987454,2.0,3.44,1501.4,6524.0,23984.0,44870.0,86368.00000000001,154643.44000000006,217310.0
CR543Q13A,700.0,1.7014285714285715,3.9246476512666835,0.0,0.0,0.0,0.0,0.0,1.0,8.0,14.049999999999955,48.0
CR543Q13V,700.0,1.0614285714285714,0.2938535138372907,1.0,1.0,1.0,1.0,1.0,1.0,1.0499999999999545,2.0,4.0
CR543Q13VS,700.0,0.047142857142857146,0.2187370620389275,0.0,0.0,0.0,0.0,0.0,0.0,0.0,1.0,2.0
CR543Q15TT,701.0,64313.75463623395,109433.81980788856,1555.0,1887.0,3200.0,14449.0,42245.0,83539.0,181545.0,275420.0,2397008.0
CR543Q15F,648.0,16415.828703703704,18506.09836158766,1.0,47.23,1309.15,4213.25,11585.5,21111.0,51318.69999999998,75380.38999999998,205328.0
CR543Q15A,701.0,42.27817403708987,62.43367630720239,0.0,0.0,0.0,2.0,8.0,64.0,168.0,278.0,519.0
CR543Q15V,701.0,1.0399429386590584,0.21673419440657316,1.0,1.0,1.0,1.0,1.0,1.0,1.0,2.0,4.0
CR543Q15VS,701.0,0.0,0.0,0.0,0.0,0.0,0.0,0.0,0.0,0.0,0.0,0.0
CR544Q04S,383.0,0.7806788511749347,0.4143278904224561,0.0,0.0,0.0,1.0,1.0,1.0,1.0,1.0,1.0
CR544Q04TT,408.0,99676.54901960785,141349.0649092173,137.0,280.07,5137.3,35236.75,68671.5,135061.75,254956.09999999983,361419.04000000004,2446814.0
CR544Q04F,389.0,77726.56555269923,141347.1376253343,5.0,24.959999999999997,2892.2000000000003,19709.0,43627.0,101679.0,230117.9999999999,335869.88,2445088.0
CR544Q04A,408.0,2.6200980392156863,2.9434119148427738,0.0,0.0,1.0,1.0,2.0,3.0,7.649999999999977,16.860000000000014,24.0
CR544Q04V,408.0,1.088235294117647,0.4112171942712108,1.0,1.0,1.0,1.0,1.0,1.0,2.0,3.0,6.0
CR544Q04VS,408.0,0.031862745098039214,0.1893074427911682,0.0,0.0,0.0,0.0,0.0,0.0,0.0,1.0,2.0
CR544Q14SC,334.0,0.9431137724550899,0.23197261977713313,0.0,0.0,0.0,1.0,1.0,1.0,1.0,1.0,1.0
CR544Q14SD,337.0,0.3353115727002967,0.4728012779877657,0.0,0.0,0.0,0.0,0.0,1.0,1.0,1.0,1.0
CR544Q14SE,333.0,0.44744744744744747,0.4979788375842068,0.0,0.0,0.0,0.0,0.0,1.0,1.0,1.0,1.0
CR544Q06S,382.0,0.7774869109947644,0.41647939340388207,0.0,0.0,0.0,1.0,1.0,1.0,1.0,1.0,1.0
CR544Q06TT,403.0,39735.47394540943,34853.134231477714,24.0,186.34000000000003,2459.4000000000015,14253.0,30829.0,56404.0,101495.99999999999,168930.22000000035,233207.0
CR544Q06F,386.0,32337.860103626943,31709.211035512442,3.0,35.2,2708.75,10198.0,24007.0,45051.0,89967.75,145466.0999999994,229166.0
CR544Q06A,403.0,2.161290322580645,2.085555707607203,0.0,0.0,1.0,1.0,2.0,2.0,5.0,10.980000000000018,18.0
CR544Q06V,403.0,1.1091811414392059,0.4917124857055125,1.0,1.0,1.0,1.0,1.0,1.0,2.0,3.0,5.0
CR544Q06VS,403.0,0.05707196029776675,0.28075655126370774,0.0,0.0,0.0,0.0,0.0,0.0,0.0,1.0,3.0
CR544Q07TT,399.0,69223.16290726817,65290.0954042457,124.0,279.94,2322.300000000001,22658.0,53785.0,88920.0,197724.5999999999,294390.5399999988,436465.0
CR544Q07F,365.0,15813.978082191781,15124.622462986305,2.0,16.240000000000002,2121.7999999999997,6986.0,11758.0,19382.0,43985.000000000015,63581.64000000004,152765.0
CR544Q07A,399.0,70.9172932330827,82.53986809912428,0.0,0.0,0.0,2.0,53.0,104.0,215.2999999999999,367.27999999999975,615.0
CR544Q07V,399.0,1.137844611528822,0.5431587919579255,1.0,1.0,1.0,1.0,1.0,1.0,2.0,3.019999999999982,6.0
CR544Q07VS,399.0,0.047619047619047616,0.24605039978481355,0.0,0.0,0.0,0.0,0.0,0.0,0.0,1.0,2.0
CR544Q10S,360.0,0.5972222222222222,0.49113937858655826,0.0,0.0,0.0,0.0,1.0,1.0,1.0,1.0,1.0
CR544Q10TT,394.0,72754.42131979695,70696.17126620012,32.0,363.34000000000003,2815.55,21731.75,47862.5,97717.25,225012.84999999998,287348.93999999994,328640.0
CR544Q10F,371.0,54110.832884097035,62021.906248227235,2.0,2.7,2893.5,13587.5,32258.0,67085.5,205500.5,264746.5000000001,300449.0
CR544Q10A,394.0,2.8959390862944163,2.991392870247591,0.0,0.0,0.0,1.0,2.0,3.0,8.349999999999966,16.069999999999993,22.0
CR544Q10V,394.0,1.1395939086294415,0.5417019992987157,1.0,1.0,1.0,1.0,1.0,1.0,2.0,3.0,7.0
CR544Q10VS,394.0,0.03807106598984772,0.1916111813270504,0.0,0.0,0.0,0.0,0.0,0.0,0.0,1.0,1.0
CR544Q12S,354.0,0.5056497175141242,0.500675748929876,0.0,0.0,0.0,0.0,1.0,1.0,1.0,1.0,1.0
CR544Q12TT,390.0,39260.92564102564,34279.693848421404,31.0,227.34,722.1500000000001,17256.0,32777.0,48953.75,101940.84999999986,167960.86000000025,235609.0
CR544Q12F,365.0,26792.383561643837,25320.397039266638,1.0,3.0,1312.8,10266.0,20867.0,36062.0,68207.6,113949.28000000017,225231.0
CR544Q12A,390.0,2.7153846153846155,3.002744114427549,0.0,0.0,0.0,1.0,2.0,3.0,9.0,16.110000000000014,26.0
CR544Q12V,390.0,1.1666666666666667,0.5784623413646174,1.0,1.0,1.0,1.0,1.0,1.0,2.0,3.1100000000000136,7.0
CR544Q12VS,390.0,0.05384615384615385,0.23710567735616622,0.0,0.0,0.0,0.0,0.0,0.0,0.5499999999999545,1.0,2.0
CR544Q13TT,386.0,80848.29533678756,81121.45923301902,29.0,81.8,449.0,16658.5,59714.0,116009.0,244343.0,335403.4499999989,511303.0
CR544Q13F,334.0,21821.221556886227,28194.710754028278,2.0,6.32,1608.9,9791.75,14766.0,23290.25,60025.54999999988,144776.72000000073,255783.0
CR544Q13A,386.0,54.137305699481864,77.18689954786886,0.0,0.0,0.0,1.0,12.0,91.5,191.25,322.44999999999993,679.0
CR544Q13V,386.0,1.1476683937823835,0.479672240788299,1.0,1.0,1.0,1.0,1.0,1.0,2.0,3.1499999999999773,4.0
CR544Q13VS,386.0,0.06217616580310881,0.24178863808785067,0.0,0.0,0.0,0.0,0.0,0.0,1.0,1.0,1.0
CR544Q14S,339.0,0.5398230088495575,0.657708927771404,0.0,0.0,0.0,0.0,0.0,1.0,2.0,2.0,2.0
CR544Q14TT,378.0,48571.28306878307,39142.319705026195,1385.0,1990.75,3379.15,23325.75,37378.5,64252.75,122859.84999999998,177678.00000000006,289993.0
CR544Q14F,353.0,13640.28328611898,12506.52773255642,3.0,4.0,2348.6,5020.0,9783.0,17450.0,37743.799999999996,61947.320000000225,80071.0
CR544Q14A,378.0,6.851851851851852,3.4501772928357197,0.0,0.0,0.0,5.0,6.0,8.0,12.149999999999977,19.0,22.0
CR544Q14SA,339.0,0.9292035398230089,0.2568636789684976,0.0,0.0,0.0,1.0,1.0,1.0,1.0,1.0,1.0
CR544Q14SB,336.0,0.6458333333333334,0.4789733008066025,0.0,0.0,0.0,0.0,1.0,1.0,1.0,1.0,1.0
CR544Q14V,378.0,1.0476190476190477,0.21324110675406993,1.0,1.0,1.0,1.0,1.0,1.0,1.0,2.0,2.0
CR544Q14VS,378.0,0.0,0.0,0.0,0.0,0.0,0.0,0.0,0.0,0.0,0.0,0.0
CR563Q09TT,684.0,77120.19298245614,56049.146786234836,130.0,282.47,2596.4,38412.25,69361.0,105656.25,182999.45,255770.97999999978,322023.0
CR563Q09F,607.0,20220.82866556837,17528.507837054993,3.0,93.06,2048.5,7912.5,15950.0,27096.5,50032.899999999994,84986.25999999973,153749.0
CR563Q09A,684.0,13.255847953216374,31.685317359558976,0.0,0.0,0.0,4.0,9.0,16.0,33.0,58.16999999999996,768.0
CR563Q09V,684.0,1.1345029239766082,0.4521394254217612,1.0,1.0,1.0,1.0,1.0,1.0,2.0,3.0,5.0
CR563Q09VS,684.0,0.024853801169590642,0.1557933711524556,0.0,0.0,0.0,0.0,0.0,0.0,0.0,1.0,1.0
CR563Q10S,603.0,0.6666666666666666,0.47179589032360786,0.0,0.0,0.0,0.0,1.0,1.0,1.0,1.0,1.0
CR563Q10TT,673.0,30646.898959881128,28615.96531879853,92.0,263.76,883.4000000000001,12362.0,23038.0,40252.0,85882.4,138717.71999999988,278765.0
CR563Q10F,623.0,11421.69341894061,11609.78011834034,1.0,6.22,1772.9,4743.0,8167.0,14069.5,30813.89999999999,65538.15999999993,97935.0
CR563Q10A,673.0,4.139673105497772,4.255750788513509,0.0,0.0,0.0,2.0,3.0,5.0,11.0,19.0,47.0
CR563Q10V,673.0,1.1901931649331352,0.5896620234655595,1.0,1.0,1.0,1.0,1.0,1.0,2.0,4.0,6.0
CR563Q10VS,673.0,0.04457652303120357,0.206525625028106,0.0,0.0,0.0,0.0,0.0,0.0,0.0,1.0,1.0
CR563Q07S,593.0,0.46037099494097805,0.49884785902575823,0.0,0.0,0.0,0.0,0.0,1.0,1.0,1.0,1.0
CR563Q07TT,669.0,50003.53961136024,98311.85960266054,20.0,180.8,624.1999999999999,9785.0,32810.0,65323.0,142226.00000000006,222879.04000000106,2255273.0
CR563Q07F,618.0,12066.338187702266,12777.29107325551,1.0,4.17,1591.35,4000.25,8512.5,15943.0,31941.1,66051.75000000004,110765.0
CR563Q07A,669.0,6.932735426008969,8.088023700910046,0.0,0.0,0.0,2.0,3.0,10.0,24.0,37.0,44.0
CR563Q07V,669.0,1.1524663677130045,0.5197426103158701,1.0,1.0,1.0,1.0,1.0,1.0,2.0,3.0,5.0
CR563Q07VS,669.0,0.05530642750373692,0.2352017295140701,0.0,0.0,0.0,0.0,0.0,0.0,1.0,1.0,2.0
CR563Q02S,588.0,0.5255102040816326,0.49977396413568503,0.0,0.0,0.0,0.0,1.0,1.0,1.0,1.0,1.0
CR563Q02TT,664.0,36777.423192771086,39662.6177008526,118.0,206.63,616.1,10883.25,28257.5,49702.25,102658.10000000003,171696.02,459540.0
CR563Q02F,613.0,15407.78629690049,12778.313451637843,1.0,4.12,1021.0,6935.0,13400.0,20693.0,36820.99999999999,59255.2,103977.0
CR563Q02A,664.0,5.260542168674699,6.144308603284595,0.0,0.0,0.0,1.0,3.0,7.0,18.0,25.0,52.0
CR563Q02V,664.0,1.1219879518072289,0.4274145781019631,1.0,1.0,1.0,1.0,1.0,1.0,2.0,3.0,5.0
CR563Q02VS,664.0,0.046686746987951805,0.21112608673446584,0.0,0.0,0.0,0.0,0.0,0.0,0.0,1.0,1.0
CR563Q03S,579.0,0.3022452504317789,0.45962802994087876,0.0,0.0,0.0,0.0,0.0,1.0,1.0,1.0,1.0
CR563Q03TT,657.0,37208.39269406393,38837.508221534394,44.0,179.04,551.6,6864.0,24342.0,54455.0,106862.19999999992,167198.15999999995,265640.0
CR563Q03F,599.0,19943.412353923206,17908.190715076144,1.0,4.98,1127.0,4426.0,17248.0,28185.0,54349.50000000001,84326.24,102501.0
CR563Q03A,657.0,3.7290715372907153,4.890847402390732,0.0,0.0,0.0,1.0,2.0,4.0,11.199999999999932,21.0,60.0
CR563Q03V,657.0,1.0974124809741248,0.3780679406004184,1.0,1.0,1.0,1.0,1.0,1.0,2.0,3.0,4.0
CR563Q03VS,657.0,0.0532724505327245,0.23143067836667663,0.0,0.0,0.0,0.0,0.0,0.0,1.0,1.0,2.0
CR563Q12TT,652.0,104802.69018404908,134330.31067437143,1712.0,2113.7599999999998,3007.65,14312.25,75997.5,164168.25,287919.6,393424.4700000001,2010855.0
CR563Q12F,479.0,18874.108559498956,17628.52147664759,2.0,4.0,665.1,5599.5,15467.0,26539.5,49511.799999999974,84089.43999999952,123005.0
CR563Q12A,652.0,54.076687116564415,70.30925941520687,0.0,0.0,0.0,0.0,24.0,91.0,190.44999999999993,293.47,525.0
CR563Q12V,652.0,1.0352760736196318,0.2080878134480835,1.0,1.0,1.0,1.0,1.0,1.0,1.0,2.0,3.0
CR563Q12VS,652.0,0.0,0.0,0.0,0.0,0.0,0.0,0.0,0.0,0.0,0.0,0.0
CR570Q01S,670.0,0.7477611940298508,0.4346220490807526,0.0,0.0,0.0,0.0,1.0,1.0,1.0,1.0,1.0
CR570Q01TT,709.0,39504.80112834979,26233.747677138992,33.0,366.84000000000003,3631.9999999999995,23873.0,35752.0,51024.0,83132.2,126374.99999999988,260142.0
CR570Q01F,680.0,34370.48088235294,25795.518358391866,3.0,47.59,2353.3,18197.0,29852.0,45791.5,78300.24999999997,121178.49000000002,257823.0
CR570Q01A,709.0,1.8321579689703809,1.7830918040836312,0.0,0.0,1.0,1.0,1.0,2.0,4.0,9.0,23.0
CR570Q01V,709.0,1.0409026798307475,0.21197824708816487,1.0,1.0,1.0,1.0,1.0,1.0,1.0,2.0,3.0
CR570Q01VS,709.0,0.018335684062059238,0.13425687973404804,0.0,0.0,0.0,0.0,0.0,0.0,0.0,1.0,1.0
CR570Q08S,627.0,0.5645933014354066,0.49620600704214185,0.0,0.0,0.0,0.0,1.0,1.0,1.0,1.0,1.0
CR570Q08TT,676.0,25471.565088757397,26906.839447912815,66.0,178.25,807.5,8275.25,16597.5,35460.25,75266.75,127882.5,230641.0
CR570Q08F,639.0,19760.99530516432,22937.851608538633,2.0,5.0,1107.0,5439.0,11271.0,26967.5,63254.90000000002,107697.40000000001,178285.0
CR570Q08A,676.0,1.9275147928994083,2.6726178662577458,0.0,0.0,0.0,1.0,1.0,2.0,4.0,8.25,40.0
CR570Q08V,676.0,1.1568047337278107,0.5407521486402436,1.0,1.0,1.0,1.0,1.0,1.0,3.0,3.0,5.0
CR570Q08VS,676.0,0.07396449704142012,0.28363193454409913,0.0,0.0,0.0,0.0,0.0,0.0,1.0,1.0,2.0
CR570Q10TT,674.0,50382.3353115727,50610.74115206863,1601.0,2113.56,3361.35,22203.75,39027.5,62798.0,135579.15000000002,249653.81999999925,410538.0
CR570Q10F,566.0,11120.030035335689,17360.735151254878,1.0,5.0,638.75,4316.25,6905.5,12170.25,30498.5,74446.55000000005,262413.0
CR570Q10A,674.0,44.118694362017806,42.63160733782618,0.0,0.0,0.0,10.0,36.0,62.0,125.35000000000002,202.0,275.0
CR570Q10V,674.0,1.0682492581602374,0.2638736868693699,1.0,1.0,1.0,1.0,1.0,1.0,2.0,2.0,3.0
CR570Q10VS,674.0,0.0,0.0,0.0,0.0,0.0,0.0,0.0,0.0,0.0,0.0,0.0
CR570Q02S,669.0,0.8251121076233184,0.38015541375951895,0.0,0.0,0.0,1.0,1.0,1.0,1.0,1.0,1.0
CR570Q02TT,704.0,20649.535511363636,16861.07132608476,51.0,303.18,2125.5999999999995,10989.0,16521.5,25263.5,50491.80000000005,86437.82000000007,180905.0
CR570Q02F,675.0,17505.343703703704,15548.750310459167,4.0,39.84,2873.900000000001,8636.0,13204.0,21316.5,42041.999999999985,80358.19999999997,178837.0
CR570Q02A,704.0,1.6519886363636365,1.231253288279521,0.0,0.0,1.0,1.0,1.0,2.0,4.0,5.0,16.0
CR570Q02V,704.0,1.0667613636363635,0.2767989546974639,1.0,1.0,1.0,1.0,1.0,1.0,2.0,2.0,3.0
CR570Q02VS,704.0,0.02556818181818182,0.15795534204789985,0.0,0.0,0.0,0.0,0.0,0.0,0.0,1.0,1.0
CR570Q04S,652.0,0.4831288343558282,0.5000989413287611,0.0,0.0,0.0,0.0,0.0,1.0,1.0,1.0,1.0
CR570Q04TT,702.0,72438.74074074074,47738.54391796763,29.0,231.16,2436.0500000000034,36694.75,73817.5,98036.5,149894.29999999996,201202.37000000002,341812.0
CR570Q04F,667.0,41794.55172413793,36981.17444524712,1.0,34.120000000000005,1816.0,10522.0,31734.0,63759.0,113846.8999999999,148925.20000000013,234878.0
CR570Q04A,702.0,5.628205128205129,3.8834594814633605,0.0,0.0,1.0,4.0,5.0,7.0,10.0,17.0,69.0
CR570Q04SA,644.0,0.8975155279503105,0.3035201071346412,0.0,0.0,0.0,1.0,1.0,1.0,1.0,1.0,1.0
CR570Q04SB,640.0,0.8328125,0.37343504964950636,0.0,0.0,0.0,1.0,1.0,1.0,1.0,1.0,1.0
CR570Q04SC,631.0,0.6782884310618067,0.4675035888251126,0.0,0.0,0.0,0.0,1.0,1.0,1.0,1.0,1.0
CR570Q04SD,629.0,0.8108108108108109,0.3919705372200127,0.0,0.0,0.0,1.0,1.0,1.0,1.0,1.0,1.0
CR570Q04V,702.0,1.0740740740740742,0.29292208812592396,1.0,1.0,1.0,1.0,1.0,1.0,2.0,2.0,4.0
CR570Q04VS,702.0,0.024216524216524215,0.15383040427246245,0.0,0.0,0.0,0.0,0.0,0.0,0.0,1.0,1.0
CR570Q05S,642.0,0.6978193146417445,0.45956118770255966,0.0,0.0,0.0,0.0,1.0,1.0,1.0,1.0,1.0
CR570Q05TT,694.0,27881.914985590778,22307.09150193253,51.0,149.86,1949.5499999999995,13202.25,23339.0,37269.75,68587.55000000002,108784.53000000019,171113.0
CR570Q05F,657.0,23424.29223744292,20579.75825976391,2.0,5.0,1577.6000000000001,9702.0,18888.0,31284.0,60859.59999999991,97137.63999999982,167133.0
CR570Q05A,694.0,1.7867435158501441,1.7384697623186127,0.0,0.0,0.0,1.0,1.0,2.0,4.0,9.0,20.0
CR570Q05V,694.0,1.0994236311239194,0.39502638312615035,1.0,1.0,1.0,1.0,1.0,1.0,2.0,3.0,4.0
CR570Q05VS,694.0,0.037463976945244955,0.20465695296626668,0.0,0.0,0.0,0.0,0.0,0.0,0.0,1.0,2.0
CR570Q06S,626.0,0.38817891373801916,0.487725371842247,0.0,0.0,0.0,0.0,0.0,1.0,1.0,1.0,1.0
CR570Q06TT,686.0,62746.93002915452,76729.01909740911,34.0,223.60000000000002,1473.25,13652.75,46982.0,88576.5,179860.0,254027.0499999999,1043561.0
CR570Q06F,648.0,53223.62037037037,73469.8408439978,1.0,9.759999999999998,1826.85,10546.5,36670.0,75419.5,145185.4,234226.76999999912,1043320.0
CR570Q06A,686.0,2.3294460641399417,4.242218327130616,0.0,0.0,0.0,1.0,2.0,2.0,6.0,16.299999999999955,91.0
CR570Q06V,686.0,1.1501457725947521,0.5119520184844261,1.0,1.0,1.0,1.0,1.0,1.0,2.0,3.0,6.0
CR570Q06VS,686.0,0.05830903790087463,0.26379498366581616,0.0,0.0,0.0,0.0,0.0,0.0,1.0,1.0,3.0
CR566Q03TT,652.0,129312.94938650307,145404.01104904586,136.0,252.14999999999998,1531.95,33328.75,95474.5,183959.5,352714.64999999927,699529.3900000002,1826224.0
CR566Q03F,486.0,70858.83950617284,84433.84277977496,2.0,6.700000000000001,921.25,10143.25,44437.5,105915.75,222805.75,348377.1499999991,772067.0
CR566Q03A,652.0,48.760736196319016,70.3730969364135,0.0,0.0,0.0,0.0,24.0,75.0,175.44999999999993,296.9200000000001,835.0
CR566Q03V,652.0,1.0996932515337423,0.37698769400212867,1.0,1.0,1.0,1.0,1.0,1.0,2.0,3.0,4.0
CR566Q03VS,652.0,0.023006134969325152,0.15003792646723355,0.0,0.0,0.0,0.0,0.0,0.0,0.0,1.0,1.0
CR566Q04S,561.0,0.18716577540106952,0.3903926447979002,0.0,0.0,0.0,0.0,0.0,0.0,1.0,1.0,1.0
CR566Q04TT,644.0,33335.28726708075,44684.71820263523,32.0,202.87,771.4999999999999,6446.5,18028.5,42593.75,118166.95000000003,204296.98000000027,457308.0
CR566Q04F,578.0,27712.441176470587,38209.957555583336,4.0,69.86000000000001,1471.45,4498.0,14677.5,34700.5,102763.44999999998,164484.6900000001,407253.0
CR566Q04A,644.0,2.3043478260869565,6.878454633361663,0.0,0.0,0.0,1.0,2.0,2.0,5.850000000000023,12.0,165.0
CR566Q04V,644.0,1.1118012422360248,0.4135164051819438,1.0,1.0,1.0,1.0,1.0,1.0,2.0,3.0,5.0
CR566Q04VS,644.0,0.049689440993788817,0.23133239699113753,0.0,0.0,0.0,0.0,0.0,0.0,0.0,1.0,2.0
CR566Q05S,553.0,0.3833634719710669,0.4866458402249149,0.0,0.0,0.0,0.0,0.0,1.0,1.0,1.0,1.0
CR566Q05TT,639.0,32289.10172143975,45301.665315573606,24.0,156.14,506.0,4796.5,13907.0,41507.5,122650.30000000003,224580.6200000001,378980.0
CR566Q05F,577.0,25183.334488734836,36687.00473971136,1.0,4.0,693.6,2836.0,10458.0,33481.0,94523.99999999997,177769.36000000007,361314.0
CR566Q05A,639.0,2.0782472613458527,3.9388125044276467,0.0,0.0,0.0,1.0,1.0,2.0,5.0,10.0,80.0
CR566Q05V,639.0,1.1267605633802817,0.5050410367978416,1.0,1.0,1.0,1.0,1.0,1.0,2.0,3.0,8.0
CR566Q05VS,639.0,0.07355242566510173,0.27866406555599293,0.0,0.0,0.0,0.0,0.0,0.0,1.0,1.0,2.0
CR566Q14S,556.0,0.3129496402877698,0.4641115945913274,0.0,0.0,0.0,0.0,0.0,1.0,1.0,1.0,1.0
CR566Q14TT,633.0,33505.963665086885,34011.82276713934,41.0,134.84,517.2,6977.0,23698.0,49663.0,99442.99999999999,136186.07999999955,266935.0
CR566Q14F,580.0,21481.722413793104,24222.96757248798,1.0,3.79,851.2000000000003,3761.5,13551.0,31837.5,64688.69999999998,109634.25000000001,239074.0
CR566Q14A,633.0,3.470774091627172,4.761014764037004,0.0,0.0,0.0,1.0,2.0,4.0,12.0,24.0,39.0
CR566Q14V,633.0,1.1832543443917851,0.614619487165872,1.0,1.0,1.0,1.0,1.0,1.0,2.0,3.67999999999995,9.0
CR566Q14VS,633.0,0.06635071090047394,0.27905035087996993,0.0,0.0,0.0,0.0,0.0,0.0,1.0,1.0,3.0
CR566Q06S,551.0,0.3411978221415608,0.4745424771434377,0.0,0.0,0.0,0.0,0.0,1.0,1.0,1.0,1.0
CR566Q06TT,626.0,32192.950479233226,33335.40941836988,31.0,160.75,650.5,6873.0,25137.5,46414.0,91951.25,136218.0,378742.0
CR566Q06F,566.0,26216.236749116608,26261.73556984212,1.0,4.0,1485.25,5121.5,19324.0,39925.0,75552.5,116942.45000000001,201976.0
CR566Q06A,626.0,2.123003194888179,2.8180926184903465,0.0,0.0,0.0,1.0,2.0,2.0,6.0,10.75,43.0
CR566Q06V,626.0,1.0910543130990416,0.3790723501462055,1.0,1.0,1.0,1.0,1.0,1.0,2.0,3.0,5.0
CR566Q06VS,626.0,0.052715654952076675,0.23752181672118114,0.0,0.0,0.0,0.0,0.0,0.0,0.0,1.0,2.0
CR566Q09TT,618.0,42005.00970873787,100912.29456217003,62.0,181.36,593.6,6133.75,18157.0,50317.25,155497.04999999996,238780.5600000001,2199521.0
CR566Q09F,550.0,29666.19818181818,99983.95826718834,2.0,42.620000000000005,1271.4,3340.5,11103.0,31748.75,102538.34999999998,181078.41,2197475.0
CR566Q09A,618.0,3.7022653721682848,4.479236597899904,0.0,0.0,0.0,1.0,2.0,5.0,12.149999999999977,21.83000000000004,37.0
CR566Q09V,618.0,1.0485436893203883,0.3183824833524196,1.0,1.0,1.0,1.0,1.0,1.0,1.0,2.830000000000041,5.0
CR566Q09VS,618.0,0.05016181229773463,0.2257527793237529,0.0,0.0,0.0,0.0,0.0,0.0,0.0,1.0,2.0
CR566Q12TT,613.0,47837.30342577488,59185.84698831956,1291.0,1773.6,2741.2000000000003,10099.0,30869.0,67044.0,142220.39999999994,261755.27999999997,827227.0
CR566Q12F,543.0,13093.25782688766,16402.01364977334,1.0,4.42,1010.6,3873.5,9215.0,15651.0,40080.399999999994,78781.52000000015,181188.0
CR566Q12A,613.0,36.823817292006524,52.96726347884277,0.0,0.0,0.0,1.0,6.0,60.0,146.39999999999998,235.3599999999999,358.0
CR566Q12V,613.0,1.030995106035889,0.2154607958566323,1.0,1.0,1.0,1.0,1.0,1.0,1.0,2.0,3.0
CR566Q12VS,613.0,0.0,0.0,0.0,0.0,0.0,0.0,0.0,0.0,0.0,0.0,0.0
CR567Q03TT,387.0,119506.87338501292,92652.97547871334,21.0,171.56,1118.3000000000002,63030.5,97387.0,160221.5,299136.5,426924.7199999994,586551.0
CR567Q03F,349.0,45511.83094555874,46393.64680262402,3.0,137.2,2317.8,11874.0,31949.0,62205.0,133925.99999999997,227146.83999999915,295765.0
CR567Q03A,387.0,88.4547803617571,83.89732743611764,0.0,0.0,0.0,18.0,77.0,120.0,226.7,393.69999999999993,593.0
CR567Q03V,387.0,1.0671834625322998,0.27995757438650165,1.0,1.0,1.0,1.0,1.0,1.0,2.0,2.0,3.0
CR567Q03VS,387.0,0.03875968992248062,0.19327156557550632,0.0,0.0,0.0,0.0,0.0,0.0,0.0,1.0,1.0
CR567Q08SE,319.0,0.9435736677115988,0.23110566900841342,0.0,0.0,0.0,1.0,1.0,1.0,1.0,1.0,1.0
CR567Q10S,323.0,0.7770897832817337,0.41684434289029565,0.0,0.0,0.0,1.0,1.0,1.0,1.0,1.0,1.0
CR567Q10TT,355.0,19377.881690140846,16348.53170163983,32.0,135.18,489.59999999999997,10488.0,15467.0,23287.5,53320.100000000006,82973.59999999999,113764.0
CR567Q10F,333.0,15233.14114114114,13879.353585556884,2.0,4.32,1112.2,7333.0,11742.0,18384.0,45302.79999999998,72724.92000000001,100375.0
CR567Q10A,355.0,1.8309859154929577,1.3673546100937273,0.0,0.0,0.0,1.0,2.0,2.0,4.0,6.0,12.0
CR567Q10V,355.0,1.0535211267605633,0.30983455851219105,1.0,1.0,1.0,1.0,1.0,1.0,1.0,3.0,4.0
CR567Q10VS,355.0,0.059154929577464786,0.23624741937354335,0.0,0.0,0.0,0.0,0.0,0.0,1.0,1.0,1.0
CR567Q11S,317.0,0.2870662460567823,0.45310801381111177,0.0,0.0,0.0,0.0,0.0,1.0,1.0,1.0,1.0
CR567Q11TT,354.0,62769.67514124294,42077.839077774355,1277.0,1756.57,2607.9,35399.0,57577.5,88808.75,131719.24999999988,177854.06999999934,344568.0
CR567Q11F,329.0,25284.12158054711,17834.522001322628,6.0,81.56,1615.6000000000004,12877.0,22322.0,34884.0,58639.39999999999,75469.23999999979,113652.0
CR567Q11A,354.0,5.909604519774011,3.5437801493370094,0.0,0.0,0.0,4.0,5.0,7.0,11.0,16.0,40.0
CR567Q11SA,314.0,0.7292993630573248,0.44503094575916746,0.0,0.0,0.0,0.0,1.0,1.0,1.0,1.0,1.0
CR567Q11SC,313.0,0.8849840255591054,0.3195520949871335,0.0,0.0,0.0,1.0,1.0,1.0,1.0,1.0,1.0
CR567Q11SD,310.0,0.635483870967742,0.48207237844141676,0.0,0.0,0.0,0.0,1.0,1.0,1.0,1.0,1.0
CR567Q11SF,309.0,0.5080906148867314,0.5007454620226818,0.0,0.0,0.0,0.0,1.0,1.0,1.0,1.0,1.0
CR567Q11V,354.0,1.0225988700564972,0.16678266157693258,1.0,1.0,1.0,1.0,1.0,1.0,1.0,2.0,3.0
CR567Q11VS,354.0,0.0,0.0,0.0,0.0,0.0,0.0,0.0,0.0,0.0,0.0,0.0
CR567Q04S,349.0,0.8194842406876791,0.385168671677403,0.0,0.0,0.0,1.0,1.0,1.0,1.0,1.0,1.0
CR567Q04TT,379.0,42429.963060686016,32594.253692014066,53.0,179.26,1297.5000000000002,21392.0,35475.0,55377.0,102665.59999999999,148961.93999999997,266111.0
CR567Q04F,359.0,37312.980501392754,30345.612451711222,1.0,9.64,3961.600000000001,16762.0,30874.0,49567.5,96866.99999999997,130418.68000000039,264015.0
CR567Q04A,379.0,2.0870712401055407,1.7198857543857191,0.0,0.0,0.0,1.0,2.0,2.0,5.0,8.0,16.0
CR567Q04V,379.0,1.0633245382585752,0.3654388210937892,1.0,1.0,1.0,1.0,1.0,1.0,1.0,2.0,6.0
CR567Q04VS,379.0,0.044854881266490766,0.21965260582253224,0.0,0.0,0.0,0.0,0.0,0.0,0.0,1.0,2.0
CR567Q06S,281.0,0.7117437722419929,0.45375908315033614,0.0,0.0,0.0,0.0,1.0,1.0,1.0,1.0,1.0
CR567Q06TT,372.0,40617.282258064515,31188.67267628194,109.0,201.55,748.85,15374.0,38695.0,57530.0,99515.84999999999,129959.85000000003,173519.0
CR567Q06F,298.0,32586.21812080537,23581.95223388041,2.0,5.0,2019.4000000000003,15440.75,27358.0,43651.25,78354.09999999999,98694.78999999998,111731.0
CR567Q06A,372.0,2.46505376344086,3.671315817983606,0.0,0.0,0.0,1.0,1.0,3.0,11.0,16.0,28.0
CR567Q06V,372.0,1.1397849462365592,0.5463211509619657,1.0,1.0,1.0,1.0,1.0,1.0,2.0,3.0,8.0
CR567Q06VS,372.0,0.06989247311827956,0.32080926855306807,0.0,0.0,0.0,0.0,0.0,0.0,1.0,1.0,4.0
CR567Q13S,311.0,0.7845659163987139,0.41178571157085525,0.0,0.0,0.0,1.0,1.0,1.0,1.0,1.0,1.0
CR567Q13TT,371.0,29702.79245283019,16369.87019405839,1865.0,1992.0,3362.0,19748.5,28451.0,39141.0,58420.0,72355.9000000001,94324.0
CR567Q13F,344.0,21419.462209302324,13903.795968401191,2.0,6.43,1158.95,11038.25,20842.5,28700.75,47034.14999999999,60936.299999999974,72051.0
CR567Q13A,371.0,2.334231805929919,3.0029513662866645,0.0,0.0,0.0,1.0,1.0,3.0,7.0,17.0,23.0
CR567Q13V,371.0,1.1024258760107817,0.37527581464617754,1.0,1.0,1.0,1.0,1.0,1.0,2.0,2.3000000000000114,5.0
CR567Q13VS,371.0,0.0,0.0,0.0,0.0,0.0,0.0,0.0,0.0,0.0,0.0,0.0
CR567Q08S,333.0,0.7087087087087087,0.4550411895322421,0.0,0.0,0.0,0.0,1.0,1.0,1.0,1.0,1.0
CR567Q08TT,366.0,68981.33333333333,48772.193988960586,99.0,223.95,1044.0,46170.0,65240.0,88684.25,136594.25,175755.80000000002,642218.0
CR567Q08F,338.0,31430.86982248521,22354.127494544507,2.0,554.7900000000002,3810.3,18100.0,26149.0,39731.75,76876.04999999993,110562.16999999998,138137.0
CR567Q08A,366.0,6.180327868852459,3.4870006582789226,0.0,0.0,0.0,5.0,6.0,7.0,11.75,20.0,28.0
CR567Q08SA,325.0,0.9569230769230769,0.20334337465281402,0.0,0.0,1.0,1.0,1.0,1.0,1.0,1.0,1.0
CR567Q08SB,324.0,0.9197530864197531,0.2720952997712882,0.0,0.0,0.0,1.0,1.0,1.0,1.0,1.0,1.0
CR567Q08SC,321.0,0.8504672897196262,0.35716955841440895,0.0,0.0,0.0,1.0,1.0,1.0,1.0,1.0,1.0
CR567Q08SD,319.0,0.9153605015673981,0.278781792570695,0.0,0.0,0.0,1.0,1.0,1.0,1.0,1.0,1.0
CR567Q08V,366.0,1.046448087431694,0.24667866355063336,1.0,1.0,1.0,1.0,1.0,1.0,1.0,2.0,3.0
CR567Q08VS,366.0,0.0273224043715847,0.16324429928819434,0.0,0.0,0.0,0.0,0.0,0.0,0.0,1.0,1.0
CR219Q01TT,678.0,129519.77581120945,126321.31756500492,398.0,1147.72,2819.7000000000003,22720.75,86688.5,211444.25,374166.24999999994,521364.38000000024,618720.0
CR219Q01F,514.0,22991.634241245138,24361.47341252008,109.0,995.47,2178.85,5438.75,14060.5,32760.25,71273.54999999996,119424.06000000001,142719.0
CR219Q01A,678.0,47.22861356932153,58.47047967939956,0.0,0.0,0.0,1.0,14.5,85.0,156.0,232.3800000000001,329.0
CR219Q01V,678.0,1.1902654867256637,0.533176640249841,1.0,1.0,1.0,1.0,1.0,1.0,2.0,3.0,7.0
CR219Q01VS,678.0,0.004424778761061947,0.06642068229481933,0.0,0.0,0.0,0.0,0.0,0.0,0.0,0.0,1.0
CR219Q02TT,657.0,56264.69406392694,61238.80280141895,1306.0,1844.56,2877.2000000000003,11921.0,43188.0,74429.0,161145.5999999999,276305.8399999992,581558.0
CR219Q02F,501.0,12999.34131736527,12263.21033193468,4.0,9.0,914.0,5459.0,10265.0,17071.0,32523.0,53883.0,117835.0
CR219Q02A,657.0,49.202435312024356,58.18615097075868,0.0,0.0,0.0,1.0,36.0,75.0,152.19999999999993,248.79999999999882,502.0
CR219Q02V,657.0,1.1887366818873668,0.5361855047433679,1.0,1.0,1.0,1.0,1.0,1.0,2.0,3.0,7.0
CR219Q02VS,657.0,0.0,0.0,0.0,0.0,0.0,0.0,0.0,0.0,0.0,0.0,0.0
CR460Q01TT,701.0,150559.77318116976,142198.02612896133,407.0,996.0,2633.0,39560.0,120665.0,219008.0,422035.0,609297.0,884921.0
CR460Q01F,534.0,57079.57677902622,58678.749351215716,299.0,1157.28,2239.0,12143.5,38000.5,81170.5,180611.59999999992,249077.40999999933,331508.0
CR460Q01A,701.0,76.69757489300999,90.00760194781422,0.0,0.0,0.0,1.0,51.0,118.0,260.0,366.0,486.0
CR460Q01V,701.0,1.0328102710413696,0.20087438777948663,1.0,1.0,1.0,1.0,1.0,1.0,1.0,2.0,3.0
CR460Q01VS,701.0,0.0042796005706134095,0.06532513406348017,0.0,0.0,0.0,0.0,0.0,0.0,0.0,0.0,1.0
CR460Q05S,614.0,0.36807817589576547,0.48267594945468884,0.0,0.0,0.0,0.0,0.0,1.0,1.0,1.0,1.0
CR460Q05TT,684.0,39091.540935672514,63618.195959181445,122.0,294.83,797.45,8068.25,24001.0,54148.0,115366.60000000003,169344.05999999947,1350416.0
CR460Q05F,621.0,34911.21417069243,63764.08811754561,2.0,24.400000000000013,1855.0,5620.0,20551.0,48272.0,106020.0,160171.19999999992,1337004.0
CR460Q05A,684.0,1.9137426900584795,2.055564464807699,0.0,0.0,0.0,1.0,2.0,2.0,5.0,9.0,30.0
CR460Q05V,684.0,1.0555555555555556,0.3010204433329672,1.0,1.0,1.0,1.0,1.0,1.0,1.0,2.0,5.0
CR460Q05VS,684.0,0.03508771929824561,0.1919228994202546,0.0,0.0,0.0,0.0,0.0,0.0,0.0,1.0,2.0
CR460Q06S,611.0,0.41407528641571195,0.49296518770586306,0.0,0.0,0.0,0.0,0.0,1.0,1.0,1.0,1.0
CR460Q06TT,681.0,31543.67107195301,29955.28600274671,1321.0,1995.8,3221.0,9054.0,25196.0,44098.0,81467.0,136217.80000000002,250951.0
CR460Q06F,643.0,24262.237947122863,26762.23663983744,1.0,3.42,607.0,3479.5,16676.0,35756.0,71736.1,130005.44,209429.0
CR460Q06A,681.0,2.195301027900147,3.9736309080074954,0.0,0.0,0.0,1.0,2.0,2.0,5.0,10.0,95.0
CR460Q06V,681.0,1.0234948604992657,0.16098996238353672,1.0,1.0,1.0,1.0,1.0,1.0,1.0,2.0,3.0
CR460Q06VS,681.0,0.0,0.0,0.0,0.0,0.0,0.0,0.0,0.0,0.0,0.0,0.0
CR102Q04TT,453.0,114780.27814569537,87629.2738442028,90.0,336.96000000000004,1395.0,52864.0,96571.0,163544.0,269788.19999999995,383699.60000000003,556806.0
CR102Q04F,395.0,39516.50632911392,48973.170495357415,2.0,200.45999999999998,1652.5000000000002,8407.5,20278.0,52827.5,131466.99999999983,253840.26,346571.0
CR102Q04A,453.0,55.04856512141281,64.32211065719738,0.0,0.0,0.0,4.0,31.0,83.0,182.39999999999986,262.88000000000056,353.0
CR102Q04V,453.0,1.1456953642384107,0.4851423154949194,1.0,1.0,1.0,1.0,1.0,1.0,2.0,3.0,7.0
CR102Q04VS,453.0,0.017660044150110375,0.1318580596366733,0.0,0.0,0.0,0.0,0.0,0.0,0.0,1.0,1.0
CR102Q05TT,439.0,63202.44874715262,116755.55552961394,36.0,317.26,675.3000000000001,30826.5,53844.0,78721.0,145159.49999999994,191327.68,2341326.0
CR102Q05F,371.0,20847.943396226416,22330.044420612267,1.0,2.0,1803.0,7413.0,12655.0,25343.5,67363.0,103950.60000000005,129981.0
CR102Q05A,439.0,17.5626423690205,20.368075753416722,0.0,0.0,0.0,3.5,14.0,23.5,50.099999999999966,100.62,160.0
CR102Q05V,439.0,1.1571753986332574,0.4330915135619935,1.0,1.0,1.0,1.0,1.0,1.0,2.0,3.0,3.0
CR102Q05VS,439.0,0.05011389521640091,0.21842887678343914,0.0,0.0,0.0,0.0,0.0,0.0,0.0999999999999659,1.0,1.0
CR102Q07S,387.0,0.7700258397932817,0.4213606744624195,0.0,0.0,0.0,1.0,1.0,1.0,1.0,1.0,1.0
CR102Q07TT,434.0,17920.255760368662,20231.817339654674,1570.0,1841.48,2738.2000000000003,8288.25,12107.0,19327.75,51747.35,80220.37000000001,215910.0
CR102Q07F,408.0,8869.683823529413,8638.541869265875,2.0,7.0,1514.4,4248.5,6419.0,10394.25,24391.599999999988,40415.76000000002,91291.0
CR102Q07A,434.0,2.3640552995391704,1.986373477085411,0.0,0.0,0.0,1.0,2.0,3.0,6.0,10.0,14.0
CR102Q07V,434.0,1.0829493087557605,0.27612388392176146,1.0,1.0,1.0,1.0,1.0,1.0,2.0,2.0,2.0
CR102Q07VS,434.0,0.0,0.0,0.0,0.0,0.0,0.0,0.0,0.0,0.0,0.0,0.0
CR432Q01TT,483.0,78759.8281573499,56149.308228775124,693.0,1215.02,7097.1,43363.5,66603.0,98744.5,190475.0,259668.50000000006,410691.0
CR432Q01F,446.0,36973.66367713005,42300.72110431523,158.0,1570.15,2623.0,9100.25,22553.5,47776.5,119428.0,190381.95,334879.0
CR432Q01A,483.0,13.67287784679089,10.70253340891142,0.0,0.0,0.0,7.0,11.0,19.0,29.899999999999977,47.18000000000001,111.0
CR432Q01V,483.0,1.0766045548654244,0.288671414626325,1.0,1.0,1.0,1.0,1.0,1.0,2.0,2.0,3.0
CR432Q01VS,483.0,0.002070393374741201,0.045501575519329006,0.0,0.0,0.0,0.0,0.0,0.0,0.0,0.0,1.0
CR432Q05TT,475.0,69902.88421052632,56171.210709611834,121.0,244.7,1842.3000000000002,32262.5,57805.0,92864.0,172924.99999999997,266164.74,370974.0
CR432Q05F,446.0,22283.2600896861,23589.325175549624,3.0,6.0,3110.0,9401.5,15111.0,27939.25,57837.0,93995.85,253609.0
CR432Q05A,475.0,67.09052631578948,60.64298769415523,0.0,0.0,0.0,19.5,53.0,98.5,185.29999999999995,244.29999999999995,293.0
CR432Q05V,475.0,1.1452631578947368,0.43810303131210926,1.0,1.0,1.0,1.0,1.0,1.0,2.0,3.0,5.0
CR432Q05VS,475.0,0.04,0.1961657785094736,0.0,0.0,0.0,0.0,0.0,0.0,0.0,1.0,1.0
CR432Q06S,427.0,0.03981264637002342,0.19574814356268744,0.0,0.0,0.0,0.0,0.0,0.0,0.0,1.0,1.0
CR432Q06TT,470.0,92290.9085106383,66094.5421656551,1523.0,2030.11,3764.8,44939.75,82597.0,123824.75,210564.1499999998,306816.5800000001,516381.0
CR432Q06F,450.0,45425.83777777778,43672.61241210447,2.0,3.0,1822.0500000000009,13925.5,34651.5,62558.5,123761.04999999987,195030.12999999998,341692.0
CR432Q06A,470.0,7.506382978723404,6.084248748866961,0.0,0.0,1.0,4.0,6.0,9.0,18.0,31.620000000000005,62.0
CR432Q06V,470.0,1.0680851063829788,0.2763656789058069,1.0,1.0,1.0,1.0,1.0,1.0,2.0,2.0,3.0
CR432Q06VS,470.0,0.0,0.0,0.0,0.0,0.0,0.0,0.0,0.0,0.0,0.0,0.0
CRT_SCORE,3834.0,0.4167762326462317,0.11486401838408405,0.072463768115942,0.1739130434782608,0.23605649188514355,0.3370786516853932,0.4166666666666667,0.4925373134328358,0.6053928836174944,0.7083847320525786,0.9545454545454546
Creative_Resilience,3834.0,0.04277516953573292,0.20237622577444994,0.0,0.0,0.0,0.0,0.0,0.0,0.0,1.0,1.0
Grupo_ESCS,3834.0,2.4994783515910277,1.1181797007307543,1.0,1.0,1.0,1.25,2.0,3.0,4.0,4.0,4.0
target_A,3834.0,0.04381846635367762,0.20471770644030912,0.0,0.0,0.0,0.0,0.0,0.0,0.0,1.0,1.0
target_B,3834.0,0.06416275430359937,0.24507460246338056,0.0,0.0,0.0,0.0,0.0,0.0,1.0,1.0,1.0
target_C,3834.0,0.018779342723004695,0.13576261041859494,0.0,0.0,0.0,0.0,0.0,0.0,0.0,1.0,1.0
target_D,3834.0,0.30099113197704747,0.45874869045721944,0.0,0.0,0.0,0.0,0.0,1.0,1.0,1.0,1.0
