feature,mean_resilientes,mean_nao_resilientes,diff_means,mann_whitney_U,p_value,p_adjusted_fdr,effect_size_r,significativo_fdr05
CR102Q04F,11319.25,39804.96930946292,-28485.71930946292,,,,,False
CR566Q03F,91391.5,70688.4439834025,20703.056016597504,,,,,False
CR102Q05TT,42698.5,63390.9908045977,-20692.4908045977,,,,,False
CR566Q09F,10551.333333333334,29771.03290676417,-19219.699573430837,,,,,False
CR566Q12F,28928.0,13005.287037037036,15922.712962962964,,,,,False
CR102Q05F,7818.5,20918.563685636855,-13100.063685636855,,,,,False
CR102Q07TT,5458.5,18036.17906976744,-12577.67906976744,,,,,False
CR544Q14F,25906.25,13499.699140401146,12406.550859598854,,,,,False
CR544Q10F,63329.0,54010.362397820165,9318.637602179835,,,,,False
CR566Q06F,33137.5,26166.97508896797,6970.524911032029,,,,,False
CR544Q12F,21410.5,26852.016620498616,-5441.516620498616,,,,,False
CR102Q07F,3525.5,8896.009852216748,-5370.509852216748,,,,,False
CR544Q13F,21591.75,21824.00303030303,-232.25303030302894,,,,,False
CR102Q05A,7.75,17.652873563218392,-9.902873563218392,,,,,False
CR102Q07A,0.75,2.3790697674418606,-1.6290697674418606,,,,,False
CR566Q05S,1.0,0.38,0.62,,,,,False
CR544Q14SE,1.0,0.44072948328267475,0.5592705167173253,,,,,False
Creative_Resilience,0.9523809523809523,0.0010911074740861974,0.9512898449068661,600888.0,0.0,0.0,0.33722178335011505,True
CR563Q02S,1.0,0.5222602739726028,0.4777397260273972,,,,,False
CR544Q14S,1.0,0.5343283582089552,0.4656716417910448,,,,,False
CR544Q10S,1.0,0.5926966292134831,0.4073033707865169,,,,,False
CRT_SCORE,0.5710429558267945,0.4097067265102976,0.16133622931649694,552466.0,4.9554008723947745e-68,2.041625159426647e-65,0.2814809141280819,True
ESCS,-2.4617625,-0.8951732405891981,-1.5665892594108017,64798.5,2.7474371005967333e-67,8.489580640843907e-65,0.279896359452849,True
Grupo_ESCS,1.0,2.5681942171303875,-1.5681942171303875,66444.0,1.0428388090531854e-70,6.444743839948686e-68,0.2780021460724671,True
HISCED,2.761904761904762,6.366758241758242,-3.60485347985348,78545.5,9.989520274228125e-62,2.4694094117891926e-59,0.26428187367724404,True
CR566Q14S,0.6666666666666666,0.31103074141048825,0.3556359252561784,,,,,False
CR566Q06S,0.6666666666666666,0.33941605839416056,0.32725060827250607,,,,,False
CR561Q06TT,87112.54838709677,41813.825539568345,45298.72284752843,13090.0,1.1410646025328503e-06,4.2738056022139486e-05,0.20084751443126425,True
CR561Q03F,72778.70967741935,35625.943223443224,37152.766453976124,12799.5,1.5694408816657833e-06,5.388413693719189e-05,0.19994059477366904,True
CR561Q03TT,84657.34375,46519.12190812721,38138.22184187279,13686.5,1.1194041490719668e-06,4.2738056022139486e-05,0.19914586973641712,True
CR544Q12S,0.75,0.5028571428571429,0.2471428571428571,,,,,False
CR102Q07S,1.0,0.7688311688311689,0.23116883116883113,,,,,False
CR559Q06TT,135511.26506024096,78563.77789642285,56947.48716381811,115775.5,4.157302932338833e-14,6.423033030463497e-12,0.170848768881061,True
CR559Q06F,113839.40243902439,61845.81887201736,51993.58356700703,112249.0,1.0335302682796746e-13,1.4193815684374197e-11,0.16945288442048098,True
CR558Q09F,55193.944444444445,39304.72467532467,15889.219769119773,5048.5,0.001048103286037869,0.011464209394184124,0.16330476905548774,True
CR561Q06S,14.172413793103448,9.253676470588236,4.918737322515213,5201.5,0.0017867076862225061,0.016987466924392444,0.16267785843078933,True
CR564Q03F,89424.3,31526.49300155521,57897.806998444794,5657.0,3.718203684309369e-05,0.0007789321616620983,0.16143040315493012,True
HOMEPOS,-1.8603517857142857,-1.1733551282051282,-0.6869966575091575,169218.5,4.6895264258616e-23,9.660424437274896e-21,0.15969352677008708,True
CR560Q03TT,254785.62162162163,151047.6090759978,103738.01254562382,99661.0,5.104764919843011e-12,5.735899491750874e-10,0.15823484705088056,True
CR545Q02TT,302777.5657894737,229897.4891606448,72880.07662882892,99919.0,8.756026675055394e-12,9.018707475307055e-10,0.1576329132722755,True
CR559Q08TT,366878.4756097561,221485.8035237587,145392.6720859974,111398.0,4.641582070038331e-12,5.735899491750874e-10,0.15642128728204285,True
CR558Q02TT,192173.81818181818,122091.47083333334,70082.34734848484,7577.0,0.0005569338556405707,0.007648558284130504,0.15409331847877436,True
CR547Q06TT,104263.0,68286.15450643777,35976.84549356223,4980.0,0.0007833931241258462,0.009746312468780867,0.15334289193001027,True
CR560Q10F,102228.21875,59421.53271028037,42806.68603971963,69336.0,1.3975363848667224e-09,1.1515699811301793e-07,0.15322812909871464,True
ICTRES,-1.8828624999999997,-1.243410692853246,-0.6394518071467536,175474.0,3.643209633380451e-21,6.432867295511768e-19,0.15249252294086837,True
CR558Q09TT,68276.15789473684,53469.93630573248,14806.221589004359,6480.0,0.0009216115690180361,0.010785021332548808,0.1497225617324617,True
CR559Q03TT,114777.03614457832,65506.65064102564,49270.38550355268,110041.0,1.2871339451203762e-10,1.2237673508990653e-08,0.14539698678854193,True
CR220Q01TT,339808.4,200500.0899122807,139308.31008771932,125199.0,3.2732529851241095e-10,2.8898147782952852e-08,0.14329348618260807,True
CR561Q06F,44047.96551724138,27474.19142857143,16573.774088669947,6653.0,0.005394179042916061,0.03809831598311001,0.14297272590694482,True
CR453Q04F,42565.71428571428,24564.769097222223,18000.94518849206,8677.5,0.0007087323735832497,0.008938706262743843,0.1386133793251329,True
CR553Q01A,0.875,1.8475177304964538,-0.9725177304964538,2317.5,0.0003256770380599135,0.005095402772684216,0.13785566002621744,True
CR453Q04TT,161490.0909090909,94991.69153515065,66498.39937394026,11210.0,0.0002214224790589644,0.003698353839417297,0.13775372533156305,True
CR102Q05V,1.0,1.1586206896551725,-0.1586206896551725,,,,,False
CR564Q01F,112858.61538461539,56372.83156297421,56485.783821641184,6734.0,0.0004084613839997435,0.006156808178337597,0.1363762605208429,True
CR561Q08TT,47731.8,33989.90363636363,13741.89636363637,11172.5,0.0010785385722002646,0.011591945002082842,0.13576915272583764,True
CR220Q01F,53150.25806451613,31195.952779438136,21954.305285077993,105092.5,1.176950844733028e-08,8.081729133833459e-07,0.13571204141771503,True
CR559Q01TT,207034.156626506,137140.77896422852,69893.37766227749,107871.0,2.1491467017293877e-09,1.660215827085952e-07,0.1353529455718998,True
CR552Q01A,2.230769230769231,3.3952254641909816,-1.1644562334217508,3343.5,0.005126592965793077,0.03734197610414646,0.13505731877529867,True
CR220Q02TT,115115.54,83220.86246575342,31894.67753424657,123143.0,3.797710035203609e-09,2.761158590300977e-07,0.13431083626629756,True
CR558Q10S,1.411764705882353,0.754424778761062,0.6573399271212911,5424.0,0.0018156814817073548,0.01713116268236863,0.13315824842188365,True
CR563Q09F,41672.833333333336,20006.665557404325,21666.16777592901,3203.0,0.0010597944785120789,0.011490403293341486,0.13294122072337744,True
CR560Q03F,205252.11111111112,116317.49165739711,88934.61945371401,90238.0,1.3628704134512628e-08,8.865830689609267e-07,0.1313053110109637,True
CR561Q04TT,73710.8125,52766.42067736186,20944.391822638143,11957.0,0.001568140004574604,0.015261583036647326,0.12986006325903812,True
CR561Q06A,5.612903225806452,3.20863309352518,2.404270132281272,11508.5,0.0012407569820133194,0.012887190166121536,0.12981881495160316,True
CR570Q06S,0.8666666666666667,0.37643207855973815,0.49023458810692855,6829.0,0.00012048867270698952,0.0021619865538699367,0.12975074922238128,True
CR560Q10TT,140402.45945945947,93243.2349726776,47159.224486781866,93847.5,1.729151812165306e-08,1.068615819918159e-06,0.1291910125519019,True
CR541Q05A,1.2142857142857142,2.6961722488038276,-1.4818865345181134,1694.5,0.005497334411322528,0.03860628029769684,0.1289398197885466,True
CR558Q06TT,93869.8,62796.027484143764,31073.77251585624,6516.0,0.004221001049247089,0.03220467467203335,0.12889604008901728,True
CR568Q15A,3.0,1.5973684210526315,1.4026315789473685,3262.0,0.003634041541329451,0.029357355196622234,0.12834542155856238,True
CR566Q04S,0.3333333333333333,0.1863799283154122,0.14695340501792112,,,,,False
CR569Q01S,1.0,0.5235849056603774,0.4764150943396226,7512.0,0.00016324989295119185,0.0028419277139108893,0.12757168765046706,True
CR559Q01F,166625.89156626505,107852.44695745826,58773.44460880679,104995.5,2.2233279922780514e-08,1.3085873325979388e-06,0.1269997681196651,True
CR545Q02F,234391.38666666666,185273.58169567658,49117.80497099008,91617.0,4.731537924189158e-08,2.542687336651217e-06,0.1267654982910597,True
CR547Q02TT,100975.46666666666,50275.698513800424,50699.768152866236,5026.0,0.005299554410905467,0.03764511064298366,0.12651940814639095,True
CR559Q03F,91203.01219512195,51022.9394921664,40180.07270295555,103393.5,2.689496871825375e-08,1.51100824253462e-06,0.12647610979543109,True
CR541Q10A,1.2307692307692308,2.706896551724138,-1.476127320954907,1534.5,0.007727733726682576,0.05135203702247131,0.1255422747696945,False
CR543Q13F,45391.22222222222,30684.244047619046,14706.978174603173,2198.0,0.020259716609149544,0.0970581772438327,0.12507665219331482,False
CR570Q06F,91397.33333333333,52319.03001579779,39078.30331753554,7008.0,0.0016117914245067932,0.015563860942893722,0.12391897101606435,True
CR547Q06F,84101.64285714286,52584.10491071428,31517.537946428572,4444.5,0.007839202813889458,0.05146099279503151,0.12375132051835117,False
CR220Q04TT,76259.9898989899,58101.32109589041,18158.668803099485,119439.0,6.463562060413764e-08,3.3287344611130886e-06,0.12323641762808961,True
CR558Q02F,122836.66666666667,74358.68936170213,48477.977304964545,6653.0,0.006936218426152674,0.046847901501227904,0.12187984934978913,True
CR460Q05S,0.8461538461538461,0.3577371048252912,0.48841674132855495,5814.5,0.00030778444960211776,0.004877199739848943,0.12168536182055585,True
CR564Q03TT,86219.90909090909,39133.83040935673,47086.07868155236,5873.0,0.0013991598164582039,0.014346536357462079,0.12121530003305701,True
CR568Q15TT,71983.25,36249.176315789475,35734.073684210525,3199.0,0.017463944865840797,0.0899393160590801,0.1201114484850497,False
CR560Q08F,98173.19178082192,61392.355801104975,36780.83597971694,89780.5,1.9210389849960032e-07,8.794089575759481e-06,0.11999318518770848,True
CR453Q05TT,77594.77272727272,50611.23589001447,26983.536837258252,10624.0,0.001482813773947226,0.014900470118689196,0.11903770226815591,True
CR547Q03F,59289.357142857145,28036.8533916849,31252.503751172244,4492.0,0.009980976239615993,0.06144949729149109,0.11876420806161318,False
CR550Q04S,0.9,0.55,0.35,6480.0,0.0020105294733367782,0.018544883798837748,0.11867532319454345,True
CR568Q10TT,90604.3,55450.08401084011,35154.21598915989,2630.0,0.02173435882778728,0.10292592916147539,0.11796025246920354,False
CR460Q05F,69955.21428571429,34102.95057660626,35852.26370910803,6196.0,0.003358540578679446,0.027674374368318634,0.11772188803314584,True
CR560Q08TT,123717.0,81415.54073264079,42301.45926735921,91432.0,2.9457750255738355e-07,1.3003492612890216e-05,0.11752850228466524,True
CR564Q01TT,114329.35714285714,66344.56976744186,47984.78737541528,7154.0,0.0018597446702841732,0.017413972821751802,0.11747100230293313,True
CR220Q04F,58321.86734693877,42497.71284352215,15824.15450341662,113930.0,3.892854724665935e-07,1.6591615309265847e-05,0.11699702766531851,True
CR543Q09F,72509.30769230769,35152.89538461538,37356.412307692306,6283.0,0.0026213307222211642,0.02234458463907144,0.11688716763107775,True
CR568Q14TT,65966.75,49115.738693467334,16851.011306532666,3343.0,0.018274522944806665,0.0914466006468868,0.11661354455371588,False
CR220Q06F,38947.44329896907,29317.709334823925,9629.733964145144,113047.0,4.883796987809377e-07,2.0121243589774636e-05,0.11584476555225974,True
CR466Q02F,69233.5294117647,38800.333333333336,30433.196078431363,4879.0,0.015128774183878898,0.08094876576309229,0.1154645469161356,False
CR111Q01F,96588.60869565218,64334.18454935622,32254.424146295954,7045.0,0.010840614498860684,0.0647294662830522,0.11524944625320248,False
CR219Q01F,40514.0,22464.909819639277,18049.090180360723,5220.0,0.009161089417581826,0.058067212923749424,0.11498390035734007,False
CR566Q09A,0.7142857142857143,3.7364975450081834,-3.022211830722469,797.5,0.0038336177229388074,0.030545867681976226,0.11484450327709785,True
CR565Q09F,32649.222222222223,18724.97480620155,13924.247416020673,3508.0,0.008599860811961065,0.054790865791669474,0.11472463449583602,False
CR556Q10S,1.0,0.35778175313059035,0.6422182468694096,2754.0,0.001168156195975618,0.012340521865178323,0.11391800157621022,True
CR590Q28TT,6212.55,4751.870217554389,1460.6797824456116,52929.5,2.1867319678768065e-05,0.0004830237487251059,0.1137392795366046,True
CR545Q03TT,146164.14666666667,111130.75973303671,35033.386933629954,89973.0,8.952781341324587e-07,3.5695605606055446e-05,0.11353231455924864,True
CR590Q35TT,4442.761904761905,3587.147592738753,855.6143120231518,52212.5,3.5604972271584166e-05,0.000758754236684104,0.11336863440457853,True
CR545Q03S,1.6849315068493151,1.1608744394618835,0.5240570673874316,87052.5,1.5454294305368404e-07,7.34673375439821e-06,0.11336273043430634,True
CR558Q10SB,0.7647058823529411,0.4174107142857143,0.3472951680672268,5130.5,0.004585755410397173,0.03435147689242973,0.11277255012754982,True
CR550Q04TT,110304.34782608696,68921.768,41382.57982608696,7576.0,0.009993000773130832,0.06144949729149109,0.112674590436774,False
CR552Q06VS,0.34615384615384615,0.04838709677419355,0.2977667493796526,6107.5,9.693467954532042e-08,4.792450556720642e-06,0.11238823728610414,True
CR559Q08F,45883.620253164554,31505.362767154107,14378.257486010447,92554.5,1.6950210908304348e-06,5.6622866709903175e-05,0.11108225284093906,True
CR541Q01A,1.8,3.040909090909091,-1.240909090909091,2117.0,0.014379198025533444,0.07842745310984456,0.11074274397405326,False
CR220Q06TT,54875.45918367347,42754.836074561405,12120.623109112064,115196.0,1.4058156227266641e-06,5.110553263794579e-05,0.11004113782041389,True
CR590Q15TT,6540.377049180328,5452.50802919708,1087.869019983248,54855.5,3.491979595137701e-05,0.0007572082069456488,0.10941233776489731,True
CR542Q09S,0.7391304347826086,0.4130052724077329,0.32612516237487577,8677.5,0.0019494780949631467,0.018116954326123678,0.10906283606270428,True
CR556Q04F,109763.0,41374.89297658863,68388.10702341137,3323.0,0.007492239255252953,0.05032830282332962,0.1087632366288725,False
CR453Q06TT,90021.86363636363,64244.80029154519,25777.063344818445,10273.0,0.0038850028108854302,0.030585117670410143,0.10853320207389681,True
CR543Q09TT,78148.07142857143,42021.93208092485,36126.13934764658,7022.0,0.003949263544751532,0.030894238869068946,0.10849741122925562,True
CR568Q05TT,108200.58333333333,76525.65989847716,31674.923434856173,3237.0,0.029345502322567805,0.12215897065995178,0.10819468115271125,False
CR567Q08A,4.368421052631579,6.279538904899136,-1.911117852267557,2368.0,0.034916726267063325,0.1378820244923012,0.10808300690657788,False
CR552Q09A,2.0,2.351063829787234,-0.35106382978723394,3649.0,0.022841833582657893,0.1049535550489411,0.10784891575505788,False
CR570Q04S,0.875,0.47327044025157233,0.40172955974842767,7132.0,0.0015100058026716913,0.0150513481621146,0.10757282572506381,True
CR455Q05A,4.8125,6.178907721280603,-1.366407721280603,2682.5,0.010679422902649938,0.06407653741589962,0.10746140160090066,False
CR456Q06A,91.85714285714286,55.251506024096386,36.605636833046475,6676.0,0.0051438181996170465,0.03734197610414646,0.1073892432706219,True
CR543Q04S,0.9230769230769231,0.47900466562986005,0.4440722574470631,6035.5,0.0015347364782727693,0.015175474297161142,0.10711661198460452,True
CR545Q04TT,334572.5,221528.00111358575,113044.49888641425,87493.0,3.7984706926889996e-06,0.00011178356609913341,0.10688832619427768,True
CR543Q01F,112378.92857142857,58329.222727272725,54049.70584415584,6606.0,0.00588618278260577,0.040644256532406324,0.10610895730305561,True
CR541Q05F,78282.63636363637,45842.00255102041,32440.63381261596,2962.0,0.03450647661738135,0.13711336929095364,0.1053763334039193,False
CR590Q52TT,8450.237288135593,6895.085714285714,1555.1515738498792,43690.5,0.0002508363324335375,0.004026411777764316,0.10508988468568768,True
CR559Q08A,236.90243902439025,165.00373731980778,71.89870170458246,99949.5,3.684610953168078e-06,0.00011178356609913341,0.1046718549038181,True
CR561Q08A,3.6,2.849090909090909,0.750909090909091,10500.5,0.009675951656189756,0.060097870588193665,0.10455037748827976,False
CR460Q06F,54602.57142857143,23586.93640699523,31015.635021576196,6223.5,0.008109827077268044,0.052756559302648956,0.10443439269715084,False
CR055Q02F,66303.75,29279.324543610546,37024.42545638945,2913.0,0.02059012286595728,0.09826020024063012,0.10350017206956921,False
CR545Q04F,56877.34285714286,36139.38573155986,20737.957125583,75339.0,1.8944424925416292e-05,0.00043361683718175074,0.10301043297436709,True
CR564Q03S,0.9,0.42289348171701113,0.4771065182829889,4645.5,0.002528774852193088,0.02185710291825634,0.10248513652421268,True
CR540Q04F,68338.54545454546,31964.15122873346,36374.39422581199,4129.0,0.017314021563933146,0.08991651534882927,0.10245961900220658,False
CR552Q06A,2.6538461538461537,2.5913978494623655,0.06244830438378823,3681.5,0.03333991708143111,0.13335966832572443,0.10204657486968717,False
CR590Q14TT,7171.328125,5708.241556534508,1463.0865684654918,55990.5,0.0001165402467183068,0.0021619865538699367,0.1020445025268344,True
CR545Q07TT,46783.94520547945,34428.95763656633,12354.987568913122,85347.0,1.0837037273324067e-05,0.0002911864797788814,0.10182813972739345,True
CR545Q07F,32526.816901408452,22260.94094488189,10265.875956526561,82408.5,1.2289066113457986e-05,0.00032317629183476745,0.1016862475235388,True
CR590Q66TT,9426.340425531915,6917.410810810811,2508.9296147211035,33806.0,0.0005797938616432477,0.007734308875834135,0.10116558516860795,True
CR544Q07TT,149036.33333333334,68004.64122137404,81031.6921119593,1745.0,0.04159924631199575,0.15257171644399628,0.10106917258828998,False
CR564Q02F,47691.63636363636,30632.45245398773,17059.18390964863,5219.0,0.009557760796666079,0.06002160547698384,0.10067366132491062,False
CR111Q02BTT,208905.79166666666,142354.0398322851,66551.75183438155,7280.0,0.024593465378472273,0.10799466981150892,0.10045340996844289,False
CR453Q01TT,61252.875,54181.92897727273,7070.946022727272,11184.0,0.006932927026957927,0.046847901501227904,0.10008876069649389,True
CR570Q08S,0.9333333333333333,0.5555555555555556,0.37777777777777777,6324.0,0.003587732298649259,0.029173928428490026,0.09990903938134481,True
CR453Q01F,54377.208333333336,47940.83875739645,6436.369575936886,10682.0,0.008305878530983824,0.053749035938722545,0.0997784489417399,False
CR561Q08F,32301.96551724138,24653.019283746555,7648.946233494826,6423.0,0.04839292427207023,0.16896512542451642,0.09974009001521335,False
CR561Q01TT,136990.40625,106637.96503496503,30352.441215034967,11503.0,0.014412692755811399,0.07842745310984456,0.09958045170880804,False
CR453Q05F,34009.09090909091,23930.963414634145,10078.127494456767,9558.0,0.009566550387512796,0.06002160547698384,0.09953240993663229,False
CR590Q16TT,6965.862068965517,5578.455497382199,1387.4065715833185,49933.0,0.00020283153985404626,0.0034819414341611277,0.09948218244235878,True
CR565Q08S,1.0,0.5403225806451613,0.45967741935483875,2896.0,0.009670444589567116,0.060097870588193665,0.0994119682232292,False
CR055Q03F,72230.0,39970.01825557809,32259.981744421908,3176.5,0.026402200481889092,0.11291736953499971,0.0991460842765725,False
CR460Q01F,88969.5625,56094.557915057914,32875.004584942086,5533.0,0.022359588729957594,0.10428849686878335,0.0988827368131384,False
CR564Q04F,69692.8,29964.672926447573,39728.12707355243,4659.0,0.012861714013747133,0.07292237853665806,0.0976792337143721,False
CR590Q32TT,7210.306451612903,5572.287713841369,1638.0187377715347,50602.5,0.0003357826655619768,0.005187842182932541,0.09767560310404723,True
CR590Q06TT,5935.6875,4873.38010393467,1062.30739606533,54766.0,0.00025078466023497324,0.004026411777764316,0.09747854093644176,True
CR567Q08S,1.0,0.6978193146417445,0.3021806853582555,2508.0,0.024030102174024064,0.10745826069194596,0.09740362461573566,False
CR567Q03A,79.56,89.06906077348066,-9.509060773480655,3488.5,0.05534348999598219,0.18289987602950264,0.09740119709523533,False
CR111Q01TT,104407.84,78563.80125523012,25844.038744769874,7519.0,0.029353733241104917,0.12215897065995178,0.09717503497884618,False
CR541Q04F,34818.0,24621.97263681592,10196.02736318408,3218.0,0.048598413027384046,0.16920461549815966,0.09698348731551151,False
CR590Q56TT,9058.94,7409.296551724138,1649.6434482758623,37115.0,0.000796450056395199,0.009746656135687783,0.0964273859595286,True
CR460Q01TT,290074.8888888889,146882.94729136163,143191.94159752724,8306.0,0.010920488386450307,0.06489290214256048,0.09615438531809398,False
CR544Q14SB,0.75,0.6445783132530121,0.10542168674698793,,,,,False
CR553Q04TT,245806.5625,151712.5026642984,94094.0598357016,6015.0,0.022067905028962023,0.1033953404670251,0.0951672719261604,False
CR453Q04A,115.36363636363636,74.72309899569584,40.640537367940524,10114.0,0.010559833476398944,0.06377323179895056,0.09514066211863809,False
CR567Q08F,40518.71428571428,31038.185185185186,9480.529100529096,2893.0,0.08106089347819048,0.23463996332328674,0.09496769959064875,False
CR590Q29TT,5741.0344827586205,5066.945413191812,674.0890695668086,48659.0,0.0004458100312617089,0.006599258906050852,0.0946302381618039,True
CR558Q10SD,0.8235294117647058,0.532293986636971,0.2912354251277348,4928.0,0.018151869610880403,0.09120207658149665,0.0944715542051518,False
CR590Q40TT,4409.537037037037,3596.0894695170227,813.4475675200147,43463.0,0.0006252367403848504,0.008049923032454949,0.09425624017369649,True
CR220Q04S,0.7319587628865979,0.4864864864864865,0.24547227640011138,107280.0,2.5137518516229007e-06,8.176308654226067e-05,0.09419259098369094,True
CR565Q09A,1.3,2.5634328358208953,-1.2634328358208953,1594.0,0.022629131779665825,0.10475508194631819,0.0940260233640551,False
CR543Q15A,109.92307692307692,41.0,68.92307692307692,6267.0,0.01274968240361568,0.07262031083349761,0.09372633080593365,False
CR590Q50TT,6633.607142857143,6635.752551020408,-2.1454081632646194,41473.0,0.0010208442592613755,0.011421984217778637,0.09358755976904513,True
CR558Q10F,27988.38888888889,20299.136263736265,7689.252625152625,5240.5,0.04410426216933947,0.15846763965495228,0.09260277994933318,False
CR549Q04TT,140754.84210526315,105097.84439834025,35656.99770692289,5858.0,0.0388694322472194,0.14470668149868426,0.0923187948347401,False
CR567Q06VS,0.2727272727272727,0.05714285714285714,0.21558441558441557,4718.0,1.4287764729399026e-05,0.00035319354411074395,0.09198967823500193,True
CR559Q04TT,73635.84337349398,55306.04911906033,18329.794254433647,98169.0,4.922837282381812e-05,0.0010141044801706533,0.09178529704947815,True
CR549Q12SA,0.7857142857142857,0.47954545454545455,0.30616883116883115,4023.0,0.02429566283948106,0.10763239881576556,0.09157529680282014,False
CR543Q03TT,51416.28571428572,28393.48633093525,23022.799383350466,6715.0,0.014785826294549642,0.07980472183433782,0.09157008964296214,False
CR590Q51TT,6605.4,4944.734960767219,1660.665039232781,39502.0,0.0015516214120455776,0.015220667184828047,0.0912910724244825,True
CR561Q04S,0.8,0.5650557620817844,0.23494423791821561,9966.0,0.011324944639984657,0.06640572617334713,0.0909383122564301,False
CR560Q06TT,109046.66216216216,70313.48332422088,38733.178837941276,86013.5,7.570118555570582e-05,0.0014817470456705535,0.09072484095087767,True
CR055Q03V,1.6,1.1135225375626043,0.48647746243739576,4226.5,7.149146341774916e-06,0.00019636321952075101,0.09043531677933646,True
CR460Q06TT,56124.125,30952.261654135338,25171.863345864662,7142.0,0.01916134464685868,0.09324181883274539,0.08978472119626868,False
CR568Q08V,1.6,1.1122994652406417,0.4877005347593584,2478.0,0.00036971584706912324,0.005641589962684399,0.08956996907266271,True
CR547Q03TT,64634.666666666664,39340.13034188034,25294.53632478632,4552.0,0.05031153798095158,0.17191330552755124,0.08910324891414986,False
CR550Q06S,0.9375,0.6981132075471698,0.23938679245283023,3153.0,0.04003125835846385,0.1480759664910093,0.08841760104560296,False
CR556Q01F,79897.25,38529.707792207795,41367.542207792205,3580.5,0.02760726412862335,0.11725971980404969,0.08822297472444901,False
CR568Q08S,1.0,0.69164265129683,0.30835734870317,2270.0,0.03630320790505277,0.14110303449888437,0.08800433109110978,False
CR466Q06S,1.0,0.7113924050632912,0.28860759493670884,3308.5,0.022757147046612147,0.1049535550489411,0.0876893541634368,False
CR556Q12SC,0.8333333333333334,0.35,0.4833333333333334,2403.0,0.014040578399665996,0.0771295773421652,0.08719466138488151,False
CR456Q06TT,89494.21428571429,71304.92469879518,18189.289586919112,6291.0,0.02353032512565153,0.10692456564450474,0.08700223209745157,False
CR543Q04F,22186.384615384617,17536.420489296637,4649.96412608798,5790.0,0.025328976938987675,0.10995766479736334,0.08661987333939417,False
CR220Q06S,0.7604166666666666,0.5338600451467269,0.22655662151993972,104326.0,1.4200099285073401e-05,0.00035319354411074395,0.08661872280266672,True
CR542Q01S,0.7142857142857143,0.4660347551342812,0.24825095915143308,11062.0,0.010131927925304167,0.06199536096869283,0.08653717402807504,False
CR540Q04TT,168788.75,92282.12202380953,76506.62797619047,5564.0,0.023990050286011463,0.10745826069194596,0.08633776304172097,False
CR404Q10TT,197136.9,156107.44144144145,41029.458558558545,5525.5,0.06436531897608219,0.20140641583401922,0.08590698973580868,False
CR545Q03F,58356.02702702703,43405.17067711248,14950.856349914546,82736.5,0.00024408450176523027,0.0040225125890909945,0.08503841353719561,True
CR566Q03A,12.75,49.20807453416149,-36.45807453416149,1426.5,0.028643099189789727,0.12041792720605476,0.08502199337296386,False
CR567Q11S,0.5454545454545454,0.2777777777777778,0.2676767676767676,2133.5,0.0544940670627421,0.18057551444919367,0.08471984868405381,False
CR544Q14TT,72056.6,48256.46648793566,23800.13351206435,1332.0,0.10140938367342063,0.27487280311479806,0.08466472141664244,False
CR453Q06A,74.36363636363636,53.06851311953353,21.295123244102832,9673.0,0.023804503456013572,0.10745826069194596,0.08465350964839698,False
CR590Q48TT,6097.226415094339,4933.243704305442,1163.9827107888968,40629.5,0.0024496931013090134,0.021367226848513984,0.08455000751384921,True
CR540Q05F,57839.2,30621.19273301738,27218.00726698262,4413.0,0.03232584885766961,0.13099917766583488,0.0844413043619564,False
CR542Q08F,42015.64,33498.39936608558,8517.240633914422,9894.0,0.030888147330427385,0.12683637907112374,0.08429668548663305,False
CR220Q05TT,49479.357142857145,37390.00986842105,12089.347274436092,109149.0,0.00022045679380004385,0.003698353839417297,0.08426969086456405,True
CR565Q01F,43043.333333333336,34410.086956521736,8633.2463768116,4223.5,0.05010558229511128,0.17191330552755124,0.08426676682322266,False
CR543Q01TT,114255.2,68065.71590909091,46189.484090909085,7075.0,0.024169414621651276,0.10745826069194596,0.08409930822348634,False
CR541Q03A,1.4666666666666666,2.5730858468677495,-1.106419180201083,2362.0,0.06153448403328336,0.19551830916487978,0.08399509835000535,False
CR111Q02BF,49440.36363636364,36834.060889929744,12606.302746433896,5752.0,0.07562327031345467,0.2236133064771052,0.08388578583980036,False
CR543Q10TT,107606.42857142857,25719.31114327062,81887.11742815794,6517.0,0.02600042265586945,0.11197394565384892,0.08386870828051478,False
CR540Q01S,0.8,0.40275650842266464,0.3972434915773354,4562.0,0.011306827588355575,0.06640572617334713,0.08379791338403633,False
CR550Q05S,0.9,0.6534446764091858,0.24655532359081422,5971.0,0.022444815346212923,0.10429245025533523,0.08368015792000556,False
CR566Q12A,16.714285714285715,37.056105610561055,-20.34181989627534,1156.0,0.03737255396858463,0.14301076379309785,0.0836600618747146,False
CR567Q11SD,0.9,0.6266666666666667,0.2733333333333333,1910.0,0.07812121506858652,0.2288100043241065,0.08351275501988487,False
CR556Q05F,21005.0,15338.634517766497,5666.365482233503,2629.0,0.0418384412912737,0.15299501016572276,0.08334072314722415,False
CR552Q09VS,0.23076923076923078,0.0425531914893617,0.18821603927986907,5844.0,5.711119655380598e-06,0.0001641614859081493,0.08321514403699382,True
CR561Q07TT,110471.0,91105.28493647913,19365.715063520867,10358.0,0.046087119203827465,0.16368873372393894,0.08270135524860237,False
CR590Q24TT,5710.515151515152,4490.639605462822,1219.8755460523298,53190.0,0.002214155114409459,0.01997588117817585,0.0822546815232303,True
CR561Q03A,1.75,2.3992932862190814,-0.6492932862190814,7145.0,0.035421939948378514,0.13943158527450905,0.08218718433566422,False
CR590Q63TT,6199.125,5909.915343915344,289.20965608465576,33751.5,0.004786094715670371,0.03542283274591963,0.0820618277031557,True
CR566Q06A,1.1428571428571428,2.134087237479806,-0.9912300946226633,1196.0,0.03257437296882077,0.13157491826621723,0.08152125956174018,False
CR590Q42TT,5783.188679245283,5087.536624203822,695.6520550414616,41219.0,0.003246814944880695,0.02693331054948013,0.08135782476807674,True
CR556Q05S,1.0,0.5347222222222222,0.4652777777777778,2532.0,0.023125547562078016,0.10547297707279862,0.08133248376450575,False
CR590Q09TT,5637.35,4512.857983811627,1124.4920161883738,50282.5,0.0021971934845072317,0.01996861137390396,0.08129513738332203,True
CR219Q02A,86.5,48.62596599690881,37.87403400309119,4476.0,0.03599865966116293,0.1405073381886548,0.08128579031693527,False
CR558Q12F,19498.38888888889,17440.638766519824,2057.750122369067,5085.0,0.07852376266546918,0.2290882783384456,0.08101964997350526,False
CR561Q01F,96407.67741935483,76101.19784172662,20306.47957762821,10419.5,0.050026719049424226,0.17191330552755124,0.08090939115561775,False
CR542Q09TT,111170.24,92137.08194233688,19033.158057663124,10287.0,0.034611141762764995,0.13711336929095364,0.08080765379227205,False
CR542Q01F,39358.44827586207,33420.71205007825,5937.736225783825,11385.0,0.037089756361032,0.14271799314039896,0.08068138146064366,False
CR543Q10F,54051.92307692308,20087.600619195047,33964.322457728034,5606.5,0.03842801980627274,0.14470668149868426,0.08067452487150467,False
CR545Q03SD,0.8055555555555556,0.566533409480297,0.23902214607525862,78103.0,5.797719890811536e-05,0.0011558035137166224,0.08061249049042658,True
CR564Q02S,1.0,0.6391912908242613,0.3608087091757387,4812.5,0.013240935806387827,0.07403893944942173,0.08030266237167898,False
CR220Q05F,40303.197916666664,28892.927528089887,11410.270388576777,103398.5,0.000513663015158002,0.007297557318796441,0.0801985490337373,True
CR540Q05A,1.1818181818181819,2.0286144578313254,-0.8467962760131436,2316.5,0.027148909189189826,0.1157105233028918,0.08013622842971974,False
CR556Q09F,102151.375,27386.49526066351,74764.8797393365,2266.0,0.09722620622978116,0.2664558556541231,0.08004687457698288,False
CR432Q06A,4.75,7.554112554112554,-2.804112554112554,1187.5,0.0817089639667687,0.23596326977319187,0.07999043916524226,False
CR590Q23TT,4812.015873015873,4169.910095799558,642.1057772163149,52324.0,0.0026099858477397664,0.02234458463907144,0.07988895068592912,True
CR559Q04F,55415.21951219512,42883.792004321986,12531.427507873137,93235.0,0.00045383252994686275,0.006599258906050852,0.07976008174863947,True
CR544Q14SD,0.25,0.33633633633633636,-0.08633633633633636,,,,,False
CR590Q55TT,5229.053571428572,4469.602878916173,759.4506925123987,40360.5,0.005244306288611746,0.037467991749850396,0.07937850703327927,True
CR543Q15F,21636.666666666668,16317.322327044025,5319.344339622643,5114.0,0.04342918338079409,0.15741486996674922,0.07936632723387553,False
CR553Q07F,49556.4,30201.801587301587,19354.598412698415,2437.0,0.11847525804099279,0.3031789211980685,0.07933071818222542,False
CR543Q15TT,136293.76923076922,62953.667151162794,73340.10207960643,5989.0,0.036036267156799,0.1405073381886548,0.07921049795688097,False
CR460Q05TT,73552.70588235294,38213.220389805094,35339.48549254784,7330.0,0.039082473263141626,0.1450628737334626,0.07891667679692778,False
CR544Q07A,125.66666666666667,70.08142493638677,55.585241730279904,1620.5,0.11527617832226852,0.29683615917984146,0.0788375259677209,False
CR549Q12S,0.6428571428571429,0.3789237668161435,0.2639333760409994,3946.0,0.04624806110567033,0.16378969491864906,0.07844350833882408,False
CR543Q13TT,42795.92307692308,28115.835516739447,14680.08756018363,5964.0,0.03808610929359077,0.14470668149868426,0.07841322150253376,False
CR568Q06TT,131534.0,84978.91428571429,46555.08571428571,2921.0,0.11885395946561775,0.303519615494842,0.0783382843560485,False
CR541Q03F,33909.0,24416.35251798561,9492.647482014389,3189.0,0.10497334643012533,0.28083778395591974,0.07832958681959254,False
CR553Q07S,0.625,0.32727272727272727,0.29772727272727273,1713.0,0.07858691748826936,0.2290882783384456,0.07827498818290347,False
CR568Q06V,1.4166666666666667,1.0909090909090908,0.3257575757575759,2919.0,0.0008286302335915159,0.010041048712932486,0.07808185789334458,True
CR570Q01TT,29008.9,39809.47169811321,-10800.571698113206,5018.0,0.03820455115842637,0.14470668149868426,0.07786092639654435,False
CR102Q07V,1.0,1.083720930232558,-0.08372093023255811,,,,,False
CR455Q02F,64529.7,54408.18525896414,10121.514741035855,6187.0,0.07782835784655137,0.2288100043241065,0.07721621806782276,False
CR540Q01F,85474.41666666667,59014.507575757576,26459.909090909096,5292.0,0.04573352478591109,0.1629009701307957,0.07709746321419018,False
CR540Q03A,1.1666666666666667,1.9778434268833087,-0.811176760216642,2683.0,0.03143634775587885,0.1286600192922724,0.07686626441292027,False
CR590Q54TT,5376.294117647059,5096.647163120568,279.64695452649084,35033.5,0.008394538873084374,0.05403984399548065,0.07676901806249178,False
CR567Q04VS,0.21739130434782608,0.033707865168539325,0.18368343917928676,4855.0,1.803336269755922e-05,0.00042730454234406195,0.07676706902387419,True
CR102Q04TT,62581.0,115480.93959731543,-52899.93959731543,822.5,0.10391576350374174,0.2786114613679496,0.07647737441933425,False
CR466Q06A,5.4375,7.717194570135747,-2.2796945701357467,2687.5,0.10094862091441931,0.27482928513264815,0.07623111321800223,False
CR556Q12F,22153.571428571428,12895.457627118643,9258.113801452784,2908.0,0.06329708943105793,0.19856650390047614,0.07605108497685421,False
CR220Q02S,0.5833333333333334,0.38611589213998854,0.19721744119334483,100164.0,0.00012069342412380715,0.0021619865538699367,0.07596096634823493,True
CR542Q08S,0.6666666666666666,0.4342948717948718,0.23237179487179482,9228.0,0.0246694575063563,0.10799466981150892,0.0759507565535709,False
CR562Q05F,63266.27272727273,51334.30875576037,11931.963971512356,3059.0,0.11090340017141147,0.29103312656446834,0.0756260215120207,False
CR568Q14F,49177.916666666664,40960.357142857145,8217.55952380952,2723.0,0.14603917733180485,0.3438179489183063,0.07503665673900482,False
CR590Q30TT,4826.15,4048.8714285714286,777.278571428571,48400.0,0.005196456221612615,0.03734197610414646,0.07496130489115063,True
CR544Q07F,8634.0,15913.7,-7279.700000000001,565.0,0.15340376950144233,0.35308577114298456,0.07483628195593564,False
CR590Q43TT,5058.8983050847455,3977.7148726376336,1081.183432447112,43250.0,0.007855147444025311,0.05146099279503151,0.07442129806647835,False
CR561Q03S,0.6451612903225806,0.45623836126629425,0.18892292905628638,9896.0,0.040591486223292915,0.14931868146425606,0.07426479495821918,False
CR556Q04V,1.7,1.0797546012269938,0.6202453987730061,4403.5,1.2635222221910624e-05,0.0003253569722141986,0.07404866534248322,True
CR556Q04VS,0.5,0.05828220858895705,0.44171779141104295,4402.0,3.1189042590024418e-06,9.88452734391543e-05,0.07395153110722855,True
CR590Q58TT,4998.2040816326535,4133.765694076039,864.4383875566145,33606.0,0.011582751963412446,0.06752962937159332,0.07350038787856485,False
CR220Q05A,1.6224489795918366,2.008771929824561,-0.38632295023272456,72210.5,0.0005507586589215383,0.007648558284130504,0.07315689973881931,True
CR547Q07TT,100088.07692307692,78076.71551724138,22011.361405835545,3799.0,0.11040883715217302,0.29103312656446834,0.07313892635743537,False
CR540Q05S,0.75,0.3729903536977492,0.3770096463022508,3426.0,0.029072412471072354,0.1218084807262557,0.0730580912113253,False
CR590Q61TT,6956.456140350877,5654.428571428572,1302.0275689223054,37902.5,0.01297708046859025,0.07318733832511072,0.07263789252809386,False
CR460Q01A,133.94444444444446,75.18887262079063,58.755571823653824,7777.0,0.05303382054130293,0.1766841029354459,0.07259455677095562,False
CR556Q10F,33642.42857142857,17202.92695652174,16439.501614906832,2785.0,0.0808483284537807,0.23457402340111022,0.07241197604372791,False
CR559Q01A,1.6746987951807228,2.741591030432461,-1.0668922352517383,61610.5,0.0006490778233722285,0.008270723605031696,0.0723837277399417,True
CR567Q10S,1.0,0.7692307692307693,0.23076923076923073,2112.0,0.07149783476988043,0.21449350430964131,0.07238330401855811,False
CR570Q04SC,0.9375,0.6715447154471544,0.26595528455284556,6228.5,0.024726934916389175,0.10799466981150892,0.0723591709004009,False
CR553Q01F,20124.615384615383,15245.544444444444,4879.070940170939,4478.0,0.08922718143768942,0.25411243377185283,0.07230693891647383,False
CR566Q09TT,16236.857142857143,42300.22585924713,-26063.36871638999,1297.0,0.07337530420545718,0.2185346409589038,0.07206685272757482,False
CR542Q08TT,46234.37037037037,39450.91074130106,6783.459629069315,10831.0,0.059583635439874494,0.19228557024460802,0.07184039768142776,False
CR568Q08TT,58403.9,51964.435828877,6439.464171123,2357.0,0.1601839097859672,0.36394726561664603,0.0717443666749782,False
CR590Q49TT,5427.666666666667,5038.963333333333,388.70333333333383,36999.0,0.011336252607262332,0.06640572617334713,0.07159722710994326,False
CR564Q03A,1.2727272727272727,2.1301169590643276,-0.8573896863370549,2516.0,0.046929705649890824,0.16478726188427573,0.07154631162538562,False
CR220Q06A,1.7142857142857142,2.3240131578947367,-0.6097274436090225,72588.5,0.0008899804535509963,0.01057707539027915,0.0715459179380402,True
CR558Q04TT,152081.95238095237,108480.83472803347,43601.117652918896,6049.0,0.11141326810983707,0.2911348824180943,0.07129662584194085,False
CR556Q10VS,0.5,0.07465007776049767,0.4253499222395023,4291.5,7.944687304839463e-05,0.001510712847504858,0.07116291113688873,True
CR564Q01S,0.75,0.44122137404580153,0.30877862595419847,5143.5,0.033205751201431134,0.13325424832782107,0.0710342799418148,False
CR590Q53TT,4920.470588235294,4238.457295373665,682.0132928616285,34432.5,0.014915880670126952,0.08015664568816049,0.07102532514530678,False
CR544Q10VS,0.4,0.033419023136246784,0.36658097686375324,1329.0,2.1884571139648812e-05,0.0004830237487251059,0.07098125858496035,True
CR404Q03TT,114854.19047619047,85487.15144766147,29367.039028529005,5649.0,0.12470930537517846,0.3145728600892257,0.07085617892376872,False
CR543Q01S,0.5384615384615384,0.24496124031007752,0.29350029815146095,5423.0,0.015763168163190445,0.08290755680724847,0.07069115108870157,False
CR556Q03V,1.4,1.0715372907153728,0.32846270928462706,4388.0,1.8322929404721104e-05,0.00042730454234406195,0.0706207462570601,True
CR545Q06TT,57814.6301369863,45178.15719063545,12636.472946350848,79203.5,0.0023727523940197254,0.020948013992917004,0.07033809762454225,True
CR547Q03A,1.6666666666666667,2.361111111111111,-0.6944444444444444,2692.5,0.10692497583693952,0.284826013220813,0.06990585987266557,False
CR560Q06F,81672.5945945946,54379.59911406423,27292.99548053037,80685.5,0.0024548108515283057,0.021367226848513984,0.06985788847580361,True
CR549Q06F,44751.0,30367.217105263157,14383.782894736843,3950.0,0.13021112730137227,0.32088566176215716,0.0698480051048356,False
CR566Q06VS,0.42857142857142855,0.048465266558966075,0.3801061620124625,2994.0,3.746697815453772e-06,0.00011178356609913341,0.06950936866289541,True
CR549Q13SD,0.9230769230769231,0.684331797235023,0.2387451258419001,3494.5,0.06685612298896103,0.20710317798084169,0.06940949963065357,False
CR569Q03S,1.0,0.7168,0.2832,5213.0,0.02416520960025703,0.10745826069194596,0.06924761062703241,False
CR541Q01F,54877.61538461538,39678.643867924526,15198.971516690857,3404.0,0.14885912335623427,0.3478069498455682,0.06910878388495635,False
CR570Q04TT,91553.55555555556,71935.71929824562,19617.836257309944,7704.0,0.06843528334089775,0.20937131239938025,0.06879407846057821,False
CR055Q05F,48387.875,29427.973415132925,18959.901584867075,2573.5,0.12569399111470483,0.3157678313369414,0.0687440787276917,False
CR570Q06TT,87506.76470588235,62117.75635276532,25389.00835311703,7139.0,0.07194649982858825,0.2153168856855571,0.06872722648446596,False
CR547Q07SE,0.2727272727272727,0.5287356321839081,-0.25600835945663536,1780.0,0.0938299256579462,0.2600458109510702,0.06869649101771476,False
CR558Q10TT,65553.31578947368,56238.63965884862,9314.676130625063,5366.0,0.13101022048452884,0.3219257107731166,0.06839793824610683,False
CR567Q10VS,0.23529411764705882,0.05029585798816568,0.18499825965889313,3404.5,0.001646946719837138,0.01578004764123025,0.0683237831364826,True
CR570Q01S,1.0,0.7415902140672783,0.2584097859327217,6584.0,0.018833477049689105,0.09297865606320437,0.06828413113502092,False
CR563Q02VS,0.42857142857142855,0.0426179604261796,0.38595346814524895,3187.0,1.521819921974105e-06,5.374198353028554e-05,0.06822325208391859,True
CR453Q01S,0.7727272727272727,0.5485799701046338,0.22414730262263893,9008.5,0.0375463316246423,0.14323230212363544,0.06811244538739315,False
CR556Q05A,1.1,1.7844961240310078,-0.6844961240310077,2190.0,0.06326228194464452,0.19856650390047614,0.06810492920432554,False
CR543Q04TT,25914.285714285714,21911.99855699856,4002.2871572871554,6217.5,0.07099869338724869,0.21414363189096997,0.06792713353969697,False
CR552Q04VS,0.2,0.04310344827586207,0.15689655172413794,5032.5,0.0007885366075065426,0.009746312468780867,0.0678646221514539,True
CR111Q01A,1.88,2.8723849372384938,-0.9923849372384939,4900.0,0.1113214179411241,0.2911348824180943,0.06765748873203345,False
CR568Q10F,61844.9,41988.36887608069,19856.53112391931,2146.0,0.20201071359828404,0.4189349698112065,0.067607065567189,False
CR543Q13S,0.6666666666666666,0.44285714285714284,0.2238095238095238,1542.0,0.18555757487171798,0.39748555033179106,0.06721892157924012,False
CR562Q02A,1.3125,2.4057239057239057,-1.0932239057239057,3602.5,0.08070652953101702,0.23457402340111022,0.06690535234619042,False
CR544Q14SA,1.0,0.9283582089552239,0.07164179104477608,,,,,False
CR566Q14TT,18916.714285714286,33669.10223642173,-14752.387950707442,1384.0,0.09370783033775838,0.2600458109510702,0.06666248319111663,False
CR556Q03S,0.8571428571428571,0.5008547008547009,0.35628815628815624,2777.0,0.061296652741469844,0.19551830916487978,0.06665009398521807,False
CR552Q01F,31253.105263157893,25907.027548209368,5346.077714948526,4058.0,0.19428343914461232,0.41048603552605273,0.06646655223300472,False
CR544Q10V,2.0,1.1285347043701799,0.8714652956298201,1305.5,0.006220590749455158,0.04271472314625875,0.06630226958987881,True
CR570Q04F,57181.23529411765,41392.13076923077,15789.104524886883,6867.0,0.08718151854592372,0.2488599467038377,0.06625380904342687,False
CR545Q04A,188.97297297297297,138.87973273942094,50.093240233552024,79487.5,0.0041805887874286915,0.032094458020260015,0.06622036861867339,True
CR466Q03F,26128.35714285714,36083.57957244656,-9955.222429589416,2310.0,0.16899594071491464,0.3765270540083766,0.06599896371271255,False
CR542Q05F,37243.28571428572,29629.51724137931,7613.768472906406,10623.0,0.0897914440310745,0.2550565254014053,0.06575743192741655,False
CR544Q12V,2.2,1.1532467532467532,1.046753246753247,1287.5,0.013820274417897179,0.07625829991303978,0.06571097858561772,False
CR549Q06A,1.5,2.842553191489362,-1.3425531914893618,2960.5,0.12752128093728984,0.3164986008805025,0.06564740381953062,False
CR553Q05A,1.4,2.3495495495495495,-0.9495495495495496,3179.0,0.09795846843687213,0.26786873227427865,0.06545116545776025,False
CR590Q37TT,5832.982456140351,6430.094688221709,-597.1122320813574,43989.5,0.016045235277789893,0.08402606955036793,0.06539386299010497,False
CR540Q01TT,97739.21428571429,69519.41116005873,28219.803125655555,6045.0,0.0858065826538247,0.24607177763370608,0.0651908856151107,False
CR456Q01A,1.2857142857142858,1.9364844903988183,-0.6507702046845325,3473.5,0.061060777403485644,0.19551830916487978,0.0651181943262686,False
CR566Q14A,1.2857142857142858,3.4952076677316293,-2.2094933820173432,1403.0,0.09405515398747571,0.2600719694150335,0.06509298234770745,False
CR404Q07TT,69145.5,59915.51793721973,9229.98206278027,5287.0,0.16067950353370586,0.3644034245278173,0.06502229689416089,False
CR547Q10TT,99687.75,82537.12608695652,17150.623913043484,3418.0,0.1586670402405692,0.3611647545807432,0.06493000077959792,False
CR590Q44TT,6975.056603773585,6406.308975377284,568.7476283963015,39698.5,0.01906099488819194,0.0931201173193883,0.06472725086991993,False
CR404Q06V,1.7142857142857142,1.1696428571428572,0.544642857142857,5552.5,0.014467200088223752,0.07842745310984456,0.06454438469204958,False
CR590Q34TT,5316.540983606557,4896.942192192192,419.5987914143652,48019.5,0.016111794889512296,0.08402606955036793,0.06447876717380992,False
CR562Q06F,46082.083333333336,32562.653526970953,13519.429806362383,3592.0,0.15212625593885193,0.3507986051127257,0.06447753813118999,False
CR560Q06S,0.7808219178082192,0.5885619100499723,0.19226000775824692,78375.0,0.0010350018061417534,0.011421984217778637,0.06441432201262358,True
CR550Q09TT,151819.96,130255.41764705883,21564.542352941164,7498.0,0.13689860489145514,0.33177779538399715,0.06433628817336107,False
CR549Q10TT,57994.875,55975.55650319829,2019.3184968017085,4533.0,0.15683684032983644,0.35860165975600844,0.064328917047718,False
CR455Q03TT,118381.0625,97161.22077922078,21219.841720779223,5269.0,0.13023992180084729,0.32088566176215716,0.06426348883876615,False
CR564Q02TT,48956.583333333336,36871.20321637427,12085.380116959066,5274.0,0.09030799039729301,0.25542488817174863,0.06422983436038844,False
CR558Q10A,5.421052631578948,6.573560767590618,-1.1525081360116705,3601.0,0.15102317005039917,0.35007704214218194,0.0641911457784715,False
CR590Q64TT,7076.041666666667,6399.524074074074,676.5175925925932,30653.5,0.03210298244887793,0.13052396811451683,0.06381738247498,False
CR540Q06S,0.75,0.4223300970873786,0.3276699029126214,3282.0,0.06298747628920379,0.19856650390047614,0.0636964859927406,False
CR404Q03F,76642.6,59258.10478359909,17384.495216400916,5177.0,0.1751950566130941,0.38258143104908887,0.06331882379090793,False
CR404Q06TT,55491.19047619047,50796.37053571428,4694.819940476191,5536.0,0.17075118239003695,0.3775464426370048,0.06328924933858014,False
CR544Q12A,5.2,2.6831168831168832,2.516883116883117,1275.0,0.1982727021507228,0.4145540419055562,0.06318363325540165,False
CR570Q05S,0.9333333333333333,0.6921850079744817,0.24114832535885167,5836.5,0.04469364358954163,0.1601198361642709,0.06304509117620448,False
CR550Q05A,2.3636363636363638,3.43687374749499,-1.0732373838586264,4495.5,0.14132141446165036,0.3378593196800771,0.06298581715321719,False
CR590Q27TT,5437.651515151515,5043.748114630467,393.90340052104784,51247.5,0.01879324015000967,0.09297865606320437,0.06298027352832851,False
CR568Q13F,33969.333333333336,31318.008928571428,2651.324404761908,1857.0,0.24334050682135866,0.4677587347297034,0.06290298105932014,False
CR540Q05TT,61352.90909090909,36752.09939759036,24600.809693318726,4696.0,0.1037834122051158,0.2786114613679496,0.06264486894842937,False
CR542Q01TT,47894.1,42164.09601181684,5730.003988183162,11976.0,0.09629904787106418,0.2645013848191896,0.06256324571478114,False
CR219Q01TT,186929.93333333332,128220.90346907995,58709.029864253374,6194.0,0.1035927661358988,0.2786114613679496,0.06253626892178273,False
CR562Q02S,0.9166666666666666,0.6631393298059964,0.2535273368606702,4264.5,0.065274749439018,0.20322314938696787,0.06250493323997772,False
CR455Q02TT,175846.25,129609.22323049002,46237.026769509976,6591.0,0.1360075160446378,0.33061778011394577,0.06241794284555981,False
CR558Q12TT,151197.44444444444,97791.93991416309,53405.50453028135,4993.0,0.1702490006134012,0.3775464426370048,0.06237558637346247,False
CR455Q04S,0.6666666666666666,0.4523809523809524,0.21428571428571425,4590.0,0.101268097505059,0.27487280311479806,0.06211970625414032,False
CR446Q03A,2.5,4.447488584474886,-1.9474885844748862,3448.0,0.10090155155352948,0.27482928513264815,0.06191178812712898,False
CR550Q10TT,126379.39130434782,105057.21739130435,21322.173913043473,6837.5,0.1556334265782974,0.356888525511643,0.06176560633414948,False
CR556Q03A,1.2,1.995433789954338,-0.795433789954338,2322.5,0.0909348519197351,0.2566106780200744,0.06162508456248445,False
CR570Q10TT,73791.88235294117,49776.60882800609,24015.273524935088,6849.0,0.11077959796201284,0.29103312656446834,0.06144980039912742,False
CR055Q01TT,143795.8,91112.19508196722,52683.60491803277,3908.0,0.12695780187883735,0.31630114839268203,0.06132977177059326,False
CR558Q12V,1.2777777777777777,1.03862660944206,0.2391511683357177,4979.5,0.0001332439321815898,0.0023527071453777857,0.06132168097165804,True
CR545Q06F,46681.875,35119.37055837563,11562.504441624369,75499.5,0.008446620586752862,0.05409338365402351,0.06131724699516193,False
CR590Q47TT,4534.178571428572,4116.867206477733,417.31136495083865,40581.5,0.027866991932882883,0.11762261687720234,0.06121087154389298,False
CR567Q04A,1.5217391304347827,2.1235955056179776,-0.6018563751831949,3488.5,0.2104284632441361,0.4277789154107767,0.06108076254133485,False
CR563Q07VS,0.375,0.05143721633888049,0.3235627836611195,3502.0,5.3974542185312504e-05,0.0010936481006728895,0.061049446021687985,True
CR544Q13V,1.8,1.1391076115485563,0.6608923884514437,1248.5,0.025685427487797338,0.11100415515705422,0.06078350076647756,False
CR544Q04A,4.125,2.59,1.5350000000000001,2005.0,0.20285810986516184,0.4199876445449582,0.06071261254246623,False
CR542Q05S,0.88,0.6973058637083994,0.18269413629160058,9328.5,0.049889675210114795,0.17191330552755124,0.06053901011026077,False
CR432Q05A,50.25,67.37901498929337,-17.129014989293367,1360.5,0.18766917860596843,0.39992949096030517,0.06048851945676491,False
CR564Q04TT,66027.45454545454,36696.22466960352,29331.229875851022,4792.0,0.11176163439515015,0.2914290719671004,0.06048397046168055,False
CR404Q07F,14814.315789473685,13553.614678899083,1260.7011105746024,4865.5,0.19752850405068656,0.4145540419055562,0.06045343652279427,False
CR569Q03TT,15915.6875,22442.015290519877,-6526.327790519877,4036.0,0.11807703448875324,0.3027867523404544,0.0604051929271339,False
CR219Q02TT,115328.9,55351.80061823802,59977.099381761975,4157.0,0.12183698807152267,0.30922077465380293,0.06039121569074481,False
CR455Q04TT,51922.5625,41320.511235955055,10602.051264044945,5157.0,0.1579046402872839,0.3600925007289352,0.060248484865523026,False
CR569Q06F,27258.571428571428,22869.554367201425,4389.017061370003,4812.0,0.1497086224762688,0.34781928079072977,0.06010952293992387,False
CR432Q01F,14474.6,37228.755102040814,-22754.155102040815,740.0,0.20654967543731118,0.42430466741825323,0.05989259716443441,False
CR566Q04TT,27270.14285714286,33401.93720565149,-6131.7943485086325,1487.0,0.12961051168849258,0.32088566176215716,0.05976481146916922,False
CR564Q05F,29587.875,27824.57855822551,1763.2964417744915,2785.0,0.16356488300574967,0.3675749007183756,0.059507414347963423,False
CR590Q11TT,5097.474576271186,4649.254237288135,448.2203389830511,46863.5,0.026296495483532224,0.1128557931168258,0.05904810971331274,False
CR561Q04SB,0.8333333333333334,0.6825095057034221,0.1508238276299113,9080.0,0.08255826680527174,0.23786018128511857,0.058968365709221905,False
CR432Q06TT,170915.5,90929.44372294372,79986.05627705628,2333.0,0.20335138745529135,0.42030487440591996,0.05873635578371309,False
CR404Q07V,1.7,1.2174887892376682,0.4825112107623317,5204.5,0.04681030836082543,0.16478726188427573,0.058535792064936865,False
CR446Q06TT,111023.46153846153,68960.6113671275,42062.85017133404,5263.0,0.13219954500024492,0.32392975468779717,0.058452463927990805,False
CR558Q04F,39844.7,24792.328767123287,15052.37123287671,5104.0,0.2113407454327999,0.42892801536115055,0.05844374731203467,False
CR568Q05V,1.3333333333333333,1.0634517766497462,0.26988155668358704,2833.5,0.004153030831872653,0.03208216317621625,0.058187173884533705,True
CR552Q08A,51.32,56.66376811594203,-5.3437681159420265,3735.0,0.2633137736826907,0.49236887181816297,0.05814002884144272,False
CR567Q13S,0.9333333333333333,0.777027027027027,0.15630630630630638,2567.0,0.1520992231632346,0.3507986051127257,0.057912341051991716,False
CR556Q09A,107.8,43.81424148606811,63.985758513931884,4111.5,0.13032734806197646,0.32088566176215716,0.057871145144373894,False
CR590Q07TT,4431.5625,4197.046372475692,234.5161275243081,49632.0,0.030336114805003415,0.12498479299661407,0.05786362127870671,False
CR111Q01S,0.6818181818181818,0.521551724137931,0.16026645768025072,5922.0,0.14182159928683452,0.3384005728156901,0.057648894138328,False
CR567Q03F,58803.9,44703.802431610944,14100.097568389057,3761.5,0.28231252762665004,0.5101436902727184,0.05761195829527715,False
CR565Q01V,1.4285714285714286,1.1766848816029143,0.2518865469685143,4664.5,0.02788303134710379,0.11762261687720234,0.057604213494474914,False
CR590Q31TT,4900.206349206349,4283.553059643687,616.6532895626615,47087.5,0.03412116598853219,0.13604439084459932,0.057581227300495814,False
CR549Q04F,112564.5294117647,83651.73773987207,28912.791671892628,4704.5,0.2071811366890124,0.42430466741825323,0.05725607459003208,False
CR547Q06V,1.4285714285714286,1.2446351931330473,0.18393623543838133,3903.0,0.048346242589522685,0.16896512542451642,0.05721350042324598,False
CR545Q03SA,0.9583333333333334,0.7883087400681045,0.1700245932652289,74217.0,0.00046243385364097935,0.006646142361630819,0.057177330122091044,True
CR545Q06S,0.6944444444444444,0.5242937853107345,0.17015065913370997,74562.0,0.004581255850454712,0.03435147689242973,0.057100467508161196,True
CR568Q06F,24152.81818181818,20500.363636363636,3652.454545454544,2154.0,0.29261370833006173,0.5207310960484721,0.05707511118438965,False
CR590Q60S,1.0,0.8376146788990826,0.1623853211009174,31041.5,0.0021575356435120283,0.01975343744726568,0.05704326784731777,True
CR102Q04A,31.166666666666668,55.369127516778526,-24.20246085011186,954.5,0.22504845015055874,0.4500935990910617,0.05700772461537645,False
CR565Q09TT,35864.7,30861.880597014926,5002.819402985071,3338.0,0.1834590402040185,0.3950442050386182,0.056969726863304114,False
CR558Q10V,1.5263157894736843,1.1257995735607675,0.40051621591291675,5212.5,0.018956813372109627,0.09297865606320437,0.05686681960714209,False
CR559Q01S,0.8674698795180723,0.7055016181229773,0.16196826139509501,89403.0,0.0014299296142970589,0.014486827895665286,0.05679927105410421,True
CR432Q05TT,57052.875,70123.01284796574,-13070.137847965743,1392.0,0.21675927997779687,0.43776874191594267,0.05673405962841398,False
CR453Q05S,0.36363636363636365,0.18040435458786935,0.1832320090484943,8369.0,0.03020965943721165,0.12488006376051371,0.05671929974875401,False
CR556Q01S,0.7142857142857143,0.4090150250417362,0.3052706892439781,2736.5,0.10341649858414331,0.2786114613679496,0.05645176281901822,False
CR541Q05TT,77874.42857142857,60776.85167464115,17097.576896787417,3465.0,0.24124838267171755,0.4651840888958548,0.05643407459685473,False
CR540Q04A,78.08333333333333,49.67261904761905,28.410714285714278,5032.5,0.13857470208400174,0.33404209711651867,0.056384420315432,False
CR568Q10V,1.5,1.1571815718157181,0.3428184281842819,2220.0,0.04641756580966898,0.163920318116431,0.056350439077645004,False
CR565Q01TT,83176.14285714286,64215.604735883426,18960.53812125943,4644.0,0.18290252710434218,0.3945331998271674,0.056166737686030935,False
CR568Q15V,1.5,1.1,0.3999999999999999,2709.0,0.017775517013153642,0.09078735135643762,0.056069435691062375,False
CR543Q03A,3.357142857142857,2.2330935251798563,1.124049331963001,5995.5,0.11519302002780493,0.29683615917984146,0.055956749373712804,False
CR567Q04TT,38953.13043478261,42654.589887640446,-3701.459452857838,3539.5,0.2766052547546165,0.5042538272517788,0.055936057521338026,False
CR565Q02TT,148763.42857142858,126047.26508226691,22716.16348916167,4620.0,0.18684239823486004,0.39954533601779757,0.05576475995842779,False
CR570Q10A,62.23529411764706,43.64992389649924,18.58537022114782,6728.5,0.14826703081984796,0.3477382354712184,0.05559396730454865,False
CR590Q17TT,5159.763636363637,4493.644144144144,666.1194922194927,42650.0,0.03865239024601027,0.14470668149868426,0.05552910753280426,False
CR220Q05S,0.90625,0.7611518915866742,0.14509810841332582,97342.5,0.001029674042557561,0.011421984217778637,0.05548897215863844,True
CR564Q01A,2.0714285714285716,2.2834302325581395,-0.21200166112956786,3712.5,0.12167151146782622,0.30922077465380293,0.05544450429481895,False
CR566Q05TT,31818.285714285714,32294.316455696204,-476.03074141049,1531.5,0.1615384333027602,0.36568040945459995,0.055420543094615075,False
CR552Q03F,52753.36842105263,40489.64411764706,12263.724303405572,3691.5,0.29501340914585683,0.5219400541609246,0.055328334179950575,False
CR552Q03VS,0.2,0.03260869565217391,0.1673913043478261,5202.0,0.0009754858901914964,0.011163894076636014,0.05525210322437366,True
CR549Q12TT,48950.125,40574.790149892935,8375.334850107065,4402.0,0.22541095294285374,0.4500935990910617,0.05520141043291725,False
CR567Q03VS,0.16,0.03038674033149171,0.12961325966850828,5111.5,0.0011942070705306736,0.012508813043863667,0.055114136127694675,True
CR561Q04SC,0.9333333333333333,0.7931034482758621,0.14022988505747125,8928.0,0.061863983759413536,0.196061240837526,0.055012955787948355,False
CR055Q05V,1.3,1.0521008403361345,0.24789915966386555,3716.0,0.0005940559258973561,0.00781120345116098,0.05495868701788795,True
CR590Q13TT,5139.901639344263,4821.91672807664,317.9849112676229,47855.0,0.0387611230081342,0.14470668149868426,0.054887790724129554,False
CR590Q46TT,6357.714285714285,6090.817052980133,266.89723273415257,39024.0,0.05152743729749021,0.1735365463207027,0.054770623675065,False
CR545Q02S,0.5540540540540541,0.3928974069898534,0.16115664706420063,76216.0,0.005563561085423995,0.0388506299524523,0.054711935542465326,True
CR456Q01TT,49767.357142857145,41312.09453471196,8455.262608145182,5800.5,0.15124687743036014,0.35007704214218194,0.05462106936178122,False
CR556Q09TT,205185.9,70365.70743034055,134820.19256965944,4061.5,0.16232042752228826,0.3661095774042852,0.054588607132781505,False
CR404Q10A,168.9,135.79954954954954,33.10045045045047,5129.5,0.23999442524616255,0.46444036609893663,0.054567360131589214,False
CR455Q03A,69.0,48.72356215213358,20.27643784786642,5123.5,0.19930691686690682,0.41541880142916837,0.05449302109995688,False
CR544Q14SC,1.0,0.9424242424242424,0.05757575757575761,,,,,False
CR550Q04F,28108.47619047619,23451.608695652172,4656.867494824019,5870.0,0.22192747961728443,0.4467465224869113,0.05444040826813613,False
CR568Q13TT,133180.44444444444,101782.68956043955,31397.754884004884,1973.0,0.295174836455086,0.5219400541609246,0.05428417807713153,False
CR569Q02F,22655.222222222223,17484.446031746033,5170.77619047619,6750.0,0.16807081645334,0.3765270540083766,0.05417488522512509,False
CR453Q06F,16923.272727272728,16740.96539162113,182.30733565159971,7020.5,0.1960464683410269,0.41350415506742194,0.05413365437642282,False
CR552Q08F,15625.578947368422,17678.98119122257,-2053.4022438541488,2619.5,0.3211749926558545,0.5505857016957506,0.05402591160242071,False
CR556Q12S,0.6666666666666666,0.2549019607843137,0.4117647058823529,2196.0,0.06838021917664161,0.20937131239938025,0.05397407833326329,False
CR561Q04F,27282.516129032258,21394.362799263352,5888.153329768906,9576.5,0.19668252057668245,0.4141390041444285,0.05391107377632496,False
CR220Q02F,36226.744897959186,31531.92333709132,4694.821560867866,99074.0,0.019703437014215803,0.09550371823361072,0.053899377545694634,False
CR545Q03SB,0.9722222222222222,0.8125714285714286,0.1596507936507936,73058.0,0.0005683979183278656,0.007720217879705954,0.05385790564121887,True
CR562Q02TT,71712.5,89765.76262626263,-18053.26262626263,3828.0,0.18432396550091235,0.39552850930404104,0.053780378919425796,False
CR590Q32S,0.9814814814814815,0.8353156450137237,0.14616583646775783,33824.5,0.004046284323476736,0.031454134740988966,0.05359950902309523,True
CR590Q03TT,4513.388059701492,4148.46523668639,364.92282301510204,51888.5,0.04394044379232466,0.15846763965495228,0.053486363647798435,False
CR541Q11A,83.6923076923077,99.34422110552764,-15.651913413219944,2131.0,0.27792634627088497,0.5059159999864711,0.05336699320549614,False
CR547Q03S,0.42857142857142855,0.6084070796460177,-0.17983565107458915,2595.0,0.17643707348315607,0.3839370120161636,0.05311513083034549,False
CR570Q04SD,1.0,0.8058727569331158,0.19412724306688423,5856.0,0.05062396537815015,0.17237251021320546,0.05289830366556025,False
CR563Q03A,2.0,3.747692307692308,-1.7476923076923079,1598.0,0.1686184716956377,0.3765270540083766,0.05287835812092443,False
CR556Q12A,4.0,6.0734375,-2.0734375,2406.0,0.1746999595101335,0.382175486645177,0.05285352603623486,False
CR556Q05V,1.6,1.083720930232558,0.516279069767442,4028.0,0.001126146991217997,0.011999290354702107,0.05283889676432213,True
CR553Q01S,0.9230769230769231,0.7225325884543762,0.20054433462254695,4190.5,0.10923153884446632,0.28972142062609524,0.05271967203255584,False
CR542Q09A,15.52,13.358118361153263,2.1618816388467366,9567.5,0.16937624759600112,0.3765270540083766,0.05243921909915678,False
CR456Q01F,40942.61538461538,36390.821646341465,4551.793738273918,5199.0,0.17564658728880933,0.3828909733491505,0.05238756079332975,False
CR549Q13S,0.5384615384615384,0.3574660633484163,0.18099547511312214,3393.0,0.18183768782124388,0.3929219967605899,0.052170264211200794,False
CR543Q09S,0.46153846153846156,0.24608150470219436,0.2154569568362672,5040.5,0.07626681934067078,0.22497801600255152,0.05216616037559517,False
CR553Q05F,41356.09090909091,33605.80534351145,7750.285565579463,3494.0,0.22814366122302465,0.4526253054119718,0.05214597273609546,False
CR541Q09A,52.07692307692308,71.91951219512195,-19.842589118198873,2201.0,0.285031284761354,0.5138134024639411,0.051986656525994705,False
CR590Q36TT,6050.854545454546,5625.605061349694,425.24948410485194,41315.5,0.055702459704839724,0.18359530718715172,0.051906991738218985,False
CR547Q07F,33215.75,27812.5434298441,5403.2065701559,3201.0,0.2661045392537379,0.49467744863337165,0.05184577113026198,False
CR590Q52S,0.9824561403508771,0.8446069469835467,0.13784919336733048,35477.0,0.004354562858573194,0.033019875418383235,0.05177821136111583,True
CR590Q65TT,5437.055555555556,5149.523266022827,287.532289532729,35177.0,0.07375720594810413,0.2191440061342709,0.051775537259831625,False
CR565Q02V,1.5,1.2285191956124315,0.2714808043875685,4560.5,0.06962097047296668,0.21163323179468121,0.05157006562527173,False
CR566Q06TT,23156.428571428572,32295.140549273023,-9138.71197784445,1553.0,0.19763536291041806,0.4145540419055562,0.05153353193315569,False
CR590Q38TT,5155.066666666667,4710.714617169374,444.3520494972927,44398.0,0.05805394844028314,0.18932633317200517,0.05153063685969868,False
CR559Q04S,0.975609756097561,0.8284632034632035,0.1471465526343575,86917.0,0.0004494102851955664,0.006599258906050852,0.05139239265810591,True
CR560Q08A,1.945945945945946,2.751776927282668,-0.8058309813367219,57285.0,0.018006243428537568,0.09089561835532493,0.051386257070293456,False
CR540Q06TT,208903.0909090909,31361.50226244344,177541.58864664746,4497.5,0.18421658899927873,0.39552850930404104,0.051178227633169315,False
CR556Q05VS,0.4,0.06976744186046512,0.3302325581395349,4001.5,0.0028588958378216235,0.024038062962908346,0.05109514736923554,True
CR549Q13A,3.9375,4.959051724137931,-1.0215517241379306,3101.5,0.2547464434954888,0.479249016986947,0.05108156011049663,False
CR561Q04A,4.40625,5.2032085561497325,-0.7969585561497325,7804.5,0.20669532978352856,0.42430466741825323,0.05103356729552606,False
CR541Q09VS,0.23076923076923078,0.08048780487804878,0.15028142589118199,3120.0,0.011852270343171632,0.06845516889794456,0.05097829465372326,False
CR567Q08SC,1.0,0.8446601941747572,0.15533980582524276,2142.0,0.14004913087290902,0.33611791409498165,0.05096039621901019,False
CR545Q07A,1.6575342465753424,2.1031215161649945,-0.4455872695896521,55557.0,0.018413512361393998,0.0917705696721088,0.05086793811812406,False
CR541Q04VS,0.2,0.039627039627039624,0.1603729603729604,3739.5,0.0023250341759450403,0.0206744046148782,0.05071253960200839,True
CR556Q09VS,0.5,0.07120743034055728,0.42879256965944273,3999.5,0.0037991866033781174,0.030492172998541255,0.050518259998406936,True
CR566Q05A,1.1428571428571428,2.088607594936709,-0.9457504520795661,1592.5,0.1786868866812471,0.3881493707170851,0.050452647240432094,False
CR544Q07V,1.3333333333333333,1.1348600508905853,0.19847328244274798,1460.0,0.04397629404896933,0.15846763965495228,0.050177451408674,False
CR569Q04A,2.0625,1.7303543913713406,0.3321456086286594,6174.0,0.15397468759196783,0.353741103835822,0.05016165233954235,False
CR561Q07F,26254.433333333334,24082.931688804554,2171.50164452878,8920.0,0.23672827205543978,0.4622371947243658,0.05015867242137731,False
CR547Q09A,71.3076923076923,53.76623376623377,17.54145854145854,3536.5,0.2746827494335402,0.50223058920097,0.050151289212858115,False
CR541Q10VS,0.23076923076923078,0.07389162561576355,0.15687760515346721,3079.5,0.017974509753699193,0.09089561835532493,0.050069146252648654,False
CR561Q04SA,0.9666666666666667,0.8387096774193549,0.1279569892473118,8916.5,0.05955791404174406,0.19228557024460802,0.04998571148199326,False
CR549Q06TT,50465.875,39264.63404255319,11201.240957446811,4368.0,0.2714746864868327,0.49931951264542446,0.04992322892091885,False
CR565Q03TT,63936.083333333336,46586.211786372005,17349.87154696133,3903.0,0.24080922923267933,0.465062823955612,0.04982828186725894,False
CR556Q04A,1.3,2.236196319018405,-0.936196319018405,2492.0,0.18114230273947263,0.3921048794850931,0.049732728450395385,False
CR542Q05TT,46948.48275862069,37394.2443778111,9554.238380809591,11062.0,0.18973087430688884,0.40362712675269297,0.04972544649827394,False
CR590Q64S,0.9574468085106383,0.8156899810964083,0.14175682741423,28387.5,0.01302687251741453,0.07318733832511072,0.04952650396952094,False
CR590Q33TT,5171.2307692307695,4652.746923076923,518.4838461538466,47907.5,0.06815312563304372,0.20937131239938025,0.04937364110094144,False
CR561Q07A,82.7741935483871,76.27949183303085,6.494701715356257,9625.5,0.2335792092103306,0.4585448034046634,0.04937054769999096,False
CR541Q09F,15426.7,13558.585751978891,1868.1142480211092,2236.0,0.3319525955756367,0.5635898463344602,0.049262709278836816,False
CR590Q29S,0.9795918367346939,0.8381037567084079,0.141488080026286,31266.5,0.007575828809362077,0.05061472653173799,0.049129525881424795,False
CR055Q02TT,158896.1,107573.63953488372,51322.46046511628,3683.0,0.2252434171423645,0.4500935990910617,0.04905705728866326,False
CR553Q07TT,57312.28571428572,36647.38615664845,20664.89955763727,4542.0,0.24516897675428295,0.4696961033403113,0.049014419029382805,False
CR547Q03V,1.4,1.141025641025641,0.25897435897435894,4083.0,0.05267569447689159,0.1764265725549814,0.048998235727262834,False
CR565Q01S,0.8333333333333334,0.6424474187380497,0.1908859145952837,3737.0,0.1721328338288286,0.3785697199509469,0.048912143113456104,False
CR552Q08TT,58021.0,61146.434782608696,-3125.434782608696,3827.0,0.34761944225646935,0.5804249542955964,0.048877894376658765,False
CR446Q03F,37387.92307692308,38106.15360501567,-718.2305280925939,4984.0,0.2127299399253857,0.43103968155373235,0.048867460810714226,False
CR590Q20TT,4980.090909090909,4219.545727136432,760.5451819544769,49870.0,0.0681729386740048,0.20937131239938025,0.04874892227814792,False
CR102Q05VS,0.0,0.05057471264367816,-0.05057471264367816,,,,,False
CR590Q22TT,5168.206349206349,5070.949745083758,97.25660412259094,49088.0,0.06968828911038451,0.21163323179468121,0.04787191053289488,False
CR544Q04S,1.0,0.7771883289124668,0.2228116710875332,1383.0,0.19213066561133108,0.4080300733601464,0.04786079016005219,False
CR558Q02S,0.75,0.6115879828326181,0.13841201716738194,5305.0,0.21320617049467105,0.4312975887584508,0.04757291531670843,False
CR432Q05VS,0.25,0.03640256959314775,0.21359743040685225,2267.0,0.002289216587308725,0.02050341812980858,0.04755649115911171,True
CR220Q02A,5.23,4.867397260273973,0.36260273972602786,102526.0,0.03602895329543948,0.1405073381886548,0.04748656412814007,False
CR570Q02S,1.0,0.8208269525267994,0.17917304747320062,6160.0,0.06266155110540013,0.19808101577052314,0.04738047710044637,False
CR590Q23S,0.8888888888888888,0.7560795873249816,0.13280930156390724,48422.5,0.01557902495913809,0.08228920875852426,0.0473487052298397,False
CR563Q03F,26198.0,19890.76430976431,6307.235690235691,1930.0,0.24871504966497704,0.47361175577544623,0.04718276338987201,False
CR552Q03TT,195214.84,156002.05706521738,39212.78293478262,5114.0,0.350146171681498,0.5809355465137136,0.04717538381615957,False
CR547Q02F,51727.86666666667,35439.61135371179,16288.255312954876,3968.0,0.306678628400086,0.5361453814745492,0.04704567697684834,False
CR564Q04S,0.6666666666666666,0.43720190779014306,0.22946475887652357,3480.0,0.16922188875935074,0.3765270540083766,0.04683412735247287,False
CR560Q10A,8.594594594594595,6.479781420765027,2.1148131738295675,77158.0,0.040133858231786494,0.1480759664910093,0.046699060223447886,False
CR553Q01VS,0.1875,0.02304964539007092,0.16445035460992907,5254.0,7.672476611886361e-05,0.0014817470456705535,0.046611483134861395,True
CR550Q09V,1.12,1.3745098039215686,-0.2545098039215685,5563.0,0.14449728018046018,0.3418686866876013,0.04651920391519963,False
CR568Q05F,80311.33333333333,62384.5552631579,17926.77807017543,2635.0,0.3589668985609188,0.582261268531884,0.04639778477931735,False
CR563Q12F,16379.4,18900.42405063291,-2521.024050632912,872.5,0.3109028671919495,0.5419970999284197,0.046374377855907783,False
CR570Q04SB,1.0,0.8285256410256411,0.17147435897435892,5848.0,0.06989953963489914,0.2117544877174886,0.04633328577744985,False
CR568Q10A,3.8,2.5121951219512195,1.2878048780487803,2153.0,0.35096602545049127,0.5809355465137136,0.046282493962439095,False
CR568Q08A,2.7,2.235294117647059,0.4647058823529413,2183.5,0.3439376251427648,0.5760256160927606,0.046184515303091714,False
CR544Q10A,4.4,2.8766066838046274,1.523393316195373,1203.5,0.3492828294798829,0.5809355465137136,0.04599346629207809,False
CR563Q09A,7.555555555555555,13.331851851851852,-5.776296296296296,2329.5,0.22890713491800296,0.4527268992672093,0.04597030688318124,False
CR540Q06A,3.0,2.1327300150829562,0.8672699849170438,4410.5,0.20831253411356443,0.42557734242043904,0.04594614090686411,False
CR559Q03S,0.6951219512195121,0.5639219934994583,0.13119995772005388,85616.0,0.018919174679817345,0.09297865606320437,0.04584557967755732,False
CR549Q12F,28776.428571428572,22584.412416851443,6192.01615457713,3645.0,0.324864809589966,0.5553705458550456,0.04570236994525315,False
CR220Q01V,2.07,1.818530701754386,0.2514692982456139,102010.0,0.021898376930644746,0.10330684689418666,0.04556023958451699,False
CR541Q03TT,42499.73333333333,33828.0162412993,8671.717092034029,3701.0,0.3402503446890708,0.5713797044332662,0.0452058628110023,False
CR568Q10S,0.6,0.44477611940298506,0.15522388059701492,1935.0,0.3324809007225441,0.5637124736530377,0.045039542513303624,False
CR570Q05F,26279.866666666665,23357.57320872274,2922.2934579439243,5653.0,0.24910639424727832,0.47361175577544623,0.04499102282346849,False
CR568Q15S,0.6363636363636364,0.4935483870967742,0.14281524926686218,1948.5,0.3536146548120017,0.5819809764948524,0.04492953739594507,False
CR543Q03F,33286.846153846156,21335.19575113809,11951.650402708066,5090.0,0.2449119526356277,0.4696961033403113,0.04488367847788607,False
CR563Q10F,12064.0,11416.496763754045,647.5032362459551,1994.0,0.2631934540993066,0.49236887181816297,0.04487675088997326,False
CR567Q04S,0.9375,0.8138138138138138,0.12368618618618621,2993.5,0.21028021172241462,0.4277789154107767,0.0447421859291646,False
CR558Q09VS,0.15789473684210525,0.027600849256900213,0.13029388758520505,5073.5,0.0006092721037591235,0.007926950739434491,0.044718930180874875,True
CR569Q03VS,0.1875,0.019877675840978593,0.1676223241590214,6115.5,6.641545850535087e-06,0.0001865670607104856,0.04462206350428327,True
CR547Q06S,0.6923076923076923,0.5369127516778524,0.15539494062983994,3357.0,0.2687359830285345,0.49585475561981446,0.04455470386132226,False
CR404Q06S,0.47368421052631576,0.3447488584474886,0.12893535207882717,4697.5,0.249677926221888,0.47361175577544623,0.044530303443489044,False
CR544Q10TT,112114.0,72248.51413881748,39865.48586118252,1196.0,0.3892711300411135,0.6052064361393916,0.044500171931945685,False
CR590Q39TT,5109.285714285715,4502.093419983753,607.1922943019617,38807.5,0.11068047082971692,0.29103312656446834,0.044469277228196116,False
CR544Q06S,1.0,0.7745358090185677,0.22546419098143233,1155.0,0.230242650092372,0.4538754633399869,0.044326435774082636,False
CR455Q04F,41197.46666666667,33404.302734375,7793.163932291667,4426.0,0.3138339056631477,0.5442334294526006,0.04391221661890853,False
CR566Q09VS,0.2857142857142857,0.04746317512274959,0.2382511105915361,2650.5,0.0034403819112203606,0.028161006902439507,0.04384816232503662,True
CR404Q06VS,0.3333333333333333,0.024553571428571428,0.30877976190476186,5280.0,0.0008560907758219295,0.010273089309863153,0.04381563415747856,True
CR566Q03VS,0.25,0.020186335403726708,0.22981366459627328,3168.0,1.6925150449571012e-05,0.0004101859991307798,0.04378688131952553,True
CR569Q02TT,90764.38888888889,79058.21712538226,11706.17176350663,6807.0,0.2572669990411197,0.48325533558483885,0.043725316109550404,False
CR570Q04A,5.0,5.644736842105263,-0.6447368421052628,5175.5,0.23989742080258913,0.46444036609893663,0.04357402708694892,False
CR055Q02V,1.4,1.1511627906976745,0.24883720930232545,3605.5,0.04322232723561561,0.15712587195064967,0.04340784192481274,False
CR553Q02S,0.8461538461538461,0.6808905380333952,0.16526330812045098,4082.5,0.20583786362298673,0.42402599906335264,0.04336816269128549,False
CR570Q02A,1.2777777777777777,1.661807580174927,-0.38402980239714934,5195.5,0.20734629378691338,0.42430466741825323,0.0432984405096349,False
CR566Q04VS,0.2857142857142857,0.04709576138147567,0.23861852433281003,2766.5,0.0026821083253835243,0.022706067740918056,0.04322384344638905,True
CR542Q02A,78.0,56.7592867756315,21.2407132243685,11337.5,0.25351863686704434,0.4776662121458335,0.04305810067704107,False
CR550Q10A,61.04347826086956,64.93675889328063,-3.893280632411063,5110.5,0.32334497954589936,0.553537942823728,0.04296605997814915,False
CR549Q13F,14018.076923076924,18135.966740576496,-4117.889817499572,3372.5,0.35539969798272764,0.582261268531884,0.042952040323949336,False
CR590Q55S,0.9814814814814815,0.8624338624338624,0.11904761904761907,34263.0,0.011656327140179256,0.06763953213737822,0.042932442887377326,False
CR569Q01F,49690.41176470588,44593.77349768875,5096.63826701713,6383.0,0.2687885811207732,0.49585475561981446,0.04287581115711988,False
CR055Q03TT,138977.2,96892.61602671118,42084.58397328883,3578.0,0.291141177489342,0.5197682583001929,0.042812659100570964,False
CR556Q12SA,1.0,0.7603603603603604,0.23963963963963963,2064.0,0.17072437561032494,0.3775464426370048,0.042657147784929794,False
CR560Q03V,1.3513513513513513,1.1733187534171678,0.17803259793418347,76295.0,0.0010268870875346627,0.011421984217778637,0.04265039550058435,True
CR558Q06F,64516.52631578947,47867.74454148472,16648.781774304756,4899.0,0.352406219933995,0.5815408382355378,0.04261755243877769,False
CR590Q26TT,6113.35,5785.521994134898,327.82800586510257,45933.5,0.10782536422914049,0.28660677459616696,0.04261734645569246,False
CR563Q09TT,128494.77777777778,76435.19851851852,52059.57925925926,3693.0,0.26601847163697023,0.49467744863337165,0.042561491754131785,False
CR544Q12TT,46529.6,39166.527272727275,7363.072727272724,1173.0,0.4017465581998524,0.6165696219350828,0.04256049536083856,False
CR565Q05TT,128506.09090909091,90374.68148148149,38131.409427609426,3492.0,0.31844467679957356,0.5489506562402691,0.04254245667482392,False
CR446Q06F,24876.846153846152,17076.01697792869,7800.829175917461,4475.0,0.297670323879915,0.523357781387731,0.042478867225573536,False
CR561Q07V,1.4193548387096775,1.2123411978221417,0.20701364088753582,9474.0,0.10616264510395347,0.2834061109038585,0.042476872145568265,False
CR220Q02V,1.92,1.6235616438356164,0.2964383561643835,101311.5,0.02535431591201339,0.10995766479736334,0.04237194616666205,False
CR560Q03A,2.1216216216216215,3.264625478403499,-1.1430038567818777,59124.0,0.05368957981143404,0.17838795872831312,0.04228928684000181,False
CR552Q01VS,0.11538461538461539,0.015915119363395226,0.09946949602122017,5388.5,0.0009249290139564511,0.010785021332548808,0.04227315756209188,True
CR563Q03VS,0.2857142857142857,0.05076923076923077,0.23494505494505494,2812.0,0.0051218121414884415,0.03734197610414646,0.041943394846287174,True
CR220Q04A,2.1818181818181817,2.987945205479452,-0.8061270236612703,80454.0,0.05604253844733184,0.1842249402151653,0.041853757834724115,False
CR560Q03S,0.5833333333333334,0.4581005586592179,0.12523277467411548,72510.0,0.036722892294459346,0.14184217148734923,0.04180951486578653,False
CR404Q03V,1.4761904761904763,1.1224944320712695,0.35369604411920674,5265.0,0.0646011828786254,0.20163399504540655,0.04174031727933085,False
CR219Q01A,51.666666666666664,47.12820512820513,4.538461538461533,5787.0,0.2742909251961677,0.50223058920097,0.04169937866294886,False
CR547Q10F,36449.09090909091,29836.246376811596,6612.844532279316,2622.0,0.39155643032208487,0.6064708620026277,0.04162113703369606,False
CR455Q04A,2.5625,2.4719101123595504,0.09058988764044962,4882.0,0.3083172929421347,0.5382488334413538,0.04152720425759215,False
CR460Q06S,0.5833333333333334,0.41068447412353926,0.17264885920979411,4214.5,0.2300325191721927,0.4538754633399869,0.041460263550427305,False
CR547Q07A,11.692307692307692,11.073275862068966,0.6190318302387254,3458.5,0.36532992817673626,0.5849064653192306,0.041333301293952934,False
CR055Q01F,91828.0,78583.9033898305,13244.096610169494,3176.0,0.3124205299298468,0.5438757394271699,0.04131350573340109,False
CR568Q14A,2.0833333333333335,2.5954773869346734,-0.51214405360134,2725.0,0.3611120575731881,0.5832083625439114,0.04115053875874581,False
CR549Q10F,45242.857142857145,40699.19026548672,4543.666877370422,3604.5,0.3752679766232716,0.5920243724288472,0.041119885994318435,False
CR566Q14VS,0.2857142857142857,0.06389776357827476,0.22181652213601094,2688.0,0.012154933800262946,0.06987673570755815,0.04105483785128249,False
CR547Q10S,0.1,0.25190839694656486,-0.15190839694656486,1666.5,0.2734861743926753,0.5015265749990306,0.04087854953905991,False
CR565Q03S,0.8888888888888888,0.7106299212598425,0.17825896762904636,2693.5,0.24192915435674767,0.46577014764009367,0.040341772303802974,False
CR556Q03F,28331.625,25994.79700499168,2336.8279950083197,2896.0,0.3201329513383848,0.5503259080031205,0.04032737302715021,False
CR570Q06A,1.411764705882353,2.3527653213751867,-0.9410006154928336,4834.5,0.26559718845627145,0.49467744863337165,0.04031366400328054,False
CR590Q45S,1.0,0.8857395925597874,0.1142604074402126,32079.0,0.010577275500635005,0.06377323179895056,0.040227449867937096,False
CR432Q01A,9.875,13.736842105263158,-3.8618421052631575,1555.0,0.3781303455800601,0.5931080039809065,0.040097904170251886,False
CR547Q02S,0.6666666666666666,0.5352422907488987,0.1314243759177679,3852.5,0.31608503748111916,0.546407141715613,0.04001057164995679,False
CR556Q01A,1.4,2.465960665658094,-1.065960665658094,2678.0,0.2819993424396656,0.5101436902727184,0.03978428318058929,False
CR549Q06V,1.3125,1.078723404255319,0.2337765957446809,4241.0,0.0490760209102158,0.170387533272547,0.03949518603776639,False
CR466Q02A,109.1,107.14533622559652,1.9546637744034712,4085.5,0.38904262281227253,0.6052064361393916,0.039298375469189545,False
CR566Q05VS,0.2857142857142857,0.07120253164556962,0.2145117540687161,2694.0,0.023832372780400162,0.10745826069194596,0.0392545213396098,False
CR550Q10V,1.0434782608695652,1.2193675889328064,-0.1758893280632412,5174.5,0.1446580284284915,0.3418686866876013,0.03908486331110392,False
CR590Q20S,1.0,0.8935532233883059,0.1064467766116941,48708.0,0.005192182120767141,0.03734197610414646,0.03906249141508228,True
CR563Q10VS,0.25,0.042105263157894736,0.20789473684210527,3213.0,0.004689167879458064,0.03491452710247089,0.03899621514874307,True
CR561Q06V,1.4193548387096775,1.264388489208633,0.1549663495010445,9485.5,0.14254305296222264,0.33946669260367474,0.0389613637676927,False
CR558Q06VS,0.2,0.03805496828752643,0.1619450317124736,5268.5,0.01371586778959163,0.0760215811118173,0.03886367166177816,False
CR541Q04A,64.53333333333333,71.40326340326341,-6.869930069930078,2817.5,0.4130659614064355,0.6272107227252509,0.03886018360307156,False
CR560Q08S,0.5492957746478874,0.432146829810901,0.11714894483698635,71306.5,0.051000814435661915,0.17295039661234668,0.03877908634920058,False
CR456Q01S,1.0,0.8384615384615385,0.16153846153846152,4907.5,0.11473573560055175,0.29668068870770287,0.03876360151030639,False
CR568Q06A,117.25,86.34025974025974,30.90974025974026,2611.5,0.44127131255196994,0.6455708390924859,0.03865628925261641,False
CR556Q04TT,89330.2,51434.70245398773,37895.497546012266,3856.0,0.32110820840830334,0.5505857016957506,0.038594669474525584,False
CR590Q47S,0.9814814814814815,0.8739130434782608,0.10756843800322069,34390.0,0.018017335353604055,0.09089561835532493,0.03854646204258834,False
CR549Q04S,0.7333333333333333,0.6056034482758621,0.12772988505747118,3924.5,0.3193050501383021,0.5496671893745703,0.03849190392467619,False
CR563Q07S,0.5,0.4601018675721562,0.03989813242784379,,,,,False
CR552Q04TT,117362.2,87956.18103448275,29406.018965517243,4735.0,0.4602715677321749,0.6595232749898753,0.038282607367486815,False
CR544Q06F,32926.0,32328.573684210525,597.4263157894748,938.0,0.4574257710703239,0.6581819010976954,0.03791625488983958,False
CR455Q05S,0.26666666666666666,0.13555992141453832,0.13110674525212834,4318.0,0.14917934875728556,0.34781928079072977,0.03783074456618096,False
CR568Q13V,1.2222222222222223,1.0934065934065933,0.12881562881562902,1871.0,0.12260184872712823,0.3105243545629723,0.03775586117006462,False
CR542Q08A,1.5925925925925926,1.8729198184568836,-0.28032722586429104,7922.0,0.2866400805747915,0.5149522377768057,0.03771856266209693,False
CR590Q27S,0.9473684210526315,0.8462913315460232,0.10107708950660832,35115.0,0.03658564003371566,0.14175501906480423,0.03758148476660827,False
CR565Q08A,2.1,2.9011194029850746,-0.8011194029850746,2246.5,0.3690373746122595,0.5885550903493584,0.03753248722681205,False
CR549Q10S,0.9285714285714286,0.8022222222222222,0.12634920634920643,3548.0,0.2401111601433823,0.46444036609893663,0.03739538025001137,False
CR543Q03S,0.6923076923076923,0.5370370370370371,0.1552706552706552,4866.0,0.2667848246006719,0.49467744863337165,0.03731465819425243,False
CR404Q10V,1.3,1.1126126126126126,0.18738738738738747,4909.0,0.12674666744448027,0.31630114839268203,0.03711688455651246,False
CR562Q02F,83762.66666666667,75516.51388888889,8246.152777777781,3977.0,0.37152637497717644,0.5894821559329783,0.03688758057505494,False
CR566Q03TT,95760.875,129729.74534161491,-33968.87034161491,2081.0,0.35699068907527814,0.582261268531884,0.03661234164386003,False
CR556Q12V,1.3,1.034375,0.265625,3748.5,0.0029863615439750238,0.024940154515899524,0.036511535303368786,True
CR590Q59TT,4649.220338983051,4688.8963414634145,-39.67600248036342,37176.0,0.20500293898323518,0.42301107276006455,0.03648669822804185,False
CR466Q03TT,69257.25,63719.57777777778,5537.672222222223,4016.0,0.43248821649863556,0.6410453543439472,0.03640544188261749,False
CR556Q12SB,0.5,0.2987012987012987,0.2012987012987013,1942.5,0.2862004224284288,0.514910803670361,0.03634770843274541,False
CR590Q51S,0.9622641509433962,0.8627992633517495,0.09946488759164673,31641.5,0.037180577500977724,0.14271799314039896,0.03627178956978473,False
CR558Q04A,79.33333333333333,96.36610878661088,-17.03277545327755,4495.0,0.4181034094899382,0.6317552739970216,0.03627129314677379,False
CR542Q08V,1.3333333333333333,1.1013615733736764,0.2319717599596569,9885.0,0.04517537681177208,0.16137793566286213,0.03621207987978652,False
CR540Q03S,0.8,0.6294573643410852,0.1705426356589148,3775.0,0.2679078097512374,0.49570965995887634,0.03619102518104255,False
CR567Q11SC,1.0,0.8811881188118812,0.1188118811881188,1695.0,0.24865978688898793,0.47361175577544623,0.0361330665602199,False
CR590Q01TT,4206.515625,4235.310567936736,-28.794942936736334,49030.5,0.169229610275205,0.3765270540083766,0.03604285407214207,False
CR590Q02TT,4452.573770491803,4469.628177196804,-17.054406705001384,46320.5,0.1733108873910757,0.3798089659846978,0.035911509281249344,False
CR553Q01V,1.1875,1.074468085106383,0.11303191489361697,5083.5,0.03879083909483601,0.14470668149868426,0.03590089300751117,False
CR545Q06A,1.8904109589041096,2.2240802675585285,-0.3336693086544189,58485.5,0.09507186467570466,0.26190182798985284,0.03585718068373003,False
CR561Q01A,2.5,3.3374125874125875,-0.8374125874125875,8308.0,0.3664613554227143,0.5859589072477036,0.035749000953736274,False
CR566Q04A,1.2857142857142858,2.315541601255887,-1.0298273155416011,1787.5,0.34508555848582323,0.57716610323204,0.03557716723147851,False
CR456Q02A,56.42857142857143,53.5037147102526,2.9248567183188285,5396.0,0.3513836325394506,0.5809355465137136,0.035557978001557376,False
CR466Q03A,5.0625,4.737777777777778,0.32472222222222236,4005.5,0.4353515599946356,0.6421175753620163,0.0354865545274072,False
CR590Q62TT,4974.702127659574,4591.051601423487,383.650526236087,29153.5,0.227882224991926,0.4526253054119718,0.03524419454392563,False
CR540Q05VS,0.18181818181818182,0.02108433734939759,0.16073384446878425,4239.0,0.0005202199104578083,0.007306725105975579,0.03522273761755559,True
CR455Q03F,32740.133333333335,29086.628571428573,3653.504761904762,4115.5,0.4293180975932549,0.6410453543439472,0.03521047782760881,False
CR568Q08F,42944.7,39985.02240896359,2959.6775910364086,2008.0,0.5012946241774789,0.6941329187295322,0.03518069676538375,False
CR553Q04A,132.8125,115.50444049733571,17.308059502664292,5061.5,0.3980225614373586,0.6118854302693721,0.035113007345356995,False
CR590Q60TT,6577.176470588235,5557.897413024086,1019.2790575641493,31419.0,0.2307628813624576,0.45417662637579237,0.03501169477799388,False
CR570Q01F,28491.722222222223,34530.32628398792,-6038.6040617656945,5208.0,0.3620686823415651,0.5832083625439114,0.03497507277530478,False
CR590Q13S,0.9344262295081968,0.8349299926308033,0.0994962368773935,45506.5,0.038594257479372625,0.14470668149868426,0.03495367234237463,False
CR220Q01A,20.23,19.64747807017544,0.5825219298245621,99492.5,0.1250424213004755,0.3147707387523171,0.034949887766383636,False
CR547Q10A,11.916666666666666,11.158695652173913,0.7579710144927532,3114.0,0.4479108213777987,0.6497861211537079,0.034931945708172735,False
CR556Q10V,1.6,1.0637636080870918,0.5362363919129083,3743.0,0.012536103604882042,0.07173437062793613,0.03490387095241732,False
CR563Q10A,3.25,4.150375939849624,-0.9003759398496243,2166.0,0.36238189517291586,0.5832083625439114,0.03483567863196939,False
CR564Q05TT,100776.3,87792.12850812408,12984.171491875924,3953.0,0.36235111456810987,0.5832083625439114,0.03478340045518537,False
CR590Q07S,0.984375,0.8885564697083022,0.09581853029169785,46883.5,0.015490421071534664,0.0821723624223899,0.03463959045444775,False
CR558Q12A,140.5,108.17596566523605,32.32403433476395,4637.5,0.44666894337982865,0.6487459624177064,0.03462274412594569,False
CR544Q06A,4.285714285714286,2.1237373737373737,2.161976911976912,1598.0,0.4616639499684614,0.6595232749898753,0.03456898796097966,False
CR563Q10TT,35087.875,30593.473684210527,4494.401315789473,2170.0,0.37052870005430993,0.5889579174664895,0.03455360835964575,False
CR562Q06TT,108661.0,85353.99653379549,23307.003466204507,4876.0,0.40206724537190675,0.6165696219350828,0.03447033616399335,False
CR570Q02TT,18535.61111111111,20705.002915451896,-2169.3918043407866,5396.0,0.3613228063178425,0.5832083625439114,0.03442635331271942,False
CR547Q02V,1.3333333333333333,1.10828025477707,0.22505307855626322,3938.0,0.14355556578441495,0.3405656032812608,0.034351268833854386,False
CR556Q01VS,0.2,0.036308623298033284,0.16369137670196673,3846.0,0.007869035306036372,0.05146099279503151,0.034327427752310694,False
CR111Q06F,40541.22727272727,34082.042316258354,6459.184956468918,5401.0,0.45906718669089386,0.6595232749898753,0.03415203876769702,False
CR456Q02TT,91784.85714285714,83203.279346211,8581.577796646146,5366.5,0.3728318036178966,0.5907950118868207,0.03402664902192826,False
CR565Q08TT,35507.5,31708.59514925373,3798.9048507462685,3073.0,0.42715953751800995,0.6399626525724368,0.03402599188036248,False
CR590Q10TT,4463.459016393443,4595.6824127906975,-132.22339639725487,46046.0,0.19855662848550915,0.4145540419055562,0.033920003072254165,False
CR556Q09V,1.6,1.0665634674922602,0.5334365325077399,3746.0,0.02208444165315099,0.1033953404670251,0.0338757922796335,False
CR590Q19TT,3276.7166666666667,3456.5259313367424,-179.80926467007566,45072.5,0.20084322128634058,0.417213817663726,0.03384234755077876,False
CR544Q13TT,99992.8,80597.05511811023,19395.74488188977,1117.0,0.5194164583546307,0.7078091920864942,0.0337800198516404,False
CR552Q01S,0.9473684210526315,0.8583333333333333,0.08903508771929824,3724.5,0.2730397607949464,0.5014519232430219,0.033607674775253046,False
CR568Q05A,2.9166666666666665,2.2258883248730963,0.6907783417935702,2634.5,0.4762850213106765,0.6710509354886735,0.03352423969279311,False
CR590Q42S,0.8627450980392157,0.7678729037952339,0.09487219424398186,31632.5,0.11440693484972725,0.29645067395023667,0.03334760043492134,False
CR545Q07S,0.704225352112676,0.6048615036743923,0.09936384843828372,69039.5,0.09266175831145354,0.2600458109510702,0.03313952781545051,False
CR540Q04VS,0.16666666666666666,0.020833333333333332,0.14583333333333331,4620.0,0.0009406903986466465,0.010866292829226683,0.033137470410268884,True
CR590Q49S,1.0,0.9042553191489362,0.0957446808510638,30282.0,0.02312452032396175,0.10547297707279862,0.03311059585860535,False
CR559Q06S,0.4625,0.36690255851932496,0.09559744148067506,80504.5,0.08323356427204427,0.23924810567499236,0.03310328631775071,False
CR553Q05S,0.7,0.5598455598455598,0.14015444015444012,2953.0,0.3773093043456961,0.5931080039809065,0.033058836980866924,False
CR590Q16S,0.9482758620689655,0.8526551982049364,0.09562066386402912,42480.5,0.04202039991443165,0.1532071218119101,0.03304930030511157,False
CR542Q02TT,86106.43333333333,71690.64487369986,14415.788459633477,11045.0,0.3829732753949676,0.5984260030191909,0.03292168663435736,False
CR590Q03S,0.9850746268656716,0.8957100591715976,0.08936456769407397,49339.5,0.01740059809981685,0.0899393160590801,0.03281832136200472,False
CR055Q05TT,113935.2,89848.76806722689,24086.431932773106,3417.0,0.420572914699855,0.6347107723675468,0.032782374712424386,False
CR570Q08A,1.411764705882353,1.9408194233687406,-0.5290547174863875,4925.0,0.3589113021556444,0.582261268531884,0.0327283095135273,False
CR540Q03VS,0.16666666666666666,0.022156573116691284,0.14451009354997538,4649.0,0.0014044748375832618,0.014346536357462079,0.03271972241507193,True
CR541Q01VS,0.13333333333333333,0.029545454545454545,0.10378787878787879,3649.0,0.019995232618303403,0.0961638424755759,0.032670513649150114,False
CR550Q09F,21363.25,21241.118811881188,122.13118811881213,6609.0,0.4534452689810359,0.6557331310978511,0.032624651916888056,False
CR446Q03S,0.8333333333333334,0.694136291600634,0.13919704173269942,4313.0,0.29956280248783196,0.5251909558510075,0.03260224565366383,False
CR549Q12SD,0.7857142857142857,0.6772727272727272,0.10844155844155845,3414.0,0.39281790667292205,0.6067521203267152,0.03243494075518762,False
CR559Q03A,1.891566265060241,2.1965811965811968,-0.3050149315209558,70478.5,0.12608308247219205,0.31610281934204737,0.03240007344765533,False
CR552Q06F,43954.95,35543.26478873239,8411.685211267606,3843.5,0.5344645349361362,0.7172618514452381,0.0321336454780829,False
CR590Q41S,0.8775510204081632,0.7867513611615246,0.09079965924663869,29450.5,0.12661666820470066,0.31630114839268203,0.03173728574200409,False
CR404Q03VS,0.09523809523809523,0.011135857461024499,0.08410223777707074,5131.0,0.0001189723658815701,0.0021619865538699367,0.031580094726323886,True
CR567Q08VS,0.10526315789473684,0.023054755043227664,0.08220840285150917,3567.5,0.03288996641444819,0.13241693318650805,0.0315460364800028,False
CR560Q10V,1.2702702702702702,1.153551912568306,0.11671835770196415,74079.0,0.017624318132254353,0.09038861913471527,0.0314803465879699,False
CR562Q03A,92.8125,58.84327086882453,33.96922913117547,5227.5,0.439296290240472,0.6444914759926839,0.03148021751949257,False
CR432Q06F,63810.57142857143,45135.334085778784,18675.237342792643,1778.0,0.5060937709260218,0.6958085660339967,0.031414244030006346,False
CR562Q05A,1.3333333333333333,2.6718213058419242,-1.338487972508591,3859.5,0.4269897527917125,0.6399626525724368,0.031366560845905944,False
CR590Q30S,0.9607843137254902,0.8720211827007943,0.08876313102469591,31456.0,0.06020579369003433,0.193787398439798,0.031200263157736517,False
CR547Q10V,1.25,1.1521739130434783,0.09782608695652173,3075.0,0.25301886198000634,0.47745238688135544,0.031083511011509638,False
CR055Q03A,81.9,55.32220367278798,26.577796327212027,3418.0,0.4425163297267045,0.6456341056892658,0.031063044253072936,False
CR568Q14V,1.1666666666666667,1.065326633165829,0.10134003350083765,2640.0,0.14077275371665102,0.3371998519259315,0.030771322751347013,False
CR570Q02F,16306.941176470587,17536.30547112462,-1229.3642946540313,4959.0,0.4248452939806454,0.6388184712409705,0.0307409467775121,False
CR549Q06VS,0.125,0.027659574468085105,0.0973404255319149,4133.0,0.01994402312820945,0.0961638424755759,0.03062724405839265,False
CR542Q05VS,0.10344827586206896,0.014992503748125937,0.08845577211394302,10527.0,0.0005819504251234422,0.007734308875834135,0.03059339768376365,True
CR550Q04V,1.0,1.118,-0.1180000000000001,5255.5,0.14319170540546355,0.3403556690022172,0.030513463839531626,False
CR564Q02A,1.6666666666666667,2.017543859649123,-0.3508771929824561,3549.5,0.39308483817844075,0.6067521203267152,0.030440549703278114,False
CR558Q10SC,1.0,0.9064587973273942,0.0935412026726058,4173.5,0.18725440190302745,0.3997347854095715,0.030343090284515692,False
CR558Q02SC,0.8,0.7118279569892473,0.08817204301075277,5060.0,0.3932107187554198,0.6067521203267152,0.03033500015745586,False
CR556Q01TT,76461.1,51660.52344931921,24800.576550680795,3783.0,0.4325500206495566,0.6410453543439472,0.030329963892060097,False
CR547Q02A,2.6666666666666665,2.842887473460722,-0.17622080679405538,3890.5,0.48771664572794826,0.6827541603081715,0.030327384075264786,False
CR563Q03S,0.3333333333333333,0.3020833333333333,0.03125,,,,,False
CR590Q66S,0.8913043478260869,0.8025711662075299,0.08873318161855703,27269.5,0.13615246770064596,0.33061778011394577,0.030293708386816533,False
CR549Q04A,2.210526315789474,3.12448132780083,-0.913955012011356,4161.5,0.4836141216299704,0.6792580162893674,0.030135337641519936,False
CR549Q12SB,0.8571428571428571,0.7562076749435666,0.10093518219929054,3414.0,0.38570531301776256,0.6019340491034779,0.030093883859810527,False
CR590Q05TT,6069.5625,5937.13352476669,132.42897523330976,48355.0,0.25094246902957684,0.4749845202458759,0.030081080498791456,False
CR562Q05VS,0.13333333333333333,0.022336769759450172,0.11099656357388316,4849.5,0.006789937216991043,0.046366643095032765,0.030063498971001842,True
CR590Q57TT,6628.5,6328.020797227036,300.4792027729636,32568.5,0.29665222754096676,0.5225069659574895,0.03005809558989695,False
CR558Q09S,0.8333333333333334,0.7513661202185792,0.08196721311475419,3564.0,0.4312036834471551,0.6410453543439472,0.029969646130097963,False
CR569Q06A,65.625,56.96610169491525,8.658898305084747,5778.5,0.4395682154221946,0.6444914759926839,0.029959072400347845,False
CR590Q58S,0.9787234042553191,0.8916211293260473,0.0871022749292718,28050.5,0.05641106104887133,0.18445521549313482,0.029918869003319908,False
CR569Q02A,7.277777777777778,10.356269113149848,-3.07849133537207,5256.5,0.433927984191929,0.6420169548223359,0.0298860873951813,False
CR550Q09A,67.12,86.51372549019608,-19.393725490196076,5853.5,0.4899328315777066,0.68501920795254,0.029876557686917007,False
CR563Q07F,11848.8,12068.112561174552,-219.31256117455268,1825.5,0.4619594377599331,0.6595232749898753,0.029641722821982814,False
CR565Q02VS,0.14285714285714285,0.03656307129798903,0.10629407155915382,4248.0,0.02956893242239763,0.12264161232913916,0.02953910799314949,False
CR549Q13SB,1.0,0.8979591836734694,0.10204081632653061,3159.0,0.2262599743561593,0.4510602069422789,0.029443667031501062,False
CR111Q06TT,149777.70833333334,122928.65031982942,26849.05801350392,6073.0,0.5137623946483472,0.7016688616412785,0.029442294854101225,False
CR569Q03A,1.4375,1.8134556574923548,-0.3759556574923548,4649.5,0.4128791825990532,0.6272107227252509,0.02941975324419356,False
CR219Q02F,10497.333333333334,13045.109756097561,-2547.7764227642274,1931.0,0.5115814403087346,0.7010140357223903,0.029376667717568597,False
CR550Q05V,1.0,1.1062124248496994,-0.1062124248496994,5027.0,0.1569607588414244,0.35860165975600844,0.029289831429075333,False
CR567Q11SA,0.8181818181818182,0.7260726072607261,0.09210921092109214,1820.0,0.5015054178199614,0.6941329187295322,0.029286080046054555,False
CR055Q02A,116.9,83.57641196013289,33.32358803986712,3411.5,0.4682493557193096,0.6632540587751428,0.029266580239819172,False
CR404Q10F,21360.35,22804.42962962963,-1444.079629629632,4373.0,0.5475646752749468,0.7308746637579203,0.029218059647477517,False
CR544Q12VS,0.2,0.05194805194805195,0.14805194805194805,1107.0,0.13234994022438315,0.32392975468779717,0.029216112017297725,False
CR552Q06TT,44391.192307692305,45346.32258064516,-955.1302729528543,4506.0,0.5612175697606776,0.741094995966023,0.029168791430919678,False
CR558Q06V,1.45,1.105708245243129,0.3442917547568709,5134.0,0.1619498545817285,0.36594153612982894,0.029156775025735153,False
CR567Q11SF,0.6,0.5050167224080268,0.09498327759197323,1637.0,0.5565529640179743,0.7365090615912379,0.029065867310890725,False
CR565Q02F,19877.909090909092,17308.56779661017,2569.3412942989235,2888.0,0.5241250270289769,0.7099592996524822,0.02903420148877981,False
CR541Q04TT,131192.73333333334,95319.04195804195,35873.69137529138,3516.0,0.5418406203477063,0.724799790854724,0.028999412013792154,False
CR567Q08SD,1.0,0.9120521172638436,0.08794788273615639,2004.0,0.2851747525002133,0.5138134024639411,0.02893846535041597,False
CR570Q01A,1.55,1.8403483309143687,-0.2903483309143686,6197.5,0.4044730338581186,0.6179588008017733,0.028802719834191748,False
CR562Q07F,17548.0,23690.628415300547,-6142.628415300547,3174.0,0.49594320679771975,0.6891592912164466,0.028757917069360518,False
CR568Q05S,0.8333333333333334,0.7391304347826086,0.09420289855072472,2416.0,0.46457536019904555,0.6606977455840457,0.0284960811888705,False
CR562Q06A,63.8,56.984402079722706,6.815597920277291,4777.5,0.49088260167312525,0.6855716335231444,0.028280129943112135,False
CR562Q06VS,0.13333333333333333,0.029462738301559793,0.10387059503177354,4777.0,0.024514810959391047,0.10799466981150892,0.02824870757650868,False
CR453Q01A,1.625,2.0582386363636362,-0.43323863636363624,7676.5,0.41526471850968505,0.629421369638767,0.028223128244643653,False
CR553Q02F,31783.933333333334,35286.325411334554,-3502.3920780012195,3688.0,0.5046037120138058,0.6958085660339967,0.02818081247498931,False
CR590Q18S,0.9666666666666667,0.8858814923189466,0.08078517434772003,44323.0,0.05107353945267519,0.17295039661234668,0.028072176523857358,False
CR542Q01A,1.6,2.104874446085672,-0.504874446085672,9338.5,0.4284500413966038,0.6410453543439472,0.02805210880072422,False
CR590Q39S,0.94,0.8613678373382625,0.07863216266173745,29177.0,0.1120875757980077,0.2916636709186053,0.02797185781650076,False
CR547Q09TT,124925.53846153847,93733.91558441559,31191.622877122878,3298.5,0.5455850736715222,0.729019622765407,0.027778267970758337,False
CR570Q04V,1.1666666666666667,1.0716374269005848,0.09502923976608191,6780.0,0.08997139569175784,0.2550565254014053,0.027730946356202067,False
CR549Q05VS,0.1111111111111111,0.029288702928870293,0.08182240818224082,4670.0,0.031872708573296625,0.1300154052692892,0.027680199011362597,False
CR569Q01A,2.111111111111111,2.5150602409638556,-0.40394912985274445,5382.5,0.44430913022114193,0.646838733749507,0.027554244953669697,False
CR541Q10F,24745.5,22451.90159574468,2293.598404255321,1671.0,0.5919833666556451,0.7619716981518386,0.02743293037643643,False
CR567Q08SB,1.0,0.9166666666666666,0.08333333333333337,2028.0,0.29937958119301233,0.5251909558510075,0.02721655269759087,False
CR432Q05V,1.0,1.1477516059957173,-0.14775160599571735,1640.0,0.29426519087098135,0.5218246426349109,0.02717513780520669,False
CR558Q02SA,0.9,0.8211206896551724,0.07887931034482765,5006.0,0.36516457907263755,0.5849064653192306,0.027164653527761,False
CR552Q06S,0.5555555555555556,0.4828571428571429,0.0726984126984127,3379.0,0.5487177018672069,0.7316236024896091,0.027121814309051244,False
CR547Q09F,20288.166666666668,19760.786384976527,527.3802816901407,2801.0,0.5718141190775893,0.74948276901368,0.02707023147764683,False
CR466Q02TT,180517.25,156650.27765726682,23866.972342733177,4971.0,0.5535901973820804,0.734948962367617,0.0270480715812725,False
CR553Q02VS,0.11764705882352941,0.024691358024691357,0.09295570079883805,5267.5,0.020948529141147757,0.09958608468637933,0.027043835793134668,False
CR549Q05V,1.3333333333333333,1.1234309623430963,0.209902370990237,4660.0,0.23372429299752262,0.4585448034046634,0.026928019690401657,False
CR590Q46S,0.9444444444444444,0.8706199460916442,0.07382449835280025,32269.5,0.11056698981704137,0.29103312656446834,0.0268502754014047,False
CR590Q37S,0.9803921568627451,0.9040492957746479,0.07634286108809718,31179.5,0.06603925380206786,0.20508672788782883,0.02680215615742034,False
CR544Q07VS,0.16666666666666666,0.04580152671755725,0.12086513994910941,1329.0,0.11664533648002413,0.29973728875116384,0.0267851164103242,False
CR541Q03VS,0.13333333333333333,0.060324825986078884,0.07300850734725445,3508.5,0.13454339705548718,0.32799928749621726,0.026631415444688653,False
CR562Q05S,0.625,0.5153846153846153,0.10961538461538467,1731.0,0.5407832076211294,0.7241690624265612,0.02661224129237044,False
CR565Q03VS,0.16666666666666666,0.07550644567219153,0.09116022099447513,3601.0,0.13357150146446645,0.3262734699803963,0.02649783051235631,False
CR590Q36S,0.9387755102040817,0.8620689655172413,0.07670654468684035,29835.0,0.12391986856149491,0.3132207720695454,0.0264945432775188,False
CR540Q06F,177333.63636363635,23286.616113744076,154047.0202498923,3891.0,0.5037805953283707,0.6957238165652136,0.026376887105170475,False
CR563Q07TT,108925.5,49290.41452344932,59635.08547655068,3013.5,0.4970743523543554,0.6895442194275907,0.026291107581601067,False
CR569Q01VS,0.1111111111111111,0.016566265060240965,0.09454484605087014,6541.0,0.0038553036880164173,0.030545867681976226,0.026231084075523804,True
CR590Q05S,0.828125,0.7544867193108399,0.07363828068916012,47858.5,0.17903590072102804,0.38822521630033446,0.026128908901106897,False
CR550Q06VS,0.09090909090909091,0.018218623481781375,0.07269046742730953,5839.0,0.013298256114701963,0.07403893944942173,0.02605557783734983,False
CR553Q07A,3.0714285714285716,2.5373406193078325,0.5340879521207391,4214.0,0.5244278645491232,0.7099592996524822,0.026014806094278996,False
CR558Q10VS,0.10526315789473684,0.029850746268656716,0.07541241162608012,4800.0,0.056208578944136146,0.18428064608740655,0.02587928580536387,False
CR590Q41TT,6451.7307692307695,5655.713938411669,796.0168308191005,34492.5,0.35866759822443517,0.582261268531884,0.02560166816931014,False
CR590Q53S,1.0,0.9278350515463918,0.07216494845360821,28028.0,0.051475751437095964,0.1735365463207027,0.025598145246932186,False
CR590Q33S,0.9649122807017544,0.8964896489648965,0.06842263173685792,33830.0,0.0935409209473378,0.2600458109510702,0.02552267451905816,False
CR567Q06F,36090.88888888889,32360.917857142857,3729.971031746034,2676.0,0.6608038359714331,0.8110760091963172,0.02550094220366019,False
CR561Q06VS,0.0967741935483871,0.03776978417266187,0.05900440937572522,9184.0,0.050208596067867706,0.17191330552755124,0.025420324948143017,False
CR590Q38S,0.9814814814814815,0.9110915492957746,0.07038993218570688,32831.0,0.07120795526471574,0.21414363189096997,0.02536459068117436,False
CR558Q06A,4.5,2.40169133192389,2.09830866807611,5081.0,0.5571700712340215,0.7365371209040114,0.025331752559487716,False
CR590Q56S,0.7916666666666666,0.7182468694096601,0.07341979725700654,28802.0,0.2669497234938988,0.49467744863337165,0.02525402612986563,False
CR567Q06V,1.0454545454545454,1.1457142857142857,-0.10025974025974027,3615.0,0.36119778349653975,0.5832083625439114,0.024905039614315037,False
CR564Q04A,1.4545454545454546,2.1527165932452275,-0.6981711386997729,3315.5,0.4877604559483134,0.6827541603081715,0.02485246755711671,False
CR446Q06A,78.53846153846153,51.21658986175115,27.32187167671038,4670.0,0.5222513269767631,0.7098139475008268,0.024848672256348976,False
CR542Q09F,20936.72,27707.575806451612,-6770.855806451611,7176.0,0.530115380711025,0.7129734608909978,0.024742327438096696,False
CR590Q06S,0.984375,0.9161098737936154,0.06826512620638459,46046.5,0.050350013431208374,0.17191330552755124,0.024595318702236316,False
CR404Q07VS,0.15,0.033632286995515695,0.1163677130044843,4772.0,0.09369069690893876,0.2600458109510702,0.024530781899610884,False
CR558Q04V,1.3333333333333333,1.104602510460251,0.22873082287308222,5373.0,0.24551770792793803,0.4696961033403113,0.02450388888159909,False
CR569Q01TT,58202.166666666664,56856.6641566265,1345.5025100401617,6503.0,0.5232463532189562,0.7099149205034356,0.02446686957132928,False
CR570Q04VS,0.1111111111111111,0.021929824561403508,0.0891812865497076,6705.0,0.015280188061494037,0.081406519155201,0.024397899919158552,False
CR569Q04S,0.9230769230769231,0.8237179487179487,0.09935897435897445,4459.0,0.35090375480483404,0.5809355465137136,0.024313732968469573,False
CR541Q10S,0.75,0.6530054644808743,0.09699453551912574,1606.0,0.5699203223821321,0.7477935440173198,0.024274036254706297,False
CR561Q08V,1.1333333333333333,1.0781818181818181,0.055151515151515174,8772.0,0.19378922121872955,0.41048603552605273,0.024250298622031565,False
CR220Q01S,0.15,0.091869918699187,0.058130081300813,52060.0,0.08655237760720517,0.24763596926505926,0.02410028138586339,False
CR570Q01VS,0.1,0.015965166908563134,0.08403483309143688,7469.0,0.005832040364755872,0.040496639836169995,0.02408198524764913,True
CR570Q10F,9344.1875,11171.690909090908,-1827.5034090909085,4768.5,0.5682049238432779,0.7463350540598209,0.02402077604241088,False
CR541Q05VS,0.14285714285714285,0.08851674641148326,0.05434039644565959,3154.0,0.24586842949933774,0.4696961033403113,0.023871927658780854,False
CR543Q10S,0.5,0.3977987421383648,0.1022012578616352,4206.0,0.4748738161457833,0.6700274392193928,0.02384658522435397,False
CR590Q21TT,4013.206896551724,4230.394387001477,-217.1874904497531,41988.5,0.3707194658486479,0.5889579174664895,0.02382575947602635,False
CR590Q26S,0.9607843137254902,0.8925476603119584,0.0682366534135318,31435.0,0.11936309357671622,0.3041913065171572,0.02378478125752927,False
CR558Q09A,2.789473684210526,3.2335456475583864,-0.44407196334786025,4793.0,0.5824677601269801,0.7584195109150299,0.023777928652101248,False
CR590Q04S,0.9850746268656716,0.9204126750184229,0.06466195184724866,48399.0,0.052094153423907726,0.17496840660855964,0.023706876405942504,False
CR590Q54S,1.0,0.9330855018587361,0.06691449814126393,28126.0,0.06144651374777107,0.19551830916487978,0.023645013791228773,False
CR590Q62S,0.9347826086956522,0.8653321201091901,0.06945048858646208,27032.5,0.172917283826588,0.37961947213083974,0.023611231678689115,False
CR219Q01V,1.0666666666666667,1.1930618401206636,-0.12639517345399698,4517.0,0.33385470327741296,0.5652663195217567,0.023319910351102768,False
CR552Q09TT,47895.692307692305,35242.44680851064,12653.245499181663,4621.0,0.6418533907338797,0.7969640761564557,0.02324104964213112,False
CR563Q10V,1.0,1.1924812030075187,-0.1924812030075187,2332.0,0.29131742743487277,0.5197682583001929,0.023129762330538383,False
CR542Q02F,19708.48275862069,20905.764510779438,-1197.2817521587494,9298.5,0.5637087048329983,0.7427973978396437,0.02298611403782059,False
CR590Q08TT,4339.4915254237285,4400.44298245614,-60.95145703241178,43040.5,0.3864659014562576,0.602360471878858,0.022930255112267702,False
CR543Q13A,1.0,1.7147016011644833,-0.7147016011644833,4902.5,0.5127889847807987,0.7011141429082602,0.022867252450188353,False
CR590Q40S,0.9387755102040817,0.8728888888888889,0.06588662131519274,29378.5,0.1715666514015609,0.3779971143178775,0.022812831053682318,False
CR590Q25S,1.0,0.9352836879432624,0.06471631205673756,30625.5,0.060870494592608564,0.1954180034193875,0.022793767784245706,False
CR570Q05VS,0.11764705882352941,0.03545051698670606,0.08219654183682334,6242.5,0.059208861883152344,0.19228557024460802,0.022689217195286538,False
CR552Q01TT,46359.38461538462,46390.44031830239,-31.055702917772578,4640.0,0.6502090193624379,0.8036583479319732,0.022632398202473803,False
CR102Q04V,1.0,1.1476510067114094,-0.1476510067114094,1188.0,0.3824431523761427,0.598354096629003,0.02256709409095109,False
CR547Q07SD,0.5833333333333334,0.5022727272727273,0.08106060606060606,2854.0,0.58080144821297,0.757247457796657,0.022545979962654138,False
CR562Q07TT,25475.666666666668,31558.644991212655,-6082.978324545988,3917.0,0.5874059370047169,0.7597620612701842,0.022484981056031198,False
CR453Q06V,1.0909090909090908,1.0189504373177842,0.0719586535913066,8109.0,0.010418464284257042,0.06343459042040248,0.022407111392594024,False
CR568Q15F,54534.083333333336,31497.052469135804,23037.03086419753,2079.0,0.6839801425395229,0.8288229962537748,0.022288286120229022,False
CR541Q04V,1.0666666666666667,1.1841491841491842,-0.11748251748251759,2990.5,0.4311497196069358,0.6410453543439472,0.02205315419474311,False
CR545Q03A,6.346666666666667,6.397107897664071,-0.050441230997404496,63075.0,0.3345630602858287,0.5656907558321262,0.021902854724708692,False
CR556Q12TT,53260.2,43996.90625,9263.293749999997,3528.0,0.5783450324546855,0.7556389641796948,0.02183369841295344,False
CR453Q05A,5.636363636363637,5.897250361794501,-0.260886725430864,7047.5,0.5550379601699764,0.735291445627107,0.02179535832134446,False
CR564Q05A,66.3,56.65731166912851,9.642688330871486,3740.5,0.5671196709679596,0.7457020354429766,0.021770244475032393,False
CR544Q06VS,0.14285714285714285,0.05555555555555555,0.0873015873015873,1519.5,0.23572673900584018,0.46100988830889,0.021768678739579172,False
CR545Q03SC,0.9726027397260274,0.9085191538021726,0.06408358592385477,67929.5,0.05955759334112749,0.19228557024460802,0.021761871777453673,False
CR550Q07TT,136941.19047619047,132814.5354969574,4126.654979233077,5501.0,0.626917461487333,0.7890663850093037,0.021472719115516372,False
CR560Q10S,0.14035087719298245,0.20228136882129277,-0.061930491628310325,35156.5,0.25248434148892895,0.4771722417130217,0.021397012230863603,False
CR547Q07SF,0.75,0.8260869565217391,-0.07608695652173914,2422.5,0.4962392954552083,0.6891592912164466,0.02123111262542884,False
CR569Q06TT,90235.0625,73918.48536209553,16316.577137904475,5607.0,0.5850632843276502,0.7595989699884198,0.021198661630254658,False
CR563Q10S,0.8,0.6655518394648829,0.1344481605351171,1696.0,0.5267410110928904,0.7109527872506611,0.02109958730765528,False
CR559Q04A,1.819277108433735,2.1035771489588897,-0.2843000405251548,73043.5,0.3139469540450681,0.5442334294526006,0.02104287785776827,False
CR568Q14S,0.8333333333333334,0.7658959537572254,0.06743737957610796,2216.0,0.5881580274359277,0.7597620612701842,0.020994292742471124,False
CR568Q08VS,0.1,0.02406417112299465,0.07593582887700535,2012.0,0.1386436859391376,0.33404209711651867,0.020919301987365305,False
CR466Q03V,1.0625,1.1688888888888889,-0.10638888888888887,3361.0,0.4315137284357088,0.6410453543439472,0.020915626466215337,False
CR550Q07A,58.0,69.19269776876268,-11.192697768762685,4861.0,0.6363088812813119,0.7952252550694657,0.02087717374713533,False
CR404Q06F,14923.666666666666,19212.672727272726,-4289.00606060606,4887.0,0.6550062836312103,0.8055599667345034,0.020849442575915183,False
CR466Q06V,1.0,1.0723981900452488,-0.07239819004524883,3304.0,0.29142346521200135,0.5197682583001929,0.020843392182176214,False
CR563Q03TT,37218.0,37208.28923076923,9.710769230769074,2009.0,0.595044143388182,0.7629404162114035,0.020776430221810784,False
CR590Q35S,1.0,0.9448529411764706,0.05514705882352944,32718.0,0.0687600545633244,0.20984549985251594,0.02076537630743315,False
CR111Q06V,1.0,1.0597014925373134,-0.05970149253731338,5316.0,0.23723734561943988,0.4625005665388449,0.020642687628044002,False
CR590Q09S,0.95,0.8910963944076526,0.05890360559234731,43171.5,0.1478425369375962,0.3474018548571652,0.020523550320740904,False
CR560Q06V,1.2162162162162162,1.1547293603061783,0.061486855910037885,71767.0,0.0938353007153538,0.2600458109510702,0.02025176515650572,False
CR055Q05A,92.9,68.8436974789916,24.056302521008405,3248.0,0.6180766384409206,0.7843354467279033,0.02024793732237977,False
CR563Q09V,1.0,1.1362962962962964,-0.13629629629629636,2727.0,0.3134069358725924,0.5442334294526006,0.020160706620378218,False
CR553Q04V,1.125,1.0621669626998225,0.06283303730017753,4822.0,0.22416766084898065,0.44979095585931833,0.020028585355737264,False
CR590Q65S,0.9811320754716981,0.9257602862254025,0.0553717892462956,31267.5,0.12718581775984059,0.31630114839268203,0.0199280942161498,False
CR549Q12V,1.125,1.0706638115631693,0.054336188436830746,3976.0,0.29676366513119545,0.5225069659574895,0.019892400156006216,False
CR466Q06F,21640.333333333332,24595.81067961165,-2955.4773462783196,2898.0,0.683354201423009,0.8288229962537748,0.019790729010896135,False
CR550Q06F,15826.588235294117,15278.644155844157,547.9440794499606,3458.5,0.6923524248633697,0.8365079150841886,0.019787147546751524,False
CR561Q07VS,0.12903225806451613,0.05263157894736842,0.07640067911714771,8972.5,0.20888159945285822,0.4260357374979088,0.019657213462116217,False
CR558Q09V,1.4736842105263157,1.157112526539278,0.3165716839870376,4737.0,0.43635915272394443,0.6428366063966572,0.01959719394403949,False
CR432Q05F,27159.6,22227.972789115647,4931.627210884351,984.0,0.6805358410295395,0.8270819070919477,0.01957868348685649,False
CR543Q10A,1.8571428571428572,2.167872648335745,-0.3107297911928879,5229.0,0.5835412256312245,0.7584195109150299,0.01956936526545345,False
CR563Q07A,9.0,6.907715582450832,2.092284417549168,2369.5,0.6120514920096646,0.7802671732763272,0.019531553534910668,False
CR567Q11A,5.705882352941177,5.919881305637982,-0.21399895269680513,2713.5,0.7114827829518162,0.8512998254873619,0.019494511261556217,False
CR565Q08V,1.0,1.1100746268656716,-0.1100746268656716,2455.0,0.34070132861433433,0.5713797044332662,0.019480529702497605,False
CR590Q44S,0.7058823529411765,0.6504347826086957,0.05544757033248082,30951.0,0.41604956229358636,0.629421369638767,0.019357685001997665,False
CR460Q06A,1.6875,2.207518796992481,-0.5200187969924812,4928.0,0.5970199024463025,0.7646804139104973,0.01931702014760555,False
CR567Q08SE,1.0,0.9413680781758957,0.05863192182410426,1950.0,0.39079927484376586,0.6064708620026277,0.019292310233610645,False
CR570Q06V,1.1764705882352942,1.149476831091181,0.02699375714411323,6090.0,0.33837767567411015,0.5705795458843113,0.019092210593102933,False
CR559Q06A,1.963855421686747,2.9476775226908702,-0.9838221010041233,73496.5,0.3778715814806708,0.5931080039809065,0.019008643186498742,False
CR567Q06TT,44457.63636363636,40375.88857142857,4081.7477922077887,4028.0,0.7167405937106983,0.8534598977133171,0.01886424277169394,False
CR570Q08TT,18966.41176470588,25639.376327769347,-6672.964563063466,5212.0,0.6246265112890492,0.7887485378506277,0.018843572144152086,False
CR541Q01TT,58305.666666666664,55699.347727272725,2606.318939393939,3501.0,0.6888914099133279,0.8331406875272732,0.01881596917902342,False
CR563Q07V,1.0,1.1543116490166414,-0.1543116490166414,2380.0,0.34844281236839203,0.5804249542955964,0.018784444929750153,False
CR590Q34S,0.9814814814814815,0.9293809938971229,0.05210048758435859,32582.5,0.13824385926724014,0.33404209711651867,0.018692064302377243,False
CR547Q07SB,0.8333333333333334,0.7664399092970522,0.06689342403628118,2823.0,0.5894062410428142,0.7604447953329003,0.018585615328334512,False
CR553Q02A,2.3529411764705883,3.0617283950617282,-0.7087872185911399,4512.0,0.6449725690525461,0.7995848498986429,0.01856245425533239,False
CR549Q05F,21406.25,29280.956521739132,-7874.706521739132,3294.0,0.6952241724876479,0.8383386118973003,0.018452884151564656,False
CR567Q08TT,62959.63157894737,69311.05187319884,-6351.420294251475,3138.0,0.7249412727563421,0.8615648203142681,0.018450357129448133,False
CR590Q21S,0.9827586206896551,0.9290989660265879,0.05365965466306721,41373.0,0.11383557114201077,0.29558984439396074,0.018439256277681365,False
CR562Q05TT,61976.73333333333,59506.62371134021,2470.1096219931205,4661.0,0.6541439750197279,0.8053007501238881,0.018366967379600713,False
CR567Q04F,34643.52631578947,37462.15588235294,-2818.629566563468,3077.0,0.7290330735675995,0.864764759049475,0.018342871353266385,False
CR568Q05VS,0.16666666666666666,0.02284263959390863,0.14382402707275804,2511.5,0.17151891619117388,0.3779971143178775,0.018280315544129334,False
CR541Q05S,0.8,0.7329842931937173,0.06701570680628277,2038.0,0.6373594667408826,0.7957336372643746,0.018278039120729894,False
CR561Q03V,1.09375,1.185512367491166,-0.09176236749116606,8632.5,0.40682699483314444,0.6200223990305382,0.018213643415046464,False
CR570Q10V,1.0,1.0700152207001523,-0.07001522070015231,5210.5,0.2707928291978211,0.4988076555715453,0.01817495084956398,False
CR111Q01V,1.12,1.0899581589958158,0.030041841004184278,6262.5,0.37038129916772566,0.5889579174664895,0.018094444660892665,False
CR590Q14S,0.859375,0.8091042584434655,0.05027074155653455,45775.0,0.3153500738635684,0.5459001278646646,0.01802115866975329,False
CR055Q01S,0.5,0.5896551724137931,-0.08965517241379306,2112.0,0.6099755621550214,0.7788530938260396,0.01797416223326559,False
CR561Q08S,0.5555555555555556,0.5934426229508196,-0.03788706739526404,3961.5,0.7025385173324361,0.8446863885436683,0.017909862886914873,False
CR590Q15S,0.7868852459016393,0.7357664233576642,0.05111882254397515,43921.0,0.3746377237751032,0.5920243724288472,0.017880322364547695,False
CR552Q06V,1.1538461538461537,1.10752688172043,0.04631927212572373,5038.0,0.43747381412538966,0.6437114693559306,0.017854835966805375,False
CR456Q02V,1.0,1.0921248142644873,-0.09212481426448726,4368.0,0.29609501210992195,0.5225069659574895,0.01780494372924698,False
CR568Q06VS,0.08333333333333333,0.023376623376623377,0.05995670995670995,2448.5,0.19397364268167838,0.41048603552605273,0.017757532542246674,False
CR446Q03TT,44478.142857142855,49121.40182648402,-4643.258969341165,4929.0,0.6461567186434596,0.8002502046526213,0.017750556109428814,False
CR590Q02S,1.0,0.9491648511256354,0.05083514887436458,44133.5,0.0711700783260934,0.21414363189096997,0.01773972057275968,False
CR590Q43S,1.0,0.9527272727272728,0.047272727272727244,32832.0,0.09327015616213408,0.2600458109510702,0.01771267267542649,False
CR570Q05TT,29500.29411764706,27841.27621861152,1659.017899035538,6134.5,0.6420554496570949,0.7969640761564557,0.017667833061903452,False
CR590Q08S,1.0,0.9488304093567251,0.051169590643274865,42421.0,0.07495752676772863,0.22217626639067767,0.017638657778667462,False
CR552Q01V,1.0769230769230769,1.143236074270557,-0.06631299734748008,4698.0,0.5225976474318386,0.7098139475008268,0.01760297637970185,False
CR455Q05V,1.1875,1.0809792843691148,0.10652071563088517,4502.5,0.3546442441898756,0.582261268531884,0.017469771132180914,False
CR590Q22S,1.0,0.9512017479970867,0.04879825200291332,45360.0,0.07270027873515278,0.21704720897741264,0.01730473018406691,False
CR566Q04F,34960.8,27649.191972076787,7311.608027923216,1278.0,0.6787278691289744,0.8265099962989284,0.017284371514017172,False
CR563Q09VS,0.1111111111111111,0.023703703703703703,0.0874074074074074,3303.0,0.09514071259501936,0.26190182798985284,0.017238865081192968,False
CR565Q05F,15608.888888888889,10050.155172413793,5558.733716475095,2240.0,0.7091324026155654,0.8493097380163167,0.01720815165274588,False
CR550Q07F,17631.41176470588,19627.52927927928,-1996.1175145733978,3575.0,0.7127048492428273,0.8515691612632532,0.017193183692360225,False
CR568Q10VS,0.1,0.04878048780487805,0.051219512195121955,1959.0,0.3255108557269354,0.555706378008967,0.017130533479604082,False
CR590Q61S,0.9642857142857143,0.9188191881918819,0.04546652609383239,31732.0,0.2189263312175418,0.44142405446147087,0.01701240867811693,False
CR590Q25TT,4105.083333333333,4606.083644510829,-501.00031117749586,42116.5,0.5250183600493118,0.7099810645743428,0.01699832945433491,False
CR111Q06A,101.75,98.28571428571429,3.464285714285708,5372.5,0.7078437513261604,0.8493097380163167,0.016904508618478344,False
CR564Q03V,1.0,1.1008771929824561,-0.10087719298245612,3470.5,0.3382128847911111,0.5705795458843113,0.016738161989406024,False
CR570Q02V,1.0,1.0685131195335278,-0.06851311953352779,5796.0,0.2800727171488565,0.5083258126225942,0.016726428730344398,False
CR563Q02V,1.0,1.1232876712328768,-0.12328767123287676,2082.5,0.39518341806881374,0.6090357914377229,0.016681065579955308,False
CR563Q02TT,45950.57142857143,36679.68797564688,9270.88345292455,2083.0,0.6687529263883805,0.8175851800356462,0.01664262994497845,False
CR567Q13V,1.0476190476190477,1.1057142857142856,-0.05809523809523798,3522.5,0.5127389120401266,0.7011141429082602,0.01658663823079263,False
CR549Q05TT,119878.27777777778,121947.60041841005,-2069.3226406322647,4522.0,0.7130949690581461,0.8515691612632532,0.016547945061140684,False
CR561Q03VS,0.0,0.053003533568904596,-0.053003533568904596,8672.0,0.235500433456736,0.46100988830889,0.0165148502275746,False
CR590Q63S,0.9787234042553191,0.9306930693069307,0.048030334948388376,27362.5,0.19853100431847992,0.4145540419055562,0.016409154472834586,False
CR550Q05F,14769.3,15550.829918032787,-781.5299180327875,5116.5,0.7137747985992964,0.8515691612632532,0.01630820311875925,False
CR404Q07S,0.15789473684210525,0.1111111111111111,0.04678362573099415,4296.0,0.5300876459585335,0.7129734608909978,0.016259818350986038,False
CR566Q05V,1.0,1.1281645569620253,-0.12816455696202533,2016.0,0.41160127561210336,0.626526079626305,0.015962419465899418,False
CR542Q02VS,0.06666666666666667,0.02526002971768202,0.041406636948984644,10555.0,0.10217357724634596,0.2763381651564193,0.015941027212425667,False
CR565Q05A,107.27272727272727,95.01296296296296,12.259764309764307,3165.5,0.708711050704324,0.8493097380163167,0.015933046513272178,False
CR432Q01V,1.0,1.0778947368421052,-0.07789473684210524,1764.0,0.43480857788174676,0.6420829178755544,0.01580671004972248,False
CR545Q04V,1.2567567567567568,1.1887527839643652,0.06800397279239156,69547.5,0.2231069999041686,0.44839065346593887,0.015725146795988146,False
CR562Q03V,1.125,1.090289608177172,0.03471039182282798,4961.0,0.37783799573698607,0.5931080039809065,0.015695687004074376,False
CR549Q13TT,31995.3125,36771.80172413793,-4776.4892241379275,3899.0,0.7324386590961212,0.8671400216885112,0.01564660399780978,False
CR564Q04V,1.0,1.1071953010279,-0.10719530102790009,3476.0,0.3575973824293499,0.582261268531884,0.015576139550332449,False
CR567Q08V,1.0,1.0489913544668588,-0.04899135446685876,3163.5,0.3744892349849438,0.5920243724288472,0.015482003143322409,False
CR564Q02V,1.0,1.0789473684210527,-0.07894736842105265,3822.0,0.3483670867748154,0.5804249542955964,0.01548103699968337,False
CR569Q02S,0.6,0.5424292845257903,0.057570715474209666,4767.0,0.6592348303253206,0.8099545231432369,0.015357204998895401,False
CR540Q03F,19414.909090909092,19343.44018404908,71.4689068600128,3835.0,0.6932348149990786,0.8367560852918565,0.015350729742745097,False
CR590Q48S,0.8627450980392157,0.818733738074588,0.04401135996462768,30695.5,0.42314057562706275,0.6370301479598655,0.015346819694536402,False
CR540Q04V,1.0,1.09375,-0.09375,3762.0,0.3551604270910872,0.582261268531884,0.015216185392470404,False
CR569Q04V,1.0,1.0647149460708782,-0.06471494607087824,4896.0,0.3269755746024451,0.5570926302699525,0.015120009259169585,False
CR556Q04S,0.3333333333333333,0.2465753424657534,0.0867579908675799,1904.0,0.6256051595658743,0.7887485378506277,0.015063726292415895,False
CR590Q01S,1.0,0.9575844716031632,0.04241552839683682,46400.0,0.09275601381180668,0.2600458109510702,0.015060066059135605,False
CR542Q09V,1.12,1.0379362670713201,0.08206373292867997,8618.5,0.2273994755121812,0.45260185464260216,0.01502206201261559,False
CR544Q04V,1.0,1.09,-0.09000000000000008,1500.0,0.4684634250086567,0.6632540587751428,0.014990768529004005,False
CR455Q05TT,50779.1875,52363.90207156309,-1584.7145715630904,4465.0,0.7281579045971669,0.8645563593487976,0.014895639825867418,False
CR590Q59S,0.9824561403508771,0.9426008968609866,0.03985524348989056,33044.0,0.2001028439161895,0.4163756146134852,0.014842537119588948,False
CR545Q02A,3.4210526315789473,4.156753752084492,-0.7357011205055444,71325.5,0.5079073524743221,0.6975260973980689,0.01480321762152259,False
CR453Q05V,1.2272727272727273,1.0636758321273516,0.16359689514537568,7975.0,0.28062611298183704,0.5085833953747076,0.014727125586599507,False
CR220Q06V,1.010204081632653,1.0542763157894737,-0.04407223415682071,85923.0,0.07795178640659581,0.2288100043241065,0.014716190894418635,False
CR567Q08SA,1.0,0.9552715654952076,0.04472843450479236,1962.0,0.45728159044218764,0.6581819010976954,0.014586686085347855,False
CR541Q03S,0.6666666666666666,0.6161369193154034,0.050529747351263254,2578.0,0.7239695900607633,0.8612381263860477,0.014546642234248643,False
CR590Q10S,0.9180327868852459,0.876453488372093,0.041579298513152896,43713.0,0.33150805993625965,0.5635898463344602,0.01451456727834319,False
CR562Q02VS,0.0625,0.010101010101010102,0.052398989898989896,5001.0,0.05281377981014815,0.1764265725549814,0.014492764449066043,False
CR220Q04V,1.4646464646464648,1.3380821917808219,0.12656427286564287,93753.5,0.3803085395666038,0.5957685106518661,0.014465769895625797,False
CR456Q06V,1.0,1.0632530120481927,-0.06325301204819267,4375.0,0.35156940840797557,0.5809355465137136,0.014456244286429871,False
CR544Q04F,62678.142857142855,78002.32198952879,-15324.179132385936,1254.0,0.7795894746632382,0.9006574445248737,0.014275157538750739,False
CR544Q06V,1.0,1.1111111111111112,-0.11111111111111116,1298.5,0.49571487521793833,0.6891592912164466,0.014267860597102451,False
CR567Q13F,19982.947368421053,21503.44307692308,-1520.495708502025,2976.0,0.7922096162079468,0.9044745555968915,0.014267840332402386,False
CR549Q04V,1.105263157894737,1.0850622406639003,0.020200917230836613,4776.5,0.4458413017112911,0.6483057046060657,0.014255638764551347,False
CR432Q06V,1.0,1.0692640692640694,-0.06926406926406936,1732.0,0.46692030311863353,0.6625872498905063,0.014048283032805605,False
CR550Q06V,1.0454545454545454,1.1133603238866396,-0.06790577843209422,5223.5,0.5173238151972388,0.7057530194081536,0.013542466999412691,False
CR547Q06A,2.0,2.7532188841201717,-0.7532188841201717,3111.0,0.7588370695059288,0.889869656460463,0.013477751269750612,False
CR541Q11TT,123217.30769230769,90406.3743718593,32810.933320448385,2472.0,0.7858793088093529,0.9027386855839779,0.01345878118121065,False
CR566Q06V,1.1428571428571428,1.0904684975767367,0.0523886452804061,2326.5,0.43940793585202165,0.6444914759926839,0.013439877928777362,False
CR590Q04TT,4623.626865671642,4571.294030950627,52.33283472101539,47124.0,0.6125631360003723,0.7802671732763272,0.013424084292461747,False
CR590Q50S,0.9074074074074074,0.8708220415537489,0.03658536585365857,30982.5,0.4316020291608321,0.6410453543439472,0.013338885547105307,False
CR569Q03V,1.0,1.062691131498471,-0.06269113149847105,4968.0,0.3581626630838465,0.582261268531884,0.013333587736424206,False
CR564Q03VS,0.09090909090909091,0.03070175438596491,0.060207336523126,3993.5,0.23825263271917296,0.4637484315604689,0.013292914238584887,False
CR453Q01V,1.0,1.0440340909090908,-0.04403409090909083,8088.0,0.3027136558648348,0.5299632842052915,0.013169573775854457,False
CR590Q31S,0.9629629629629629,0.927007299270073,0.03595566369288994,30656.0,0.31660537484575635,0.5465422392588755,0.013168718436277848,False
CR558Q10SA,0.7647058823529411,0.8053097345132744,-0.04060385216033324,3686.0,0.6802505259612412,0.8270819070919477,0.013130649022638339,False
CR563Q03V,1.0,1.0984615384615384,-0.09846153846153838,2107.0,0.45715952474465216,0.6581819010976954,0.013121955929564704,False
CR567Q10V,1.0,1.0562130177514792,-0.056213017751479244,2771.0,0.4323063875625879,0.6410453543439472,0.013111996011140596,False
CR564Q01VS,0.07142857142857142,0.01744186046511628,0.05398671096345514,5076.0,0.1390323224318066,0.3343267519955505,0.013063498972952357,False
CR570Q05A,1.411764705882353,1.7961595273264401,-0.3843948214440871,5475.0,0.7087364941334627,0.8493097380163167,0.012995156160005301,False
CR540Q06V,1.0909090909090908,1.0331825037707392,0.05772658713835166,3862.0,0.27543580479941765,0.5028635963546237,0.012959938959985883,False
CR542Q05V,1.3793103448275863,1.1484257871064467,0.23088455772113958,10030.0,0.5199763320505961,0.7078091920864942,0.012820260747667176,False
CR558Q02A,4.636363636363637,6.425,-1.7886363636363631,5089.5,0.7698891315967435,0.8972797504071749,0.01277961565964585,False
CR549Q10A,2.625,3.0127931769722816,-0.38779317697228155,3597.0,0.7734198979034335,0.9001384122491938,0.012766942563887695,False
CR552Q03A,74.16,66.34239130434783,7.817608695652169,4739.0,0.8009434010906052,0.9082257282091634,0.012757545428883618,False
CR456Q02F,29315.615384615383,29839.808970099668,-524.193585484285,4113.0,0.7529473252198139,0.8854832483079829,0.012723974290955939,False
CR570Q05V,1.1176470588235294,1.0989660265878878,0.01868103223564166,6028.0,0.442581764936842,0.6456341056892658,0.012716190374817353,False
CR565Q08VS,0.0,0.05783582089552239,-0.05783582089552239,2535.0,0.4517281514355773,0.6545556801575306,0.012554119141609569,False
CR541Q01S,0.25,0.2936893203883495,-0.043689320388349495,2364.0,0.7443787223049408,0.8771386978304159,0.012534232727843849,False
CR590Q57S,0.74,0.7043010752688172,0.035698924731182746,28896.0,0.5881873249450953,0.7597620612701842,0.012521263607271741,False
CR569Q04VS,0.0625,0.015408320493066256,0.04709167950693374,5436.5,0.1456940154900963,0.3436599296674791,0.012489331972523525,False
CR562Q07S,0.9,0.846441947565543,0.05355805243445699,2813.0,0.6422137701066585,0.7969640761564557,0.012449684078891594,False
CR446Q03V,1.0,1.051750380517504,-0.05175038051750391,4368.0,0.39119702270550016,0.6064708620026277,0.01242538927660017,False
CR550Q06A,4.136363636363637,4.506072874493927,-0.36970923813029,5241.0,0.7762924111026137,0.9004331679438436,0.01241660869779881,False
CR544Q13VS,0.0,0.06299212598425197,-0.06299212598425197,892.5,0.5660053304365611,0.7450293806385404,0.012320979885096804,False
CR566Q14F,22556.4,21472.377391304348,1084.0226086956536,1327.0,0.7681212418472959,0.8965041122976939,0.012297927079111474,False
CR556Q10A,1.8,2.057542768273717,-0.2575427682737168,3030.5,0.7444324385308303,0.8771386978304159,0.012196523088486736,False
CR564Q02VS,0.08333333333333333,0.029239766081871343,0.054093567251461985,4326.0,0.2789329877197744,0.5070017247377075,0.01218719934017627,False
CR446Q06V,1.0,1.0522273425499231,-0.05222734254992312,4017.0,0.40646094295408886,0.6200223990305382,0.012155165790163867,False
CR466Q02V,1.05,1.0976138828633406,-0.04761388286334056,4448.0,0.5791255296205797,0.7558597197582223,0.012137915778853587,False
CR541Q09TT,78937.46153846153,69081.69024390244,9855.77129455909,2557.0,0.8043548076898757,0.9112580589410507,0.012100342467257389,False
CR540Q01A,2.142857142857143,2.168869309838473,-0.026012166981330243,5004.0,0.7344935761476413,0.8687407273861097,0.012089389585900811,False
CR590Q18TT,4282.816666666667,4342.37307973665,-59.55641306998314,42434.5,0.6485319988380647,0.8023879385023504,0.012070273304628676,False
CR549Q12VS,0.0625,0.023554603854389723,0.03894539614561028,3881.5,0.3272243119546808,0.5570926302699525,0.012059767594578769,False
CR456Q02VS,0.07142857142857142,0.022288261515601784,0.04914030991296964,4942.5,0.2289274369271892,0.4527268992672093,0.012017039280818296,False
CR455Q05F,14840.5,17108.818702290075,-2268.3187022900747,4362.0,0.7827788206536754,0.9006574445248737,0.011899217342819242,False
CR547Q06VS,0.0,0.045064377682403435,-0.045064377682403435,3129.0,0.44295932170266783,0.6456341056892658,0.011871131913091599,False
CR219Q02V,1.1,1.1901081916537868,-0.0901081916537867,3056.5,0.6315697129161565,0.7924454177935771,0.011691791757915347,False
CR569Q02VS,0.05555555555555555,0.013761467889908258,0.041794087665647295,6132.0,0.14965532131897066,0.34781928079072977,0.011679074661182844,False
CR543Q10VS,0.0,0.049204052098408106,-0.049204052098408106,4606.0,0.4036728206309863,0.6174995127473999,0.011531947388570782,False
CR550Q06TT,58390.22727272727,52588.86032388664,5801.36694884063,5613.0,0.7941998679212909,0.9044745555968915,0.011515922056507703,False
CR565Q01VS,0.07142857142857142,0.029143897996357013,0.04228467343221441,4005.5,0.3631531138226396,0.5836895301492621,0.011394625310836487,False
CR564Q04VS,0.09090909090909091,0.042584434654919234,0.04832465625417168,3941.5,0.37552355014904226,0.5920243724288472,0.011328101491150872,False
CR549Q06S,0.42857142857142855,0.4668141592920354,-0.038242730720606855,3043.0,0.7786734629971088,0.9006574445248737,0.011295133269721975,False
CR570Q01V,1.0,1.042089985486212,-0.04208998548621201,6620.0,0.3679639156196166,0.5876012916096203,0.011229941307193896,False
CR562Q03VS,0.0625,0.02385008517887564,0.038649914821124357,4885.0,0.2932272191340911,0.5207310960484721,0.01119428242932097,False
CR566Q05F,35139.8,25096.302447552447,10043.497552447556,1331.0,0.7907111320106263,0.9044745555968915,0.011104294601345883,False
CR556Q03TT,31554.5,30274.220700152207,1280.2792998477926,3458.0,0.7754610774204806,0.9004331679438436,0.011076508705776424,False
CR541Q03V,1.0666666666666667,1.136890951276102,-0.07022428460943542,3118.0,0.653272837030363,0.8053007501238881,0.011048177784119026,False
CR570Q04SA,0.9375,0.8964968152866242,0.04100318471337583,5230.0,0.5945053801568334,0.7629404162114035,0.011045750754049049,False
CR550Q09VS,0.04,0.00980392156862745,0.03019607843137255,6567.5,0.16304577916663177,0.36707574326039505,0.011028259548861982,False
CR563Q02A,6.0,5.2526636225266365,0.7473363774733635,2157.0,0.7765871820615997,0.9004331679438436,0.01095415596840383,False
CR547Q07V,1.4615384615384615,1.4418103448275863,0.019728116710875154,3133.0,0.7566127526165515,0.8889480629601308,0.01092880508789264,False
CR543Q13VS,0.0,0.048034934497816595,-0.048034934497816595,4257.5,0.42715443078243776,0.6399626525724368,0.010884184232583931,False
CR559Q01V,1.1204819277108433,1.1623064602242392,-0.04182453251339591,75309.5,0.40269709949346677,0.6167702787780979,0.010867213917157325,False
CR460Q06V,1.0625,1.0225563909774436,0.03994360902255645,5540.0,0.26684953587409255,0.49467744863337165,0.010841184776717402,False
CR565Q09V,1.0,1.0522388059701493,-0.052238805970149294,2555.0,0.4866629225582202,0.6827541603081715,0.010822516501387557,False
CR055Q01A,1.8,2.3950819672131147,-0.5950819672131147,2899.0,0.7780036256110432,0.9006574445248737,0.010793467992260587,False
CR556Q03VS,0.1,0.0517503805175038,0.0482496194824962,3452.5,0.46225690626885607,0.6595232749898753,0.010724365365419371,False
CR111Q02BVS,0.041666666666666664,0.014675052410901468,0.026991614255765198,5890.0,0.23946167546001684,0.46444036609893663,0.010716751963214343,False
CR590Q11S,0.9661016949152542,0.9351510685335298,0.03095062638172441,41270.5,0.3404762421661205,0.5713797044332662,0.010708519896779052,False
CR569Q03F,13731.923076923076,16944.066455696204,-3212.1433787731276,3928.0,0.7872344142157492,0.9034556508548431,0.010657044923976362,False
CR466Q03VS,0.0625,0.028888888888888888,0.03361111111111111,3721.0,0.44134899598151345,0.6455708390924859,0.010589082855280568,False
CR553Q05VS,0.06666666666666667,0.02882882882882883,0.03783783783783784,4320.0,0.3971872780411658,0.6113617380558917,0.010481503365121748,False
CR556Q01V,1.0,1.0499243570347958,-0.04992435703479581,3140.0,0.4703680024407829,0.6647913255728588,0.010469548205418235,False
CR562Q03TT,139360.0,103929.01703577513,35430.982964224866,4871.0,0.7996514589912284,0.9075933914721379,0.010365076323445343,False
CR566Q04V,1.1428571428571428,1.1114599686028257,0.031397174254317095,2358.0,0.5831092247334968,0.7584195109150299,0.01034313572227373,False
CR563Q12TT,121143.0,104650.92260061919,16492.07739938081,1818.0,0.7947082260341619,0.9044745555968915,0.010232920412606521,False
CR564Q01V,1.0,1.052325581395349,-0.05232558139534893,4613.0,0.434244477533554,0.6420169548223359,0.01019957804426665,False
CR562Q07A,2.2666666666666666,2.008787346221441,0.25787932044522544,4426.0,0.7940006200722376,0.9044745555968915,0.010167958623055478,False
CR567Q03V,1.12,1.0635359116022098,0.05646408839779027,4633.0,0.6275503693075611,0.7890663850093037,0.01014889463220976,False
CR549Q10VS,0.0625,0.029850746268656716,0.03264925373134328,3874.5,0.46049877973656395,0.6595232749898753,0.010090002994040274,False
CR558Q04VS,0.047619047619047616,0.01882845188284519,0.028790595736202428,5163.5,0.3589658275947416,0.582261268531884,0.010002293625398498,False
CR590Q19S,0.9833333333333333,0.9547114682249818,0.02862186510835152,42245.5,0.290862599311952,0.5197682583001929,0.009939207881559131,False
CR404Q03A,2.857142857142857,3.670378619153675,-0.8132357620108177,4845.5,0.8243998198184964,0.9288588671792721,0.009932754883909795,False
CR569Q04TT,39245.625,35392.27580893683,3853.349191063171,5386.0,0.7988083488771802,0.907469778687679,0.009909735798239526,False
CR590Q28S,0.8823529411764706,0.9104609929078015,-0.028108051731330908,27955.5,0.4947416058661731,0.6891592912164466,0.009899952325308974,False
CR455Q04VS,0.0,0.033707865168539325,-0.033707865168539325,4128.0,0.457215897981341,0.6581819010976954,0.0098031433001529,False
CR570Q08V,1.0588235294117647,1.1593323216995448,-0.10050879228778009,5402.0,0.6144041259460691,0.7804763614278946,0.00965158573237058,False
CR567Q10F,23932.666666666668,14822.786163522012,9109.880503144655,2321.0,0.8616502995886675,0.9459323153854564,0.009625339514794058,False
CR545Q02V,1.144736842105263,1.1650917176209006,-0.020354875515637527,66442.0,0.4631603581644108,0.6595232749898753,0.009590746695908006,False
CR220Q05V,1.153061224489796,1.2149122807017543,-0.0618510562119583,87134.0,0.49169034614280194,0.6859246815265273,0.009555082532663359,False
CR544Q14V,1.0,1.0482573726541555,-0.04825737265415553,887.5,0.619126607744958,0.784862038125916,0.009536702036918423,False
CR550Q05VS,0.045454545454545456,0.022044088176352707,0.02341045727819275,5638.5,0.3642681517467723,0.5847213448818319,0.009477986577157493,False
CR549Q13V,1.0625,1.0323275862068966,0.030172413793103425,3824.0,0.5109189283436569,0.7008832357744285,0.009371228062859333,False
CR543Q03VS,0.0,0.03884892086330935,-0.03884892086330935,4676.0,0.4536018018516689,0.6557331310978511,0.009354998347308024,False
CR552Q08V,1.08,1.0666666666666667,0.01333333333333342,4404.5,0.6653769375139869,0.8142632621458296,0.009262134464783947,False
CR567Q10TT,28734.470588235294,18907.28402366864,9827.186564566655,2801.0,0.8625127179930496,0.9459323153854564,0.009255526596099243,False
CR565Q02A,126.78571428571429,110.16270566727606,16.623008618438234,3960.0,0.8272653587154913,0.9304996781399245,0.00923537743938564,False
CR556Q10TT,31084.1,21352.164852255053,9731.935147744945,3354.0,0.8150141726103145,0.921644572137556,0.009188708451488652,False
CR558Q06S,0.7777777777777778,0.75,0.02777777777777779,4218.0,0.790338191433587,0.9044745555968915,0.009186304243492508,False
CR565Q03F,20642.5,17983.277669902913,2659.2223300970873,2675.0,0.8341207342519791,0.9338525611734113,0.00918574710800564,False
CR567Q03TT,130418.4,118753.31491712708,11665.085082872916,4622.0,0.8584143543996383,0.9459323153854564,0.009115210919669877,False
CR455Q02A,99.8,80.63339382940109,19.16660617059891,5667.5,0.8284429882149162,0.9305819829603161,0.00909419611302097,False
CR540Q05V,1.0909090909090908,1.069277108433735,0.021631982475355915,3803.5,0.5286183170443302,0.7125106214468834,0.009090706557171502,False
CR543Q09VS,0.0,0.04046242774566474,-0.04046242774566474,4662.0,0.4614795693606305,0.6595232749898753,0.009066358514106759,False
CR567Q13TT,29793.04761904762,29697.37714285714,95.67047619047662,3592.5,0.8636052686151441,0.9462908794399983,0.008973099370756668,False
CR567Q11TT,72587.64705882352,62274.40652818991,10313.240530633615,2795.0,0.8668942937630375,0.9482135814965614,0.008972639289259319,False
CR547Q07VS,0.07692307692307693,0.04525862068965517,0.031664456233421755,3111.5,0.5937088077244919,0.7628109005690977,0.00892052039225425,False
CR553Q05V,1.0666666666666667,1.037837837837838,0.028828828828828756,4296.5,0.5057249265872885,0.6958085660339967,0.008917596513817868,False
CR567Q06A,1.9090909090909092,2.5,-0.5909090909090908,3934.0,0.8551786109304982,0.9445940689098263,0.008902226925967928,False
CR564Q05V,1.0,1.048744460856721,-0.048744460856720906,3240.0,0.5054681195188967,0.6958085660339967,0.00887956525704556,False
CR567Q13A,2.4761904761904763,2.3257142857142856,0.15047619047619065,3756.5,0.8525399317567628,0.9425217850191046,0.008864334529899012,False
CR566Q03V,1.125,1.0993788819875776,0.025621118012422395,2695.5,0.6260212909639691,0.7887485378506277,0.008838737023113684,False
CR543Q15V,1.0,1.0406976744186047,-0.04069767441860472,4303.0,0.47668504964324865,0.6710509354886735,0.00882437320679821,False
CR543Q09V,1.0,1.0447976878612717,-0.044797687861271696,4669.0,0.4706249270843458,0.6647913255728588,0.008717652417410345,False
CR550Q04A,2.9565217391304346,3.554,-0.5974782608695652,5609.5,0.8406802440387724,0.9354809773391543,0.00866964948322385,False
CR568Q15VS,0.0,0.02894736842105263,-0.02894736842105263,2214.0,0.5534883591099167,0.734948962367617,0.008626067029394212,False
CR543Q09A,1.9285714285714286,2.296242774566474,-0.36767134599504536,4671.5,0.8106561661497966,0.9175558803673521,0.008593114525733055,False
CR559Q04VS,0.0,0.027229044313934865,-0.027229044313934865,75820.5,0.14872691207437744,0.3478069498455682,0.00857252535861708,False
CR556Q05TT,22194.1,19471.280620155037,2722.819379844961,3095.0,0.8273617688315349,0.9304996781399245,0.008554242315519149,False
CR453Q04VS,0.0,0.028694404591104734,-0.028694404591104734,7447.0,0.42172903837782527,0.6356793797987708,0.008553717068287855,False
CR453Q04V,1.1363636363636365,1.0889526542324246,0.047410982131211865,7886.5,0.5902981785437522,0.7608014063400186,0.008534276802223564,False
CR544Q14A,7.2,6.847184986595174,0.35281501340482624,972.5,0.8693083583758408,0.9491741439510063,0.00847706847726082,False
CR565Q05VS,0.09090909090909091,0.05925925925925926,0.03164983164983165,3074.0,0.6198538623902018,0.7849788667154605,0.008475891751305914,False
CR545Q07V,1.0273972602739727,1.060200668896321,-0.03280340862234832,63833.0,0.3402128636933843,0.5713797044332662,0.008447235189305569,False
CR565Q03A,4.583333333333333,4.889502762430939,-0.306169429097606,3149.0,0.8425144698334481,0.9354809773391543,0.008420593369815852,False
CR570Q02VS,0.05555555555555555,0.02478134110787172,0.030774214447683832,6364.0,0.4157567799521027,0.629421369638767,0.008407464176628136,False
CR569Q04F,33737.933333333334,29062.376190476192,4675.557142857142,4876.0,0.8328825012338876,0.9333116695603674,0.008335958613087873,False
CR456Q06F,14957.307692307691,20755.742320819114,-5798.4346285114225,3934.0,0.8401301693864749,0.9354809773391543,0.008275440404986742,False
CR566Q12TT,55125.28571428572,47753.11881188119,7372.166902404526,2026.0,0.8392603413876369,0.9354809773391543,0.008235964640515944,False
CR466Q06TT,57382.3125,52044.14932126697,5338.163178733033,3627.0,0.8618615267041424,0.9459323153854564,0.008175640899043256,False
CR552Q09S,0.7894736842105263,0.8107344632768362,-0.021260779066309854,3291.5,0.8195997524024565,0.9253748043794242,0.008085893489307737,False
CR543Q01A,1.6666666666666667,2.4176136363636362,-0.7509469696969695,5107.5,0.8198102029089559,0.9253748043794242,0.008081966946268185,False
CR055Q03VS,0.0,0.041736227045075125,-0.041736227045075125,2885.0,0.5392628690321908,0.7229163840821994,0.0080778602076549,False
CR541Q11F,17353.272727272728,16033.648902821316,1319.6238244514116,1800.0,0.8849927073156901,0.9603608307657532,0.008050806132682605,False
CR561Q01VS,0.03125,0.01048951048951049,0.020760489510489512,9342.0,0.2872764824508275,0.5153464910148371,0.008047760878210772,False
CR590Q17S,0.8909090909090909,0.8671171171171171,0.02379197379197373,37501.5,0.6097326853038869,0.7788530938260396,0.008038806846318755,False
CR460Q01V,1.0,1.033674963396779,-0.033674963396779,5967.0,0.4629600138179989,0.6595232749898753,0.008016576821332522,False
CR558Q02SB,0.95,0.9268817204301075,0.02311827956989243,4757.5,0.6972727674751089,0.839171509833724,0.007953689065674402,False
CR460Q05A,1.7058823529411764,1.91904047976012,-0.21315812681894353,5504.0,0.8289407469573689,0.9305819829603161,0.007865528461241523,False
CR550Q10F,12294.190476190477,12566.113545816734,-271.9230696262566,5150.0,0.8590346674455642,0.9459323153854564,0.007798265183389795,False
CR544Q04TT,85295.125,99964.1775,-14669.052500000005,1548.0,0.8783873540597854,0.9548696302707956,0.007795199635082083,False
CR567Q11V,1.0,1.0237388724035608,-0.023738872403560762,2805.0,0.5523116113717041,0.734948962367617,0.007681612053394668,False
CR562Q07V,1.0666666666666667,1.0421792618629173,0.024487404803749335,4386.0,0.5871543329301638,0.7597620612701842,0.007601912282852203,False
CR432Q06S,0.0,0.04028436018957346,-0.04028436018957346,1012.5,0.6512029714717941,0.8040827899491884,0.0074972588132422415,False
CR543Q01V,1.0666666666666667,1.0411931818181819,0.025473484848484773,5436.0,0.5530173990755187,0.734948962367617,0.007308909238364272,False
CR543Q10V,1.0714285714285714,1.0506512301013025,0.02077734132726894,4983.0,0.5750872561052582,0.7521776175090997,0.00728859012437807,False
CR544Q04VS,0.0,0.0325,-0.0325,1552.0,0.6230974196614156,0.7882788236453528,0.007195568893921923,False
CR111Q02BV,1.1666666666666667,1.150943396226415,0.01572327044025168,5835.0,0.7665128078753571,0.8965000460890978,0.007166020891065013,False
CR543Q04VS,0.07142857142857142,0.04184704184704185,0.029581529581529577,4994.5,0.588262372682497,0.7597620612701842,0.007133218926415306,False
CR565Q03V,1.1666666666666667,1.1804788213627992,-0.013812154696132506,3167.5,0.7676032264106446,0.8965041122976939,0.006991410091452611,False
CR460Q05VS,0.058823529411764705,0.034482758620689655,0.02434077079107505,5815.5,0.5624432567327727,0.7419208808129212,0.006938774352515179,False
CR549Q05A,96.05555555555556,101.4142259414226,-5.358670385867043,4211.0,0.8794565802825423,0.955191856967682,0.006844831820744556,False
CR456Q01V,1.0,1.0295420974889218,-0.02954209748892178,4606.0,0.5268873407132731,0.7109527872506611,0.006843713824886389,False
CR549Q10V,1.1875,1.0597014925373134,0.12779850746268662,3835.0,0.671255153722734,0.8190240572569588,0.00683649182453341,False
CR561Q04V,1.09375,1.1871657754010696,-0.0934157754010696,8821.5,0.7599038006947664,0.890275921951404,0.006730419246401003,False
CR455Q03VS,0.0625,0.04452690166975881,0.01797309833024119,4412.0,0.641406788742553,0.7969640761564557,0.006715098102274415,False
CR565Q05V,1.0909090909090908,1.1648148148148147,-0.07390572390572392,2889.0,0.7802859117083918,0.9006574445248737,0.006601415690920952,False
CR540Q01V,1.0714285714285714,1.0484581497797356,0.02297042164883578,4896.0,0.6289190167844159,0.7899836430340833,0.0065803006606801875,False
CR553Q05TT,39391.46666666667,40053.53873873874,-662.072072072071,4064.0,0.8762644333561698,0.9534003869966777,0.006555098929933283,False
CR545Q02VS,0.02631578947368421,0.008337965536409116,0.017977823937275095,69665.0,0.06787201900114594,0.20937131239938025,0.006508720283733403,False
CR543Q01VS,0.0,0.02556818181818182,-0.02556818181818182,5145.0,0.5323419039920485,0.7151897753632304,0.006325017610122927,False
CR543Q13V,1.0769230769230769,1.0611353711790392,0.01578770574403765,4585.0,0.6625799798691243,0.8124492610299977,0.006253173152854711,False
CR055Q02VS,0.0,0.03322259136212625,-0.03322259136212625,2925.0,0.5924391601326189,0.7619716981518386,0.0061959136248683185,False
CR055Q01V,1.1,1.0901639344262295,0.009836065573770592,3136.5,0.7308138736241772,0.8660459710445666,0.00618301312139431,False
CR552Q09F,28081.55,27218.41782729805,863.1321727019495,3647.0,0.9056786678915167,0.9713475509239824,0.006140331996497887,False
CR561Q01S,0.3548387096774194,0.33941605839416056,0.015422651283258815,8625.0,0.860689506005669,0.9459323153854564,0.006008104998781096,False
CR590Q45TT,3166.132075471698,3651.025974025974,-484.8938985542759,33212.5,0.8311637454723169,0.932230843379114,0.0059530459180970885,False
CR542Q01VS,0.03333333333333333,0.01772525849335303,0.015608074839980304,10328.0,0.48122485383095814,0.6766711255233951,0.005943680125566796,False
CR544Q06TT,46179.57142857143,39621.56313131313,6558.008297258297,1422.0,0.9074885929658849,0.9713475509239824,0.005870205502807866,False
CR220Q01VS,0.05,0.017543859649122806,0.0324561403508772,92558.0,0.24983403298186968,0.47361175577544623,0.005723478756315826,False
CR569Q06V,1.0,1.0215716486902928,-0.02157164869029282,5080.0,0.554735047295257,0.735291445627107,0.005721084584550655,False
CR566Q09V,1.0,1.0490998363338788,-0.04909983633387882,2072.0,0.6384266171486058,0.7962616536787859,0.005695122645732294,False
CR549Q13SC,0.6153846153846154,0.5958429561200924,0.019541659264523004,2869.5,0.8886126643310429,0.963443204485236,0.005687435667815499,False
CR220Q04VS,0.010101010101010102,0.03287671232876712,-0.022775702227757016,89015.5,0.353589423766586,0.5819809764948524,0.0055982868272884375,False
CR552Q04A,70.24,72.51724137931035,-2.277241379310354,4294.5,0.9155757500694024,0.9747214703581235,0.005518661581546801,False
CR549Q04VS,0.0,0.016597510373443983,-0.016597510373443983,4503.0,0.5742422064922303,0.7518679737546575,0.005485714157498239,False
CR432Q01TT,84663.25,78660.40210526316,6002.847894736842,1853.0,0.9054527338353665,0.9713475509239824,0.005462613031889387,False
CR541Q11V,1.0769230769230769,1.0778894472361809,-0.0009663703131039814,2633.5,0.7882135530763297,0.9037402148444744,0.005442028912402567,False
CR550Q07V,1.0476190476190477,1.075050709939148,-0.027431662320100303,5094.5,0.7702377145485538,0.8972797504071749,0.005426080023027249,False
CR562Q06V,1.0666666666666667,1.1039861351819757,-0.037319468515309095,4243.5,0.7910684909947023,0.9044745555968915,0.005278957589380932,False
CR559Q03V,1.1325301204819278,1.1388888888888888,-0.006358768406961035,78862.5,0.6417199407376901,0.7969640761564557,0.005278297560756112,False
CR111Q02BA,129.08333333333334,115.72536687631028,13.357966457023068,5805.5,0.9067686455106717,0.9713475509239824,0.005261537861457644,False
CR559Q03VS,0.0,0.016025641025641024,-0.016025641025641024,76526.0,0.26207797761109064,0.4915453419230775,0.005222121554362369,False
CR547Q03VS,0.0,0.019230769230769232,-0.019230769230769232,3450.0,0.6129768812712894,0.7802671732763272,0.005130705311755271,False
CR563Q12V,1.0,1.0356037151702786,-0.035603715170278605,1878.0,0.6644658790846103,0.8139542384029517,0.005116460206303261,False
CR404Q06A,2.9047619047619047,3.450892857142857,-0.5461309523809526,4637.0,0.9105778249406457,0.9713475509239824,0.00509661022317893,False
CR547Q02VS,0.0,0.016985138004246284,-0.016985138004246284,3472.5,0.6141208694242868,0.7804763614278946,0.005082801800323707,False
CR563Q12A,75.66666666666667,53.87616099071207,21.7905056759546,1996.5,0.8985307003023691,0.9707901622147974,0.00498854870114568,False
CR562Q03F,35662.5,39346.46351084812,-3683.9635108481234,2984.0,0.9108347989651259,0.9713475509239824,0.004958366939040771,False
CR453Q05VS,0.045454545454545456,0.02894356005788712,0.016510985396658337,7726.5,0.6535654275843508,0.8053007501238881,0.004941856313150369,False
CR560Q06VS,0.0,0.017495899398578457,-0.017495899398578457,66674.0,0.29286381236379355,0.5207310960484721,0.004941747286602153,False
CR559Q06V,1.0963855421686748,1.1019754404698345,-0.005589898301159746,78812.5,0.625770828687477,0.7887485378506277,0.004863302757141067,False
CR540Q03TT,24506.666666666668,25855.313146233384,-1348.6464795667162,4148.0,0.9004466798113678,0.971162387649957,0.004793690166433025,False
CR544Q13A,40.8,54.31233595800525,-13.512335958005252,975.5,0.9274508553227409,0.9839736113123672,0.004723042289287108,False
CR550Q05TT,58997.454545454544,55433.20641282565,3564.2481326288907,5563.0,0.9152961868313478,0.9747214703581235,0.004691444860934145,False
CR567Q10A,1.9411764705882353,1.8254437869822486,0.11573268360598665,2909.0,0.9269894321112879,0.9839736113123672,0.0046277632980496215,False
CR569Q02V,1.1111111111111112,1.1024464831804281,0.008664627930683011,5789.0,0.793991048369506,0.9044745555968915,0.00460516358591356,False
CR541Q05V,1.1428571428571428,1.1531100478468899,-0.01025290498974707,2883.5,0.8523728537904278,0.9425217850191046,0.004449811076746431,False
CR553Q07V,1.0,1.0163934426229508,-0.016393442622950838,3780.0,0.6321611504405074,0.7924454177935771,0.004417608582047376,False
CR561Q01V,1.125,1.132867132867133,-0.00786713286713292,9048.0,0.8399795597233494,0.9354809773391543,0.004405090164915371,False
CR540Q03V,1.0833333333333333,1.106351550960118,-0.023018217626784798,4141.0,0.7817607477879013,0.9006574445248737,0.00440350608311871,False
CR460Q05V,1.0588235294117647,1.055472263868066,0.0033512655436986893,5762.0,0.7432086778210151,0.8771386978304159,0.004396141284983932,False
CR545Q04VS,0.02702702702702703,0.017260579064587972,0.009766447962439057,67317.0,0.35802626438078,0.582261268531884,0.004394201899056613,False
CR568Q13A,119.44444444444444,87.72802197802197,31.716422466422472,1664.5,0.9350831663585871,0.9886764701618594,0.004294121549385031,False
CR542Q08VS,0.037037037037037035,0.025718608169440244,0.011318428867596791,9037.5,0.6766838068674432,0.824833516063274,0.004293475929584673,False
CR566Q12V,1.0,1.0313531353135315,-0.031353135313531455,2072.0,0.6874577733532551,0.8322211634325399,0.004248023867213487,False
CR545Q03V,1.2533333333333334,1.2319243604004448,0.02140897293288857,68268.0,0.7666671106117932,0.8965000460890978,0.00424462219147803,False
CR542Q05A,1.7241379310344827,2.1199400299850075,-0.39580209895052487,9553.0,0.9054013591363793,0.9713475509239824,0.004237659410316765,False
CR562Q02V,1.0625,1.0538720538720538,0.008627946127946151,4823.5,0.7818638231423084,0.9006574445248737,0.004161576940193663,False
CR552Q04V,1.16,1.1752873563218391,-0.015287356321839196,4309.0,0.8935474901048632,0.9668302717958092,0.004076849096277817,False
CR404Q07A,5.75,6.302690582959642,-0.5526905829596416,4408.5,0.9302533793710835,0.9844119665262494,0.004049151499455002,False
CR590Q24S,0.9298245614035088,0.9193109700815957,0.010513591321913096,31766.0,0.7760500643430476,0.9004331679438436,0.0039345203718385065,False
CR542Q01V,1.1666666666666667,1.1979320531757756,-0.03126538650910882,10267.5,0.86889916425407,0.9491741439510063,0.0038651099082443042,False
CR542Q02V,1.3333333333333333,1.2065378900445765,0.1267954432887568,10206.5,0.8715703588659551,0.9508040278537693,0.0038639663786640475,False
CR562Q05V,1.0666666666666667,1.1099656357388317,-0.04329896907216502,4304.0,0.8442200171279355,0.9358349248162585,0.0037850844937690658,False
CR545Q06V,1.1506849315068493,1.1399108138238574,0.010774117682991857,66211.0,0.7384966849785451,0.8726404422882235,0.0037417971408938494,False
CR558Q02VS,0.0,0.010416666666666666,-0.010416666666666666,5225.0,0.6338843953324046,0.7938005193828288,0.0036896528151208487,False
CR220Q05VS,0.01020408163265306,0.022478070175438597,-0.012273988542785537,88521.5,0.5025772959884829,0.6948384092189763,0.003641756478216254,False
CR102Q04VS,0.0,0.017897091722595078,-0.017897091722595078,1317.0,0.7464077376095851,0.878628536843283,0.0035399363279923278,False
CR550Q10VS,0.0,0.009881422924901186,-0.009881422924901186,5761.5,0.6352245758911395,0.7946736597180651,0.003487012630548449,False
CR455Q02V,1.05,1.0689655172413792,-0.01896551724137918,5453.0,0.8491917684569696,0.9405027113018051,0.0032912328789980656,False
CR547Q09VS,0.07692307692307693,0.08008658008658008,-0.0031635031635031535,3036.5,0.8744635210842853,0.9530131386317667,0.0031491437462619434,False
CR559Q04V,1.180722891566265,1.2167645488521088,-0.03604165728584374,77050.0,0.8216317913526557,0.9265847574013526,0.0030513520069042985,False
CR553Q04VS,0.0,0.010657193605683837,-0.010657193605683837,4456.0,0.6815035031057852,0.8274443318651773,0.003023182695205625,False
CR547Q09V,1.3076923076923077,1.3744588744588744,-0.06676656676656667,3034.0,0.9294929033923647,0.9844119665262494,0.0029141330189289623,False
CR566Q14V,1.1428571428571428,1.18370607028754,-0.04084892743039714,2226.0,0.8994073190863456,0.9708885994678805,0.0028911857641748234,False
CR560Q08V,1.0675675675675675,1.0672498633132859,0.00031770425428168103,68256.5,0.7576519253824228,0.8893236275144107,0.0028863959376700266,False
CR550Q04VS,0.0,0.01,-0.01,5704.0,0.6704635922081982,0.8188666007602105,0.0028384617525145698,False
CR455Q03V,1.25,1.1706864564007422,0.0793135435992578,4354.0,0.9092555280918733,0.9713475509239824,0.002820341202955254,False
CR545Q03VS,0.02666666666666667,0.020578420467185762,0.006088246199480906,67981.5,0.6054659493490976,0.7746955625212056,0.00280205486305756,False
CR570Q08VS,0.058823529411764705,0.07435508345978756,-0.015531554048022853,5546.5,0.8751374695364526,0.9530131386317667,0.0026608381718314883,False
CR543Q04V,1.0714285714285714,1.077922077922078,-0.006493506493506551,4904.0,0.8654703380823091,0.9474945419572489,0.0026345686627178484,False
CR455Q04V,1.375,1.1816479400749065,0.19335205992509352,4309.0,0.9202445125058679,0.9782323695045206,0.0025188632090670645,False
CR543Q04A,1.7857142857142858,1.8932178932178931,-0.10750360750360732,4899.5,0.9459897079691364,0.9984998113149894,0.002410878870600295,False
CR466Q03S,0.07692307692307693,0.08495145631067962,-0.008028379387602688,2656.5,0.9204565094933314,0.9782323695045206,0.002391715588779845,False
CR553Q02TT,57416.294117647056,50969.99294532628,6446.301172320775,4859.0,0.9546301725177649,1.0,0.0023844453433679003,False
CR541Q10TT,43610.07692307692,32125.65024630542,11484.426676771502,2659.0,0.9638126314737875,1.0,0.002273287003525478,False
CR545Q06VS,0.0273972602739726,0.02508361204013378,0.0023136482338388213,65918.5,0.6960069502392154,0.8384645131536748,0.002242515409782273,False
CR559Q01VS,0.0,0.006406833956219968,-0.006406833956219968,77231.5,0.46505423839653703,0.6606977455840457,0.002236310963117499,False
CR220Q02VS,0.03,0.027945205479452055,0.0020547945205479437,91777.0,0.7159302603921872,0.8533170702456542,0.002219352544832371,False
CR559Q08V,1.0365853658536586,1.0464495461825947,-0.0098641803289361,76312.0,0.7833387968157275,0.9006574445248737,0.002174212951384557,False
CR567Q11F,24646.333333333332,25314.589171974523,-668.2558386411911,2368.0,0.9722932188950816,1.0,0.001991446313030095,False
CR561Q04VS,0.03125,0.04634581105169341,-0.015095811051693407,8935.0,0.8932457637021888,0.9668302717958092,0.001786065948883114,False
CR553Q01TT,20333.625,19307.063829787236,1026.5611702127644,4540.0,0.9668143335751964,1.0,0.0017589238918815622,False
CR570Q06VS,0.058823529411764705,0.05829596412556054,0.0005275652862041652,5722.0,0.910591726283443,0.9713475509239824,0.0016797360001366893,False
CR565Q09S,0.375,0.36767676767676766,0.007323232323232343,1994.5,0.9672145863816843,1.0,0.001585301138603776,False
CR563Q02F,13500.4,15423.472039473685,-1923.0720394736854,1534.5,0.9716830421535456,1.0,0.0014849348868597528,False
CR543Q03V,1.1428571428571428,1.0848920863309353,0.05796505652620754,4895.0,0.9295110182677848,0.9844119665262494,0.0014849203725885753,False
CR404Q03S,0.65,0.6459770114942529,0.004022988505747116,4367.5,0.9715220688422079,1.0,0.0014268585624228763,False
CR552Q09V,1.1538461538461537,1.1622340425531914,-0.00838788870703766,4872.0,0.9616435981540522,1.0,0.001392722075932951,False
CR541Q10V,1.1538461538461537,1.1428571428571428,0.01098901098901095,2651.0,0.9529776324147615,1.0,0.0013639722021152867,False
CR570Q08F,14941.25,19884.776886035314,-4943.5268860353135,5008.0,0.9742883756277174,1.0,0.0013021392622823526,False
CR460Q01VS,0.0,0.004392386530014641,-0.004392386530014641,6120.0,0.7822643615143215,0.9006574445248737,0.0012024865231998784,False
CR552Q04F,24744.470588235294,22292.88028169014,2451.590306545153,2421.0,0.9851224363054037,1.0,0.0011574928394755249,False
CR219Q01VS,0.0,0.004524886877828055,-0.004524886877828055,4950.0,0.7986360444903864,0.907469778687679,0.001151916537650521,False
CR567Q06S,0.7142857142857143,0.7116104868913857,0.002675227394328572,1874.0,0.9845596435537634,1.0,0.0010063829368364625,False
CR558Q02V,1.0454545454545454,1.0583333333333333,-0.012878787878787934,5265.0,0.9529801808699397,1.0,0.0010062689495784131,False
CR549Q12A,4.375,4.899357601713062,-0.5243576017130618,3747.0,0.9844204353740326,1.0,0.0009117350071502848,False
CR552Q03V,1.16,1.171195652173913,-0.011195652173913162,4591.0,0.9782841045751262,1.0,0.0008260281212946228,False
CR404Q10VS,0.0,0.0022522522522522522,-0.0022522522522522522,4430.0,0.8402089057246978,0.9354809773391543,0.0007914047879853402,False
CR560Q06A,2.054054054054054,2.396938217605249,-0.342884163551195,67830.0,0.9713278387777267,1.0,0.0007766309549514896,False
CR567Q04V,1.0434782608695652,1.0646067415730338,-0.02112848070346862,4086.5,0.9694175170004173,1.0,0.0007565742676465919,False
CR466Q02VS,0.0,0.0021691973969631237,-0.0021691973969631237,4600.0,0.8431438582166811,0.9354809773391543,0.000749254060423061,False
CR541Q01V,1.0666666666666667,1.0818181818181818,-0.015151515151515138,3292.0,0.9726366305761631,1.0,0.0007488942956825241,False
CR547Q07SC,0.5833333333333334,0.5859728506787331,-0.002639517345399689,2645.0,0.9864452933578157,1.0,0.0007325770019516616,False
CR569Q01V,1.1111111111111112,1.0707831325301205,0.04032797858099069,5990.0,0.96714480770155,1.0,0.0006499737647032446,False
CR547Q07SA,0.6666666666666666,0.668918918918919,-0.0022522522522523403,2658.0,0.9880490699700135,1.0,0.0006237624743177225,False
CR455Q02VS,0.0,0.0018148820326678765,-0.0018148820326678765,5500.0,0.8563727351477219,0.9450684827165932,0.0005774092770172044,False
CR553Q02V,1.0588235294117647,1.0687830687830688,-0.009959539371304116,4827.5,0.9781807451343867,1.0,0.00048292563916311907,False
CR559Q06VS,0.012048192771084338,0.011745862253069941,0.00030233051801439696,77835.0,0.9069994487656965,0.9713475509239824,0.0004737566397768999,False
CR432Q01VS,0.0,0.002105263157894737,-0.002105263157894737,1896.0,0.9095905654482328,0.9713475509239824,0.00046490323675654364,False
CR453Q01VS,0.0,0.0014204545454545455,-0.0014204545454545455,8436.0,0.8595523625100794,0.9459323153854564,0.00043898579252848194,False
CR565Q01A,4.285714285714286,4.579234972677596,-0.29352068696331024,3848.5,0.9932970662468417,1.0,0.0003856642412898504,False
CR553Q04F,64944.07142857143,37368.09016393442,27575.981264637005,3420.5,0.9940361218465048,1.0,0.00037531278325982575,False
CR055Q05VS,0.0,0.0016806722689075631,-0.0016806722689075631,2970.0,0.9071162784340104,0.9713475509239824,0.00037084134290072833,False
CR540Q01VS,0.0,0.0014684287812041115,-0.0014684287812041115,4760.0,0.8940833338694255,0.9668302717958092,0.00035707057848652184,False
CR556Q12VS,0.0,0.0015625,-0.0015625,3195.0,0.91042696974349,0.9713475509239824,0.00033283076849014397,False
CR560Q03VS,0.013513513513513514,0.014215418261344996,-0.0007019047478314822,67735.0,0.9452588716625613,0.9984998113149894,0.0003066950267961296,False
CR541Q09V,1.1538461538461537,1.1365853658536584,0.017260787992495308,2663.0,0.9941488538895367,1.0,0.000224080416060322,False
CR565Q08F,10321.125,10497.887128712871,-176.76212871287134,2018.0,0.997122939836336,1.0,0.00021227052502317551,False
CR559Q08VS,0.0,0.0005339028296849973,-0.0005339028296849973,76752.0,0.8362557817334054,0.9353956074411667,0.00018532792309099136,False
CR560Q08VS,0.0,0.0005467468562055768,-0.0005467468562055768,67636.0,0.842711215669037,0.9354809773391543,0.00018302767728156123,False
CR560Q10VS,0.0,0.000546448087431694,-0.000546448087431694,67673.0,0.8427536357045935,0.9354809773391543,0.0001828815863958057,False
CR545Q07VS,0.0,0.0,0.0,65481.0,1.0,1.0,0.0,False
CR220Q06VS,0.0,0.0,0.0,89376.0,1.0,1.0,0.0,False
CR565Q09VS,0.0,0.0,0.0,2680.0,1.0,1.0,0.0,False
CR547Q10VS,0.0,0.0,0.0,2760.0,1.0,1.0,0.0,False
CR558Q12VS,0.0,0.0,0.0,4194.0,1.0,1.0,0.0,False
CR455Q05VS,0.0,0.0,0.0,4248.0,1.0,1.0,0.0,False
CR540Q06VS,0.0,0.0,0.0,3646.5,1.0,1.0,0.0,False
CR542Q09VS,0.0,0.0,0.0,8237.5,1.0,1.0,0.0,False
CR561Q08VS,0.0,0.0,0.0,8250.0,1.0,1.0,0.0,False
CR564Q05VS,0.0,0.0,0.0,3385.0,1.0,1.0,0.0,False
CR549Q13VS,0.0,0.0,0.0,3712.0,1.0,1.0,0.0,False
CR055Q01VS,0.0,0.0,0.0,3050.0,1.0,1.0,0.0,False
CR111Q01VS,0.0,0.0,0.0,5975.0,1.0,1.0,0.0,False
CR111Q06VS,0.0,0.0,0.0,5628.0,1.0,1.0,0.0,False
CR466Q06VS,0.0,0.0,0.0,3536.0,1.0,1.0,0.0,False
CR550Q07VS,0.0,0.0,0.0,5176.5,1.0,1.0,0.0,False
CR562Q07VS,0.0,0.0,0.0,4267.5,1.0,1.0,0.0,False
CR569Q06VS,0.0,0.0,0.0,5192.0,1.0,1.0,0.0,False
CR553Q07VS,0.0,0.0,0.0,3843.0,1.0,1.0,0.0,False
CR456Q01VS,0.0,0.0,0.0,4739.0,1.0,1.0,0.0,False
CR456Q06VS,0.0,0.0,0.0,4648.0,1.0,1.0,0.0,False
CR446Q03VS,0.0,0.0,0.0,4599.0,1.0,1.0,0.0,False
CR446Q06VS,0.0,0.0,0.0,4231.5,1.0,1.0,0.0,False
CR453Q06VS,0.0,0.0,0.0,7546.0,1.0,1.0,0.0,False
CR552Q08VS,0.0,0.0,0.0,4312.5,1.0,1.0,0.0,False
CR556Q12SD,0.3333333333333333,0.3333333333333333,0.0,1620.0,1.0,1.0,0.0,False
CR568Q14VS,0.0,0.0,0.0,2388.0,1.0,1.0,0.0,False
CR568Q13VS,0.0,0.0,0.0,1638.0,1.0,1.0,0.0,False
CR541Q11VS,0.0,0.0,0.0,2587.0,1.0,1.0,0.0,False
CR543Q15VS,0.0,0.0,0.0,4472.0,1.0,1.0,0.0,False
CR544Q14VS,0.0,0.0,0.0,932.5,1.0,1.0,0.0,False
CR563Q12VS,0.0,0.0,0.0,1938.0,1.0,1.0,0.0,False
CR570Q10VS,0.0,0.0,0.0,5584.5,1.0,1.0,0.0,False
CR566Q12VS,0.0,0.0,0.0,2121.0,1.0,1.0,0.0,False
CR567Q11VS,0.0,0.0,0.0,2864.5,1.0,1.0,0.0,False
CR567Q13VS,0.0,0.0,0.0,3675.0,1.0,1.0,0.0,False
CR219Q02VS,0.0,0.0,0.0,3235.0,1.0,1.0,0.0,False
CR460Q06VS,0.0,0.0,0.0,5320.0,1.0,1.0,0.0,False
CR102Q07VS,0.0,0.0,0.0,,,,,False
CR432Q06VS,0.0,0.0,0.0,1848.0,1.0,1.0,0.0,False
