2026-05-31 21:39:45,742 - src.data_layer - INFO - 📂 Loading data from: /Users/macbookair/Desktop/Resiliencia criativa/pisa_brasil_estudo_limpo.csv
2026-05-31 21:39:46,030 - src.data_layer - INFO - ✓ Loaded 3,834 rows × 1275 columns
2026-05-31 21:39:46,041 - src.data_layer - INFO - 💾 Memory usage: 18.9 MB
2026-05-31 21:39:46,041 - src.data_layer - INFO - ================================================================================
2026-05-31 21:39:46,041 - src.data_layer - INFO - 🔍 STARTING DATA VALIDATION
2026-05-31 21:39:46,041 - src.data_layer - INFO - ================================================================================
2026-05-31 21:39:46,041 - src.data_layer - INFO - ✓ Dataset shape: 3,834 × 1275
2026-05-31 21:39:46,064 - src.data_layer - INFO - ✓ All 1275 columns are valid numeric/string
2026-05-31 21:39:46,064 - src.data_layer - WARNING - ⚠️  LEAKAGE FEATURE DETECTED: 'CRT_SCORE' must be removed
2026-05-31 21:39:46,064 - src.data_layer - WARNING - ⚠️  LEAKAGE FEATURE DETECTED: 'Status' must be removed
2026-05-31 21:39:46,064 - src.data_layer - WARNING - ⚠️  LEAKAGE FEATURE DETECTED: 'Grupo_ESCS' must be removed
2026-05-31 21:39:46,064 - src.data_layer - WARNING - ⚠️  LEAKAGE FEATURE DETECTED: 'CNTSTUID' must be removed
2026-05-31 21:39:46,064 - src.data_layer - WARNING - ⚠️  LEAKAGE FEATURE DETECTED: 'W_FSTUWT' must be removed
2026-05-31 21:39:46,130 - src.data_layer - INFO - ✓ No duplicate rows
2026-05-31 21:39:46,146 - src.data_layer - WARNING - ⚠️  1018 columns have >80% missing:
2026-05-31 21:39:46,146 - src.data_layer - WARNING -     - CR567Q06S: 92.67%
2026-05-31 21:39:46,146 - src.data_layer - WARNING -     - CR543Q13S: 92.46%
2026-05-31 21:39:46,146 - src.data_layer - WARNING -     - CR567Q06F: 92.23%
2026-05-31 21:39:46,146 - src.data_layer - WARNING -     - CR552Q04F: 92.15%
2026-05-31 21:39:46,146 - src.data_layer - WARNING -     - CR561Q06S: 92.15%
2026-05-31 21:39:46,146 - src.data_layer - WARNING -     - CR567Q11SF: 91.94%
2026-05-31 21:39:46,146 - src.data_layer - WARNING -     - CR567Q11SD: 91.91%
2026-05-31 21:39:46,146 - src.data_layer - WARNING -     - CR567Q13S: 91.89%
2026-05-31 21:39:46,146 - src.data_layer - WARNING -     - CR567Q11SC: 91.84%
2026-05-31 21:39:46,146 - src.data_layer - WARNING -     - CR567Q11SA: 91.81%
2026-05-31 21:39:46,148 - src.data_layer - INFO - ✓ Target variable 'Creative_Resilience':
2026-05-31 21:39:46,148 - src.data_layer - INFO -     - 0.0: 3,670 (95.72%)
2026-05-31 21:39:46,148 - src.data_layer - INFO -     - 1.0: 164 (4.28%)
2026-05-31 21:39:46,148 - src.data_layer - INFO - ================================================================================
2026-05-31 21:39:46,148 - src.data_layer - INFO - ✓ VALIDATION COMPLETE
2026-05-31 21:39:46,148 - src.data_layer - INFO - ================================================================================
2026-05-31 21:39:46,148 - src.data_layer - INFO - 📊 Generating dataset profile...
2026-05-31 21:39:46,897 - src.data_layer - INFO - ✓ Profile generated: 6 sections
2026-05-31 21:39:46,906 - src.data_layer - INFO - ✓ Profile saved to /Users/macbookair/Desktop/Resiliencia criativa/data/processed/dataset_profile.json
2026-05-31 21:43:11,283 - __main__ - INFO - 
🔥🔥🔥🔥🔥🔥🔥🔥🔥🔥🔥🔥🔥🔥🔥🔥🔥🔥🔥🔥🔥🔥🔥🔥🔥🔥🔥🔥🔥🔥🔥🔥🔥🔥🔥🔥🔥🔥🔥🔥
2026-05-31 21:43:11,283 - __main__ - INFO - 🧪 COMPLETE PIPELINE TEST SUITE
2026-05-31 21:43:11,283 - __main__ - INFO - 🔥🔥🔥🔥🔥🔥🔥🔥🔥🔥🔥🔥🔥🔥🔥🔥🔥🔥🔥🔥🔥🔥🔥🔥🔥🔥🔥🔥🔥🔥🔥🔥🔥🔥🔥🔥🔥🔥🔥🔥
2026-05-31 21:43:11,283 - __main__ - INFO - 
================================================================================
2026-05-31 21:43:11,283 - __main__ - INFO - TEST 1: DATA LOADING & VALIDATION
2026-05-31 21:43:11,283 - __main__ - INFO - ================================================================================
2026-05-31 21:43:11,283 - src.data_layer - INFO - 📂 Loading data from: /Users/macbookair/Desktop/Resiliencia criativa/pisa_brasil_estudo_limpo.csv
2026-05-31 21:43:11,608 - src.data_layer - INFO - ✓ Loaded 3,834 rows × 1275 columns
2026-05-31 21:43:11,618 - src.data_layer - INFO - 💾 Memory usage: 18.9 MB
2026-05-31 21:43:11,618 - __main__ - INFO - ✓ Shape correct: 3,834 × 1275
2026-05-31 21:43:11,620 - __main__ - INFO - ✓ Target distribution: {0.0: np.int64(3670), 1.0: np.int64(164)}
2026-05-31 21:43:11,620 - __main__ - INFO - ✓ All 6 key columns present
2026-05-31 21:43:11,620 - __main__ - INFO - 
================================================================================
2026-05-31 21:43:11,620 - __main__ - INFO - TEST 2: LEAKAGE DETECTION & DATA INTEGRITY
2026-05-31 21:43:11,620 - __main__ - INFO - ================================================================================
2026-05-31 21:43:11,620 - src.data_layer - INFO - ================================================================================
2026-05-31 21:43:11,620 - src.data_layer - INFO - 🔍 STARTING DATA VALIDATION
2026-05-31 21:43:11,620 - src.data_layer - INFO - ================================================================================
2026-05-31 21:43:11,620 - src.data_layer - INFO - ✓ Dataset shape: 3,834 × 1275
2026-05-31 21:43:11,643 - src.data_layer - INFO - ✓ All 1275 columns are valid numeric/string
2026-05-31 21:43:11,643 - src.data_layer - WARNING - ⚠️  LEAKAGE FEATURE DETECTED: 'CRT_SCORE' must be removed
2026-05-31 21:43:11,643 - src.data_layer - WARNING - ⚠️  LEAKAGE FEATURE DETECTED: 'Status' must be removed
2026-05-31 21:43:11,643 - src.data_layer - WARNING - ⚠️  LEAKAGE FEATURE DETECTED: 'Grupo_ESCS' must be removed
2026-05-31 21:43:11,643 - src.data_layer - WARNING - ⚠️  LEAKAGE FEATURE DETECTED: 'CNTSTUID' must be removed
2026-05-31 21:43:11,643 - src.data_layer - WARNING - ⚠️  LEAKAGE FEATURE DETECTED: 'W_FSTUWT' must be removed
2026-05-31 21:43:11,708 - src.data_layer - INFO - ✓ No duplicate rows
2026-05-31 21:43:11,723 - src.data_layer - WARNING - ⚠️  1018 columns have >80% missing:
2026-05-31 21:43:11,723 - src.data_layer - WARNING -     - CR567Q06S: 92.67%
2026-05-31 21:43:11,723 - src.data_layer - WARNING -     - CR543Q13S: 92.46%
2026-05-31 21:43:11,723 - src.data_layer - WARNING -     - CR567Q06F: 92.23%
2026-05-31 21:43:11,723 - src.data_layer - WARNING -     - CR552Q04F: 92.15%
2026-05-31 21:43:11,723 - src.data_layer - WARNING -     - CR561Q06S: 92.15%
2026-05-31 21:43:11,723 - src.data_layer - WARNING -     - CR567Q11SF: 91.94%
2026-05-31 21:43:11,723 - src.data_layer - WARNING -     - CR567Q11SD: 91.91%
2026-05-31 21:43:11,723 - src.data_layer - WARNING -     - CR567Q13S: 91.89%
2026-05-31 21:43:11,723 - src.data_layer - WARNING -     - CR567Q11SC: 91.84%
2026-05-31 21:43:11,723 - src.data_layer - WARNING -     - CR567Q11SA: 91.81%
2026-05-31 21:43:11,725 - src.data_layer - INFO - ✓ Target variable 'Creative_Resilience':
2026-05-31 21:43:11,725 - src.data_layer - INFO -     - 0.0: 3,670 (95.72%)
2026-05-31 21:43:11,725 - src.data_layer - INFO -     - 1.0: 164 (4.28%)
2026-05-31 21:43:11,725 - src.data_layer - INFO - ================================================================================
2026-05-31 21:43:11,725 - src.data_layer - INFO - ✓ VALIDATION COMPLETE
2026-05-31 21:43:11,725 - src.data_layer - INFO - ================================================================================
2026-05-31 21:43:11,725 - __main__ - INFO - ✓ All leakage features detected correctly
2026-05-31 21:43:11,725 - __main__ - INFO - ✓ No duplicate rows
2026-05-31 21:43:11,725 - __main__ - INFO - ✓ Target imbalance ratio: 22.4:1
2026-05-31 21:43:11,725 - __main__ - INFO - 
================================================================================
2026-05-31 21:43:11,725 - __main__ - INFO - TEST 3: PREPROCESSING PIPELINE STAGES
2026-05-31 21:43:11,725 - __main__ - INFO - ================================================================================
2026-05-31 21:43:11,744 - __main__ - INFO - 
Initial: X=3,834 × 1274, y=3,834
2026-05-31 21:43:11,744 - src.preprocessing_pipeline - INFO - 
📍 STAGE 1: Excluding leakage features
2026-05-31 21:43:11,744 - src.preprocessing_pipeline - INFO -   🚫 Removing 5 leakage features:
2026-05-31 21:43:11,744 - src.preprocessing_pipeline - INFO -       - CRT_SCORE
2026-05-31 21:43:11,744 - src.preprocessing_pipeline - INFO -       - Status
2026-05-31 21:43:11,744 - src.preprocessing_pipeline - INFO -       - Grupo_ESCS
2026-05-31 21:43:11,744 - src.preprocessing_pipeline - INFO -       - CNTSTUID
2026-05-31 21:43:11,744 - src.preprocessing_pipeline - INFO -       - W_FSTUWT
2026-05-31 21:43:11,747 - src.preprocessing_pipeline - INFO -   ✓ Result: 3,834 × 1269 (removed 5)
2026-05-31 21:43:11,747 - __main__ - INFO - After Stage 1 (exclude_leakage): 1269 columns
2026-05-31 21:43:11,747 - __main__ - INFO - ✓ All leakage features removed
2026-05-31 21:43:11,747 - src.preprocessing_pipeline - INFO - 
📍 STAGE 2: Imputing missing values
2026-05-31 21:43:11,751 - src.preprocessing_pipeline - INFO -   🗑️  Dropping 1018 columns with >80% missing
2026-05-31 21:43:22,970 - src.preprocessing_pipeline - INFO -   ✓ Result: 0.00% missing remaining
2026-05-31 21:43:22,971 - __main__ - INFO - After Stage 2 (impute_missing): 251 columns
2026-05-31 21:43:22,972 - __main__ - INFO - ✓ No missing values after imputation
2026-05-31 21:43:22,972 - src.preprocessing_pipeline - INFO - 
📍 STAGE 3: Scaling features
2026-05-31 21:43:22,980 - src.preprocessing_pipeline - INFO -   ✓ Mean: 0.000000, Std: 0.992161
2026-05-31 21:43:22,980 - __main__ - INFO - After Stage 3 (scale): 251 columns
2026-05-31 21:43:22,980 - __main__ - INFO - ✓ Features scaled (mean≈0, std≈1)
2026-05-31 21:43:22,980 - src.preprocessing_pipeline - INFO - 
📍 STAGE 4: Feature selection (RFE)
2026-05-31 21:43:22,980 - src.preprocessing_pipeline - INFO -   🔍 Selecting 150 from 251 features using RFE
2026-05-31 21:43:24,850 - src.preprocessing_pipeline - INFO -   ✓ Result: 150 features selected
2026-05-31 21:43:24,850 - __main__ - INFO - After Stage 4 (select_features): 150 columns
2026-05-31 21:43:24,850 - __main__ - INFO - ✓ Feature selection complete: 1269 → 150
2026-05-31 21:43:24,850 - __main__ - INFO - 
================================================================================
2026-05-31 21:43:24,850 - __main__ - INFO - TEST 4: STRATIFIED K-FOLD CREATION
2026-05-31 21:43:24,850 - __main__ - INFO - ================================================================================
2026-05-31 21:43:24,850 - src.preprocessing_pipeline - INFO - 
📍 Creating stratified K-Fold splits
2026-05-31 21:43:24,852 - src.preprocessing_pipeline - INFO -   Fold 0: train 3,067 (pos: 4.27%), test 767 (pos: 4.30%)
2026-05-31 21:43:24,852 - src.preprocessing_pipeline - INFO -   Fold 1: train 3,067 (pos: 4.27%), test 767 (pos: 4.30%)
2026-05-31 21:43:24,852 - src.preprocessing_pipeline - INFO -   Fold 2: train 3,067 (pos: 4.27%), test 767 (pos: 4.30%)
2026-05-31 21:43:24,852 - src.preprocessing_pipeline - INFO -   Fold 3: train 3,067 (pos: 4.27%), test 767 (pos: 4.30%)
2026-05-31 21:43:24,853 - src.preprocessing_pipeline - INFO -   Fold 4: train 3,068 (pos: 4.30%), test 766 (pos: 4.18%)
2026-05-31 21:43:24,853 - __main__ - INFO - ✓ Created 5 stratified folds
2026-05-31 21:43:24,853 - __main__ - INFO - ✓ Class distribution preserved in all folds
2026-05-31 21:43:24,853 - __main__ - INFO -   Original ratio: 4.28%
2026-05-31 21:43:24,853 - __main__ - INFO -   Fold ratios: [np.float32(0.042712748), np.float32(0.042712748), np.float32(0.042712748), np.float32(0.042712748), np.float32(0.04302477)]
2026-05-31 21:43:24,853 - __main__ - INFO - 
================================================================================
2026-05-31 21:43:24,853 - __main__ - INFO - TEST 5: DATA LEAKAGE VERIFICATION
2026-05-31 21:43:24,853 - __main__ - INFO - ================================================================================
2026-05-31 21:43:24,853 - __main__ - INFO - ✓ No direct leakage features present
2026-05-31 21:43:24,865 - __main__ - INFO - ✓ Max correlation with target: 0.2827 (acceptable)
2026-05-31 21:43:24,865 - __main__ - INFO - 
================================================================================
2026-05-31 21:43:24,865 - __main__ - INFO - TEST 6: REPRODUCIBILITY TEST
2026-05-31 21:43:24,865 - __main__ - INFO - ================================================================================
2026-05-31 21:43:24,881 - __main__ - INFO - Run 1: Processing...
2026-05-31 21:43:24,883 - src.preprocessing_pipeline - INFO - 
================================================================================
2026-05-31 21:43:24,883 - src.preprocessing_pipeline - INFO - 🚀 STARTING FULL PREPROCESSING PIPELINE
2026-05-31 21:43:24,883 - src.preprocessing_pipeline - INFO - ================================================================================
2026-05-31 21:43:24,883 - src.preprocessing_pipeline - INFO - ⏱️  Starting Full preprocessing...
2026-05-31 21:43:24,883 - src.preprocessing_pipeline - INFO - 
📍 STAGE 1: Excluding leakage features
2026-05-31 21:43:24,883 - src.preprocessing_pipeline - INFO -   🚫 Removing 5 leakage features:
2026-05-31 21:43:24,883 - src.preprocessing_pipeline - INFO -       - CRT_SCORE
2026-05-31 21:43:24,883 - src.preprocessing_pipeline - INFO -       - Status
2026-05-31 21:43:24,883 - src.preprocessing_pipeline - INFO -       - Grupo_ESCS
2026-05-31 21:43:24,883 - src.preprocessing_pipeline - INFO -       - CNTSTUID
2026-05-31 21:43:24,883 - src.preprocessing_pipeline - INFO -       - W_FSTUWT
2026-05-31 21:43:24,884 - src.preprocessing_pipeline - INFO -   ✓ Result: 3,834 × 1269 (removed 5)
2026-05-31 21:43:24,884 - src.preprocessing_pipeline - INFO - 
📍 STAGE 2: Imputing missing values
2026-05-31 21:43:24,887 - src.preprocessing_pipeline - INFO -   🗑️  Dropping 1018 columns with >80% missing
2026-05-31 21:43:36,776 - src.preprocessing_pipeline - INFO -   ✓ Result: 0.00% missing remaining
2026-05-31 21:43:36,777 - src.preprocessing_pipeline - INFO - 
📍 STAGE 3: Scaling features
2026-05-31 21:43:36,787 - src.preprocessing_pipeline - INFO -   ✓ Mean: 0.000000, Std: 0.992161
2026-05-31 21:43:36,787 - src.preprocessing_pipeline - INFO - 
📍 STAGE 4: Feature selection (RFE)
2026-05-31 21:43:36,787 - src.preprocessing_pipeline - INFO -   🔍 Selecting 150 from 251 features using RFE
2026-05-31 21:43:38,738 - src.preprocessing_pipeline - INFO -   ✓ Result: 150 features selected
2026-05-31 21:43:38,739 - src.preprocessing_pipeline - INFO - ✓ Full preprocessing completed in 13.86s
2026-05-31 21:43:38,739 - src.preprocessing_pipeline - INFO - 
================================================================================
2026-05-31 21:43:38,739 - src.preprocessing_pipeline - INFO - ✅ PREPROCESSING COMPLETE
2026-05-31 21:43:38,739 - src.preprocessing_pipeline - INFO - ================================================================================
2026-05-31 21:43:38,739 - __main__ - INFO - Run 2: Processing with same seed...
2026-05-31 21:43:38,761 - src.preprocessing_pipeline - INFO - 
================================================================================
2026-05-31 21:43:38,761 - src.preprocessing_pipeline - INFO - 🚀 STARTING FULL PREPROCESSING PIPELINE
2026-05-31 21:43:38,761 - src.preprocessing_pipeline - INFO - ================================================================================
2026-05-31 21:43:38,761 - src.preprocessing_pipeline - INFO - ⏱️  Starting Full preprocessing...
2026-05-31 21:43:38,761 - src.preprocessing_pipeline - INFO - 
📍 STAGE 1: Excluding leakage features
2026-05-31 21:43:38,761 - src.preprocessing_pipeline - INFO -   🚫 Removing 5 leakage features:
2026-05-31 21:43:38,761 - src.preprocessing_pipeline - INFO -       - CRT_SCORE
2026-05-31 21:43:38,761 - src.preprocessing_pipeline - INFO -       - Status
2026-05-31 21:43:38,761 - src.preprocessing_pipeline - INFO -       - Grupo_ESCS
2026-05-31 21:43:38,761 - src.preprocessing_pipeline - INFO -       - CNTSTUID
2026-05-31 21:43:38,761 - src.preprocessing_pipeline - INFO -       - W_FSTUWT
2026-05-31 21:43:38,765 - src.preprocessing_pipeline - INFO -   ✓ Result: 3,834 × 1269 (removed 5)
2026-05-31 21:43:38,765 - src.preprocessing_pipeline - INFO - 
📍 STAGE 2: Imputing missing values
2026-05-31 21:43:38,767 - src.preprocessing_pipeline - INFO -   🗑️  Dropping 1018 columns with >80% missing
2026-05-31 21:43:50,467 - src.preprocessing_pipeline - INFO -   ✓ Result: 0.00% missing remaining
2026-05-31 21:43:50,468 - src.preprocessing_pipeline - INFO - 
📍 STAGE 3: Scaling features
2026-05-31 21:43:50,477 - src.preprocessing_pipeline - INFO -   ✓ Mean: 0.000000, Std: 0.992161
2026-05-31 21:43:50,477 - src.preprocessing_pipeline - INFO - 
📍 STAGE 4: Feature selection (RFE)
2026-05-31 21:43:50,477 - src.preprocessing_pipeline - INFO -   🔍 Selecting 150 from 251 features using RFE
2026-05-31 21:43:52,412 - src.preprocessing_pipeline - INFO -   ✓ Result: 150 features selected
2026-05-31 21:43:52,412 - src.preprocessing_pipeline - INFO - ✓ Full preprocessing completed in 13.65s
2026-05-31 21:43:52,412 - src.preprocessing_pipeline - INFO - 
================================================================================
2026-05-31 21:43:52,412 - src.preprocessing_pipeline - INFO - ✅ PREPROCESSING COMPLETE
2026-05-31 21:43:52,412 - src.preprocessing_pipeline - INFO - ================================================================================
2026-05-31 21:43:52,412 - __main__ - ERROR - 
❌ UNEXPECTED ERROR: 'tuple' object has no attribute 'shape'
2026-05-31 21:44:05,492 - __main__ - INFO - 
🔥🔥🔥🔥🔥🔥🔥🔥🔥🔥🔥🔥🔥🔥🔥🔥🔥🔥🔥🔥🔥🔥🔥🔥🔥🔥🔥🔥🔥🔥🔥🔥🔥🔥🔥🔥🔥🔥🔥🔥
2026-05-31 21:44:05,492 - __main__ - INFO - 🧪 COMPLETE PIPELINE TEST SUITE
2026-05-31 21:44:05,492 - __main__ - INFO - 🔥🔥🔥🔥🔥🔥🔥🔥🔥🔥🔥🔥🔥🔥🔥🔥🔥🔥🔥🔥🔥🔥🔥🔥🔥🔥🔥🔥🔥🔥🔥🔥🔥🔥🔥🔥🔥🔥🔥🔥
2026-05-31 21:44:05,492 - __main__ - INFO - 
================================================================================
2026-05-31 21:44:05,492 - __main__ - INFO - TEST 1: DATA LOADING & VALIDATION
2026-05-31 21:44:05,492 - __main__ - INFO - ================================================================================
2026-05-31 21:44:05,492 - src.data_layer - INFO - 📂 Loading data from: /Users/macbookair/Desktop/Resiliencia criativa/pisa_brasil_estudo_limpo.csv
2026-05-31 21:44:05,829 - src.data_layer - INFO - ✓ Loaded 3,834 rows × 1275 columns
2026-05-31 21:44:05,840 - src.data_layer - INFO - 💾 Memory usage: 18.9 MB
2026-05-31 21:44:05,840 - __main__ - INFO - ✓ Shape correct: 3,834 × 1275
2026-05-31 21:44:05,842 - __main__ - INFO - ✓ Target distribution: {0.0: np.int64(3670), 1.0: np.int64(164)}
2026-05-31 21:44:05,842 - __main__ - INFO - ✓ All 6 key columns present
2026-05-31 21:44:05,842 - __main__ - INFO - 
================================================================================
2026-05-31 21:44:05,842 - __main__ - INFO - TEST 2: LEAKAGE DETECTION & DATA INTEGRITY
2026-05-31 21:44:05,842 - __main__ - INFO - ================================================================================
2026-05-31 21:44:05,842 - src.data_layer - INFO - ================================================================================
2026-05-31 21:44:05,842 - src.data_layer - INFO - 🔍 STARTING DATA VALIDATION
2026-05-31 21:44:05,842 - src.data_layer - INFO - ================================================================================
2026-05-31 21:44:05,842 - src.data_layer - INFO - ✓ Dataset shape: 3,834 × 1275
2026-05-31 21:44:05,866 - src.data_layer - INFO - ✓ All 1275 columns are valid numeric/string
2026-05-31 21:44:05,866 - src.data_layer - WARNING - ⚠️  LEAKAGE FEATURE DETECTED: 'CRT_SCORE' must be removed
2026-05-31 21:44:05,866 - src.data_layer - WARNING - ⚠️  LEAKAGE FEATURE DETECTED: 'Status' must be removed
2026-05-31 21:44:05,866 - src.data_layer - WARNING - ⚠️  LEAKAGE FEATURE DETECTED: 'Grupo_ESCS' must be removed
2026-05-31 21:44:05,866 - src.data_layer - WARNING - ⚠️  LEAKAGE FEATURE DETECTED: 'CNTSTUID' must be removed
2026-05-31 21:44:05,866 - src.data_layer - WARNING - ⚠️  LEAKAGE FEATURE DETECTED: 'W_FSTUWT' must be removed
2026-05-31 21:44:05,935 - src.data_layer - INFO - ✓ No duplicate rows
2026-05-31 21:44:05,950 - src.data_layer - WARNING - ⚠️  1018 columns have >80% missing:
2026-05-31 21:44:05,950 - src.data_layer - WARNING -     - CR567Q06S: 92.67%
2026-05-31 21:44:05,950 - src.data_layer - WARNING -     - CR543Q13S: 92.46%
2026-05-31 21:44:05,950 - src.data_layer - WARNING -     - CR567Q06F: 92.23%
2026-05-31 21:44:05,950 - src.data_layer - WARNING -     - CR552Q04F: 92.15%
2026-05-31 21:44:05,950 - src.data_layer - WARNING -     - CR561Q06S: 92.15%
2026-05-31 21:44:05,950 - src.data_layer - WARNING -     - CR567Q11SF: 91.94%
2026-05-31 21:44:05,950 - src.data_layer - WARNING -     - CR567Q11SD: 91.91%
2026-05-31 21:44:05,950 - src.data_layer - WARNING -     - CR567Q13S: 91.89%
2026-05-31 21:44:05,950 - src.data_layer - WARNING -     - CR567Q11SC: 91.84%
2026-05-31 21:44:05,950 - src.data_layer - WARNING -     - CR567Q11SA: 91.81%
2026-05-31 21:44:05,952 - src.data_layer - INFO - ✓ Target variable 'Creative_Resilience':
2026-05-31 21:44:05,952 - src.data_layer - INFO -     - 0.0: 3,670 (95.72%)
2026-05-31 21:44:05,952 - src.data_layer - INFO -     - 1.0: 164 (4.28%)
2026-05-31 21:44:05,952 - src.data_layer - INFO - ================================================================================
2026-05-31 21:44:05,952 - src.data_layer - INFO - ✓ VALIDATION COMPLETE
2026-05-31 21:44:05,952 - src.data_layer - INFO - ================================================================================
2026-05-31 21:44:05,952 - __main__ - INFO - ✓ All leakage features detected correctly
2026-05-31 21:44:05,952 - __main__ - INFO - ✓ No duplicate rows
2026-05-31 21:44:05,952 - __main__ - INFO - ✓ Target imbalance ratio: 22.4:1
2026-05-31 21:44:05,952 - __main__ - INFO - 
================================================================================
2026-05-31 21:44:05,952 - __main__ - INFO - TEST 3: PREPROCESSING PIPELINE STAGES
2026-05-31 21:44:05,952 - __main__ - INFO - ================================================================================
2026-05-31 21:44:05,972 - __main__ - INFO - 
Initial: X=3,834 × 1274, y=3,834
2026-05-31 21:44:05,972 - src.preprocessing_pipeline - INFO - 
📍 STAGE 1: Excluding leakage features
2026-05-31 21:44:05,972 - src.preprocessing_pipeline - INFO -   🚫 Removing 5 leakage features:
2026-05-31 21:44:05,972 - src.preprocessing_pipeline - INFO -       - CRT_SCORE
2026-05-31 21:44:05,972 - src.preprocessing_pipeline - INFO -       - Status
2026-05-31 21:44:05,972 - src.preprocessing_pipeline - INFO -       - Grupo_ESCS
2026-05-31 21:44:05,972 - src.preprocessing_pipeline - INFO -       - CNTSTUID
2026-05-31 21:44:05,972 - src.preprocessing_pipeline - INFO -       - W_FSTUWT
2026-05-31 21:44:05,975 - src.preprocessing_pipeline - INFO -   ✓ Result: 3,834 × 1269 (removed 5)
2026-05-31 21:44:05,976 - __main__ - INFO - After Stage 1 (exclude_leakage): 1269 columns
2026-05-31 21:44:05,976 - __main__ - INFO - ✓ All leakage features removed
2026-05-31 21:44:05,976 - src.preprocessing_pipeline - INFO - 
📍 STAGE 2: Imputing missing values
2026-05-31 21:44:05,980 - src.preprocessing_pipeline - INFO -   🗑️  Dropping 1018 columns with >80% missing
2026-05-31 21:44:17,834 - src.preprocessing_pipeline - INFO -   ✓ Result: 0.00% missing remaining
2026-05-31 21:44:17,834 - __main__ - INFO - After Stage 2 (impute_missing): 251 columns
2026-05-31 21:44:17,834 - __main__ - INFO - ✓ No missing values after imputation
2026-05-31 21:44:17,834 - src.preprocessing_pipeline - INFO - 
📍 STAGE 3: Scaling features
2026-05-31 21:44:17,845 - src.preprocessing_pipeline - INFO -   ✓ Mean: 0.000000, Std: 0.992161
2026-05-31 21:44:17,845 - __main__ - INFO - After Stage 3 (scale): 251 columns
2026-05-31 21:44:17,845 - __main__ - INFO - ✓ Features scaled (mean≈0, std≈1)
2026-05-31 21:44:17,845 - src.preprocessing_pipeline - INFO - 
📍 STAGE 4: Feature selection (RFE)
2026-05-31 21:44:17,846 - src.preprocessing_pipeline - INFO -   🔍 Selecting 150 from 251 features using RFE
2026-05-31 21:44:19,735 - src.preprocessing_pipeline - INFO -   ✓ Result: 150 features selected
2026-05-31 21:44:19,735 - __main__ - INFO - After Stage 4 (select_features): 150 columns
2026-05-31 21:44:19,735 - __main__ - INFO - ✓ Feature selection complete: 1269 → 150
2026-05-31 21:44:19,735 - __main__ - INFO - 
================================================================================
2026-05-31 21:44:19,735 - __main__ - INFO - TEST 4: STRATIFIED K-FOLD CREATION
2026-05-31 21:44:19,735 - __main__ - INFO - ================================================================================
2026-05-31 21:44:19,735 - src.preprocessing_pipeline - INFO - 
📍 Creating stratified K-Fold splits
2026-05-31 21:44:19,737 - src.preprocessing_pipeline - INFO -   Fold 0: train 3,067 (pos: 4.27%), test 767 (pos: 4.30%)
2026-05-31 21:44:19,738 - src.preprocessing_pipeline - INFO -   Fold 1: train 3,067 (pos: 4.27%), test 767 (pos: 4.30%)
2026-05-31 21:44:19,738 - src.preprocessing_pipeline - INFO -   Fold 2: train 3,067 (pos: 4.27%), test 767 (pos: 4.30%)
2026-05-31 21:44:19,738 - src.preprocessing_pipeline - INFO -   Fold 3: train 3,067 (pos: 4.27%), test 767 (pos: 4.30%)
2026-05-31 21:44:19,738 - src.preprocessing_pipeline - INFO -   Fold 4: train 3,068 (pos: 4.30%), test 766 (pos: 4.18%)
2026-05-31 21:44:19,738 - __main__ - INFO - ✓ Created 5 stratified folds
2026-05-31 21:44:19,738 - __main__ - INFO - ✓ Class distribution preserved in all folds
2026-05-31 21:44:19,738 - __main__ - INFO -   Original ratio: 4.28%
2026-05-31 21:44:19,738 - __main__ - INFO -   Fold ratios: [np.float32(0.042712748), np.float32(0.042712748), np.float32(0.042712748), np.float32(0.042712748), np.float32(0.04302477)]
2026-05-31 21:44:19,738 - __main__ - INFO - 
================================================================================
2026-05-31 21:44:19,738 - __main__ - INFO - TEST 5: DATA LEAKAGE VERIFICATION
2026-05-31 21:44:19,738 - __main__ - INFO - ================================================================================
2026-05-31 21:44:19,738 - __main__ - INFO - ✓ No direct leakage features present
2026-05-31 21:44:19,750 - __main__ - INFO - ✓ Max correlation with target: 0.2827 (acceptable)
2026-05-31 21:44:19,750 - __main__ - INFO - 
================================================================================
2026-05-31 21:44:19,750 - __main__ - INFO - TEST 6: REPRODUCIBILITY TEST
2026-05-31 21:44:19,750 - __main__ - INFO - ================================================================================
2026-05-31 21:44:19,770 - __main__ - INFO - Run 1: Processing...
2026-05-31 21:44:19,771 - src.preprocessing_pipeline - INFO - 
================================================================================
2026-05-31 21:44:19,771 - src.preprocessing_pipeline - INFO - 🚀 STARTING FULL PREPROCESSING PIPELINE
2026-05-31 21:44:19,771 - src.preprocessing_pipeline - INFO - ================================================================================
2026-05-31 21:44:19,771 - src.preprocessing_pipeline - INFO - ⏱️  Starting Full preprocessing...
2026-05-31 21:44:19,771 - src.preprocessing_pipeline - INFO - 
📍 STAGE 1: Excluding leakage features
2026-05-31 21:44:19,771 - src.preprocessing_pipeline - INFO -   🚫 Removing 5 leakage features:
2026-05-31 21:44:19,771 - src.preprocessing_pipeline - INFO -       - CRT_SCORE
2026-05-31 21:44:19,771 - src.preprocessing_pipeline - INFO -       - Status
2026-05-31 21:44:19,771 - src.preprocessing_pipeline - INFO -       - Grupo_ESCS
2026-05-31 21:44:19,771 - src.preprocessing_pipeline - INFO -       - CNTSTUID
2026-05-31 21:44:19,771 - src.preprocessing_pipeline - INFO -       - W_FSTUWT
2026-05-31 21:44:19,775 - src.preprocessing_pipeline - INFO -   ✓ Result: 3,834 × 1269 (removed 5)
2026-05-31 21:44:19,775 - src.preprocessing_pipeline - INFO - 
📍 STAGE 2: Imputing missing values
2026-05-31 21:44:19,778 - src.preprocessing_pipeline - INFO -   🗑️  Dropping 1018 columns with >80% missing
2026-05-31 21:44:31,618 - src.preprocessing_pipeline - INFO -   ✓ Result: 0.00% missing remaining
2026-05-31 21:44:31,618 - src.preprocessing_pipeline - INFO - 
📍 STAGE 3: Scaling features
2026-05-31 21:44:31,631 - src.preprocessing_pipeline - INFO -   ✓ Mean: 0.000000, Std: 0.992161
2026-05-31 21:44:31,631 - src.preprocessing_pipeline - INFO - 
📍 STAGE 4: Feature selection (RFE)
2026-05-31 21:44:31,631 - src.preprocessing_pipeline - INFO -   🔍 Selecting 150 from 251 features using RFE
2026-05-31 21:44:33,747 - src.preprocessing_pipeline - INFO -   ✓ Result: 150 features selected
2026-05-31 21:44:33,748 - src.preprocessing_pipeline - INFO - ✓ Full preprocessing completed in 13.98s
2026-05-31 21:44:33,748 - src.preprocessing_pipeline - INFO - 
================================================================================
2026-05-31 21:44:33,748 - src.preprocessing_pipeline - INFO - ✅ PREPROCESSING COMPLETE
2026-05-31 21:44:33,748 - src.preprocessing_pipeline - INFO - ================================================================================
2026-05-31 21:44:33,748 - __main__ - INFO - Run 2: Processing with same seed...
2026-05-31 21:44:33,771 - src.preprocessing_pipeline - INFO - 
================================================================================
2026-05-31 21:44:33,771 - src.preprocessing_pipeline - INFO - 🚀 STARTING FULL PREPROCESSING PIPELINE
2026-05-31 21:44:33,771 - src.preprocessing_pipeline - INFO - ================================================================================
2026-05-31 21:44:33,771 - src.preprocessing_pipeline - INFO - ⏱️  Starting Full preprocessing...
2026-05-31 21:44:33,771 - src.preprocessing_pipeline - INFO - 
📍 STAGE 1: Excluding leakage features
2026-05-31 21:44:33,771 - src.preprocessing_pipeline - INFO -   🚫 Removing 5 leakage features:
2026-05-31 21:44:33,771 - src.preprocessing_pipeline - INFO -       - CRT_SCORE
2026-05-31 21:44:33,771 - src.preprocessing_pipeline - INFO -       - Status
2026-05-31 21:44:33,771 - src.preprocessing_pipeline - INFO -       - Grupo_ESCS
2026-05-31 21:44:33,771 - src.preprocessing_pipeline - INFO -       - CNTSTUID
2026-05-31 21:44:33,771 - src.preprocessing_pipeline - INFO -       - W_FSTUWT
2026-05-31 21:44:33,775 - src.preprocessing_pipeline - INFO -   ✓ Result: 3,834 × 1269 (removed 5)
2026-05-31 21:44:33,775 - src.preprocessing_pipeline - INFO - 
📍 STAGE 2: Imputing missing values
2026-05-31 21:44:33,780 - src.preprocessing_pipeline - INFO -   🗑️  Dropping 1018 columns with >80% missing
2026-05-31 21:44:45,366 - src.preprocessing_pipeline - INFO -   ✓ Result: 0.00% missing remaining
2026-05-31 21:44:45,366 - src.preprocessing_pipeline - INFO - 
📍 STAGE 3: Scaling features
2026-05-31 21:44:45,375 - src.preprocessing_pipeline - INFO -   ✓ Mean: 0.000000, Std: 0.992161
2026-05-31 21:44:45,375 - src.preprocessing_pipeline - INFO - 
📍 STAGE 4: Feature selection (RFE)
2026-05-31 21:44:45,375 - src.preprocessing_pipeline - INFO -   🔍 Selecting 150 from 251 features using RFE
2026-05-31 21:44:47,230 - src.preprocessing_pipeline - INFO -   ✓ Result: 150 features selected
2026-05-31 21:44:47,231 - src.preprocessing_pipeline - INFO - ✓ Full preprocessing completed in 13.46s
2026-05-31 21:44:47,231 - src.preprocessing_pipeline - INFO - 
================================================================================
2026-05-31 21:44:47,231 - src.preprocessing_pipeline - INFO - ✅ PREPROCESSING COMPLETE
2026-05-31 21:44:47,231 - src.preprocessing_pipeline - INFO - ================================================================================
2026-05-31 21:44:47,231 - __main__ - INFO - ✓ Reproducibility verified (max diff: 0.00e+00)
2026-05-31 21:44:47,231 - __main__ - INFO - 
================================================================================
2026-05-31 21:44:47,231 - __main__ - INFO - TEST 7: MEMORY EFFICIENCY
2026-05-31 21:44:47,231 - __main__ - INFO - ================================================================================
2026-05-31 21:44:47,232 - __main__ - INFO - 💾 Current memory usage: 0.23GB / 8GB (2.9%)
2026-05-31 21:44:47,232 - __main__ - INFO - ✓ Memory usage acceptable for M1 8GB
2026-05-31 21:44:47,232 - __main__ - INFO - 
🎉🎉🎉🎉🎉🎉🎉🎉🎉🎉🎉🎉🎉🎉🎉🎉🎉🎉🎉🎉🎉🎉🎉🎉🎉🎉🎉🎉🎉🎉🎉🎉🎉🎉🎉🎉🎉🎉🎉🎉
2026-05-31 21:44:47,232 - __main__ - INFO - ✅ ALL TESTS PASSED!
2026-05-31 21:44:47,232 - __main__ - INFO - 🎉🎉🎉🎉🎉🎉🎉🎉🎉🎉🎉🎉🎉🎉🎉🎉🎉🎉🎉🎉🎉🎉🎉🎉🎉🎉🎉🎉🎉🎉🎉🎉🎉🎉🎉🎉🎉🎉🎉🎉
2026-05-31 21:44:47,232 - __main__ - INFO - 
📊 TEST SUMMARY:
2026-05-31 21:44:47,232 - __main__ - INFO -   ✓ data_loading: PASS
2026-05-31 21:44:47,232 - __main__ - INFO -   ✓ data_validation: PASS
2026-05-31 21:44:47,232 - __main__ - INFO -   ✓ preprocessing_stages: PASS
2026-05-31 21:44:47,232 - __main__ - INFO -   ✓ stratified_folds: PASS
2026-05-31 21:44:47,232 - __main__ - INFO -   ✓ data_leakage: PASS
2026-05-31 21:44:47,232 - __main__ - INFO -   ✓ reproducibility: PASS
2026-05-31 21:44:47,232 - __main__ - INFO -   ✓ memory_efficiency: PASS
2026-05-31 21:52:24,869 - __main__ - INFO - 
🔥🔥🔥🔥🔥🔥🔥🔥🔥🔥🔥🔥🔥🔥🔥🔥🔥🔥🔥🔥🔥🔥🔥🔥🔥🔥🔥🔥🔥🔥🔥🔥🔥🔥🔥🔥🔥🔥🔥🔥
2026-05-31 21:52:24,869 - __main__ - INFO - 🚀 COMPLETE ANALYSIS PIPELINE - RESILIÊNCIA CRIATIVA
2026-05-31 21:52:24,869 - __main__ - INFO - 🔥🔥🔥🔥🔥🔥🔥🔥🔥🔥🔥🔥🔥🔥🔥🔥🔥🔥🔥🔥🔥🔥🔥🔥🔥🔥🔥🔥🔥🔥🔥🔥🔥🔥🔥🔥🔥🔥🔥🔥
2026-05-31 21:52:24,877 - __main__ - INFO - 
🔥🔥🔥🔥🔥🔥🔥🔥🔥🔥🔥🔥🔥🔥🔥🔥🔥🔥🔥🔥🔥🔥🔥🔥🔥🔥🔥🔥🔥🔥🔥🔥🔥🔥🔥🔥🔥🔥🔥🔥
2026-05-31 21:52:24,877 - __main__ - INFO - 📂 PHASE 1: DATA LOADING & VALIDATION
2026-05-31 21:52:24,877 - __main__ - INFO - 🔥🔥🔥🔥🔥🔥🔥🔥🔥🔥🔥🔥🔥🔥🔥🔥🔥🔥🔥🔥🔥🔥🔥🔥🔥🔥🔥🔥🔥🔥🔥🔥🔥🔥🔥🔥🔥🔥🔥🔥
2026-05-31 21:52:24,877 - src.data_layer - INFO - 📂 Loading data from: /Users/macbookair/Desktop/Resiliencia criativa/pisa_brasil_estudo_limpo.csv
2026-05-31 21:52:25,202 - src.data_layer - INFO - ✓ Loaded 3,834 rows × 1275 columns
2026-05-31 21:52:25,212 - src.data_layer - INFO - 💾 Memory usage: 18.9 MB
2026-05-31 21:52:25,213 - src.data_layer - INFO - ================================================================================
2026-05-31 21:52:25,213 - src.data_layer - INFO - 🔍 STARTING DATA VALIDATION
2026-05-31 21:52:25,213 - src.data_layer - INFO - ================================================================================
2026-05-31 21:52:25,213 - src.data_layer - INFO - ✓ Dataset shape: 3,834 × 1275
2026-05-31 21:52:25,235 - src.data_layer - INFO - ✓ All 1275 columns are valid numeric/string
2026-05-31 21:52:25,235 - src.data_layer - WARNING - ⚠️  LEAKAGE FEATURE DETECTED: 'CRT_SCORE' must be removed
2026-05-31 21:52:25,235 - src.data_layer - WARNING - ⚠️  LEAKAGE FEATURE DETECTED: 'Status' must be removed
2026-05-31 21:52:25,235 - src.data_layer - WARNING - ⚠️  LEAKAGE FEATURE DETECTED: 'Grupo_ESCS' must be removed
2026-05-31 21:52:25,235 - src.data_layer - WARNING - ⚠️  LEAKAGE FEATURE DETECTED: 'CNTSTUID' must be removed
2026-05-31 21:52:25,235 - src.data_layer - WARNING - ⚠️  LEAKAGE FEATURE DETECTED: 'W_FSTUWT' must be removed
2026-05-31 21:52:25,305 - src.data_layer - INFO - ✓ No duplicate rows
2026-05-31 21:52:25,320 - src.data_layer - WARNING - ⚠️  1018 columns have >80% missing:
2026-05-31 21:52:25,320 - src.data_layer - WARNING -     - CR567Q06S: 92.67%
2026-05-31 21:52:25,320 - src.data_layer - WARNING -     - CR543Q13S: 92.46%
2026-05-31 21:52:25,320 - src.data_layer - WARNING -     - CR567Q06F: 92.23%
2026-05-31 21:52:25,320 - src.data_layer - WARNING -     - CR552Q04F: 92.15%
2026-05-31 21:52:25,320 - src.data_layer - WARNING -     - CR561Q06S: 92.15%
2026-05-31 21:52:25,320 - src.data_layer - WARNING -     - CR567Q11SF: 91.94%
2026-05-31 21:52:25,320 - src.data_layer - WARNING -     - CR567Q11SD: 91.91%
2026-05-31 21:52:25,320 - src.data_layer - WARNING -     - CR567Q13S: 91.89%
2026-05-31 21:52:25,320 - src.data_layer - WARNING -     - CR567Q11SC: 91.84%
2026-05-31 21:52:25,320 - src.data_layer - WARNING -     - CR567Q11SA: 91.81%
2026-05-31 21:52:25,322 - src.data_layer - INFO - ✓ Target variable 'Creative_Resilience':
2026-05-31 21:52:25,322 - src.data_layer - INFO -     - 0.0: 3,670 (95.72%)
2026-05-31 21:52:25,322 - src.data_layer - INFO -     - 1.0: 164 (4.28%)
2026-05-31 21:52:25,322 - src.data_layer - INFO - ================================================================================
2026-05-31 21:52:25,322 - src.data_layer - INFO - ✓ VALIDATION COMPLETE
2026-05-31 21:52:25,322 - src.data_layer - INFO - ================================================================================
2026-05-31 21:52:25,322 - src.data_layer - INFO - 📊 Generating dataset profile...
2026-05-31 21:52:26,386 - src.data_layer - INFO - ✓ Profile generated: 6 sections
2026-05-31 21:52:26,397 - src.data_layer - INFO - ✓ Profile saved to /Users/macbookair/Desktop/Resiliencia criativa/data/processed/dataset_profile.json
2026-05-31 21:52:26,398 - __main__ - INFO - 
🔥🔥🔥🔥🔥🔥🔥🔥🔥🔥🔥🔥🔥🔥🔥🔥🔥🔥🔥🔥🔥🔥🔥🔥🔥🔥🔥🔥🔥🔥🔥🔥🔥🔥🔥🔥🔥🔥🔥🔥
2026-05-31 21:52:26,398 - __main__ - INFO - 🔄 PHASE 2: PREPROCESSING
2026-05-31 21:52:26,398 - __main__ - INFO - 🔥🔥🔥🔥🔥🔥🔥🔥🔥🔥🔥🔥🔥🔥🔥🔥🔥🔥🔥🔥🔥🔥🔥🔥🔥🔥🔥🔥🔥🔥🔥🔥🔥🔥🔥🔥🔥🔥🔥🔥
2026-05-31 21:52:26,405 - __main__ - INFO - ⏱️  Starting Complete Preprocessing...
2026-05-31 21:52:26,405 - src.preprocessing_pipeline - INFO - 
================================================================================
2026-05-31 21:52:26,405 - src.preprocessing_pipeline - INFO - 🚀 STARTING FULL PREPROCESSING PIPELINE
2026-05-31 21:52:26,405 - src.preprocessing_pipeline - INFO - ================================================================================
2026-05-31 21:52:26,405 - src.preprocessing_pipeline - INFO - ⏱️  Starting Full preprocessing...
2026-05-31 21:52:26,405 - src.preprocessing_pipeline - INFO - 
📍 STAGE 1: Excluding leakage features
2026-05-31 21:52:26,405 - src.preprocessing_pipeline - INFO -   🚫 Removing 5 leakage features:
2026-05-31 21:52:26,405 - src.preprocessing_pipeline - INFO -       - CRT_SCORE
2026-05-31 21:52:26,405 - src.preprocessing_pipeline - INFO -       - Status
2026-05-31 21:52:26,405 - src.preprocessing_pipeline - INFO -       - Grupo_ESCS
2026-05-31 21:52:26,405 - src.preprocessing_pipeline - INFO -       - CNTSTUID
2026-05-31 21:52:26,405 - src.preprocessing_pipeline - INFO -       - W_FSTUWT
2026-05-31 21:52:26,409 - src.preprocessing_pipeline - INFO -   ✓ Result: 3,834 × 1269 (removed 5)
2026-05-31 21:52:26,410 - src.preprocessing_pipeline - INFO - 
📍 STAGE 2: Imputing missing values
2026-05-31 21:52:26,425 - src.preprocessing_pipeline - INFO -   🗑️  Dropping 1018 columns with >80% missing
2026-05-31 21:52:38,877 - src.preprocessing_pipeline - INFO -   ✓ Result: 0.00% missing remaining
2026-05-31 21:52:38,879 - src.preprocessing_pipeline - INFO - 
📍 STAGE 3: Scaling features
2026-05-31 21:52:38,889 - src.preprocessing_pipeline - INFO -   ✓ Mean: 0.000000, Std: 0.992161
2026-05-31 21:52:38,889 - src.preprocessing_pipeline - INFO - 
📍 STAGE 4: Feature selection (RFE)
2026-05-31 21:52:38,889 - src.preprocessing_pipeline - INFO -   🔍 Selecting 150 from 251 features using RFE
2026-05-31 21:52:41,203 - src.preprocessing_pipeline - INFO -   ✓ Result: 150 features selected
2026-05-31 21:52:41,203 - src.preprocessing_pipeline - INFO - ✓ Full preprocessing completed in 14.80s
2026-05-31 21:52:41,203 - src.preprocessing_pipeline - INFO - 
================================================================================
2026-05-31 21:52:41,203 - src.preprocessing_pipeline - INFO - ✅ PREPROCESSING COMPLETE
2026-05-31 21:52:41,203 - src.preprocessing_pipeline - INFO - ================================================================================
2026-05-31 21:52:41,203 - src.preprocessing_pipeline - INFO - 
💾 Saving preprocessing pipeline...
2026-05-31 21:52:41,207 - src.preprocessing_pipeline - INFO -   ✓ Transformers saved to /Users/macbookair/Desktop/Resiliencia criativa/data/processed/preprocessing_pipeline.pkl
2026-05-31 21:52:41,207 - src.preprocessing_pipeline - INFO -   ✓ Feature names saved to /Users/macbookair/Desktop/Resiliencia criativa/data/processed/feature_names.pkl
2026-05-31 21:52:41,208 - __main__ - INFO - ✓ Complete Preprocessing completed in 14.80s
2026-05-31 21:52:41,208 - __main__ - INFO - 
✓ Final shape: (3834, 150)
2026-05-31 21:52:41,208 - __main__ - INFO - 
🔥🔥🔥🔥🔥🔥🔥🔥🔥🔥🔥🔥🔥🔥🔥🔥🔥🔥🔥🔥🔥🔥🔥🔥🔥🔥🔥🔥🔥🔥🔥🔥🔥🔥🔥🔥🔥🔥🔥🔥
2026-05-31 21:52:41,208 - __main__ - INFO - 📊 PHASE 3: CREATING STRATIFIED FOLDS
2026-05-31 21:52:41,208 - __main__ - INFO - 🔥🔥🔥🔥🔥🔥🔥🔥🔥🔥🔥🔥🔥🔥🔥🔥🔥🔥🔥🔥🔥🔥🔥🔥🔥🔥🔥🔥🔥🔥🔥🔥🔥🔥🔥🔥🔥🔥🔥🔥
2026-05-31 21:52:41,208 - src.preprocessing_pipeline - INFO - 
📍 Creating stratified K-Fold splits
2026-05-31 21:52:41,211 - src.preprocessing_pipeline - INFO -   Fold 0: train 3,067 (pos: 4.27%), test 767 (pos: 4.30%)
2026-05-31 21:52:41,212 - src.preprocessing_pipeline - INFO -   Fold 1: train 3,067 (pos: 4.27%), test 767 (pos: 4.30%)
2026-05-31 21:52:41,212 - src.preprocessing_pipeline - INFO -   Fold 2: train 3,067 (pos: 4.27%), test 767 (pos: 4.30%)
2026-05-31 21:52:41,212 - src.preprocessing_pipeline - INFO -   Fold 3: train 3,067 (pos: 4.27%), test 767 (pos: 4.30%)
2026-05-31 21:52:41,212 - src.preprocessing_pipeline - INFO -   Fold 4: train 3,068 (pos: 4.30%), test 766 (pos: 4.18%)
2026-05-31 21:52:41,212 - __main__ - INFO - ✓ Created 5 stratified folds
2026-05-31 21:52:41,212 - __main__ - INFO - 
🔥🔥🔥🔥🔥🔥🔥🔥🔥🔥🔥🔥🔥🔥🔥🔥🔥🔥🔥🔥🔥🔥🔥🔥🔥🔥🔥🔥🔥🔥🔥🔥🔥🔥🔥🔥🔥🔥🔥🔥
2026-05-31 21:52:41,212 - __main__ - INFO - 🤖 PHASE 4: MODEL TRAINING
2026-05-31 21:52:41,212 - __main__ - INFO - 🔥🔥🔥🔥🔥🔥🔥🔥🔥🔥🔥🔥🔥🔥🔥🔥🔥🔥🔥🔥🔥🔥🔥🔥🔥🔥🔥🔥🔥🔥🔥🔥🔥🔥🔥🔥🔥🔥🔥🔥
2026-05-31 21:52:41,212 - __main__ - INFO - ⏱️  Starting Model Training...
2026-05-31 21:52:41,212 - src.model_training - INFO - 
================================================================================
2026-05-31 21:52:41,212 - src.model_training - INFO - 🚀 MODEL TRAINING - GRID SEARCH + STRATIFIED CV
2026-05-31 21:52:41,212 - src.model_training - INFO - ================================================================================
2026-05-31 21:52:41,212 - src.model_training - INFO - 
🤖 Training LOGISTIC_REGRESSION...
2026-05-31 21:52:41,212 - src.model_training - INFO - ⏱️  Starting GridSearch logistic_regression...
2026-05-31 21:52:45,299 - src.model_training - INFO - ✓ GridSearch logistic_regression completed in 4.09s
2026-05-31 21:52:45,300 - src.model_training - INFO -   ✓ Best ROC-AUC: 0.9510
2026-05-31 21:52:45,300 - src.model_training - INFO -   ✓ Best params: {'C': 0.01, 'class_weight': 'balanced', 'max_iter': 1000, 'solver': 'liblinear'}
2026-05-31 21:52:45,300 - src.model_training - INFO - 
🤖 Training RANDOM_FOREST...
2026-05-31 21:52:45,301 - src.model_training - INFO - ⏱️  Starting GridSearch random_forest...
2026-05-31 21:53:35,093 - src.model_training - INFO - ✓ GridSearch random_forest completed in 49.79s
2026-05-31 21:53:35,095 - src.model_training - INFO -   ✓ Best ROC-AUC: 0.9578
2026-05-31 21:53:35,095 - src.model_training - INFO -   ✓ Best params: {'class_weight': 'balanced_subsample', 'max_depth': 20, 'min_samples_leaf': 4, 'min_samples_split': 5, 'n_estimators': 200}
2026-05-31 21:53:35,095 - src.model_training - INFO - 
🤖 Training XGBOOST...
2026-05-31 21:53:35,095 - src.model_training - INFO - ⏱️  Starting GridSearch xgboost...
2026-05-31 21:54:01,711 - src.model_training - INFO - ✓ GridSearch xgboost completed in 26.62s
2026-05-31 21:54:01,711 - src.model_training - INFO -   ✓ Best ROC-AUC: 0.9600
2026-05-31 21:54:01,711 - src.model_training - INFO -   ✓ Best params: {'learning_rate': 0.05, 'max_depth': 4, 'n_estimators': 200, 'scale_pos_weight': 22.4, 'subsample': 0.8}
2026-05-31 21:54:01,711 - src.model_training - INFO - 
🤖 Training LIGHTGBM...
2026-05-31 21:54:01,711 - src.model_training - INFO - ⏱️  Starting GridSearch lightgbm...
2026-05-31 21:55:18,371 - src.model_training - INFO - ✓ GridSearch lightgbm completed in 76.66s
2026-05-31 21:55:18,373 - src.model_training - INFO -   ✓ Best ROC-AUC: 0.9653
2026-05-31 21:55:18,373 - src.model_training - INFO -   ✓ Best params: {'class_weight': 'balanced', 'learning_rate': 0.05, 'max_depth': 4, 'n_estimators': 200, 'num_leaves': 20}
2026-05-31 21:55:18,373 - src.model_training - INFO - 
================================================================================
2026-05-31 21:55:18,373 - src.model_training - INFO - ✅ TRAINING COMPLETE
2026-05-31 21:55:18,373 - src.model_training - INFO - ================================================================================
2026-05-31 21:55:18,373 - __main__ - INFO - ✓ Model Training completed in 157.16s
2026-05-31 21:55:18,373 - src.model_training - INFO - 
💾 Saving trained models...
2026-05-31 21:55:18,374 - src.model_training - INFO -   ✓ logistic_regression saved to /Users/macbookair/Desktop/Resiliencia criativa/models/logistic_regression_model.pkl
2026-05-31 21:55:18,407 - src.model_training - INFO -   ✓ random_forest saved to /Users/macbookair/Desktop/Resiliencia criativa/models/random_forest_model.pkl
2026-05-31 21:55:18,408 - src.model_training - INFO -   ✓ xgboost saved to /Users/macbookair/Desktop/Resiliencia criativa/models/xgboost_model.pkl
2026-05-31 21:55:18,411 - src.model_training - INFO -   ✓ lightgbm saved to /Users/macbookair/Desktop/Resiliencia criativa/models/lightgbm_model.pkl
2026-05-31 21:55:18,442 - __main__ - INFO - 
🔥🔥🔥🔥🔥🔥🔥🔥🔥🔥🔥🔥🔥🔥🔥🔥🔥🔥🔥🔥🔥🔥🔥🔥🔥🔥🔥🔥🔥🔥🔥🔥🔥🔥🔥🔥🔥🔥🔥🔥
2026-05-31 21:55:18,442 - __main__ - INFO - 📈 PHASE 5: EVALUATION & POST-TRAINING ANALYSIS
2026-05-31 21:55:18,442 - __main__ - INFO - 🔥🔥🔥🔥🔥🔥🔥🔥🔥🔥🔥🔥🔥🔥🔥🔥🔥🔥🔥🔥🔥🔥🔥🔥🔥🔥🔥🔥🔥🔥🔥🔥🔥🔥🔥🔥🔥🔥🔥🔥
2026-05-31 21:55:18,443 - src.model_training - INFO - 
📊 EVALUATING MODELS ON TEST SET
2026-05-31 21:55:18,454 - src.model_training - INFO - 
LOGISTIC_REGRESSION:
2026-05-31 21:55:18,455 - src.model_training - INFO -   roc_auc: 0.9786
2026-05-31 21:55:18,455 - src.model_training - INFO -   f1: 0.3837
2026-05-31 21:55:18,455 - src.model_training - INFO -   precision: 0.2374
2026-05-31 21:55:18,455 - src.model_training - INFO -   recall: 1.0000
2026-05-31 21:55:18,455 - src.model_training - INFO -   balanced_accuracy: 0.9278
2026-05-31 21:55:18,455 - src.model_training - INFO -   specificity: 0.8556
2026-05-31 21:55:18,455 - src.model_training - INFO -   false_positive_rate: 0.1444
2026-05-31 21:55:18,455 - src.model_training - INFO -   false_negative_rate: 0.0000
2026-05-31 21:55:18,514 - src.model_training - INFO - 
RANDOM_FOREST:
2026-05-31 21:55:18,514 - src.model_training - INFO -   roc_auc: 1.0000
2026-05-31 21:55:18,514 - src.model_training - INFO -   f1: 1.0000
2026-05-31 21:55:18,514 - src.model_training - INFO -   precision: 1.0000
2026-05-31 21:55:18,514 - src.model_training - INFO -   recall: 1.0000
2026-05-31 21:55:18,514 - src.model_training - INFO -   balanced_accuracy: 1.0000
2026-05-31 21:55:18,514 - src.model_training - INFO -   specificity: 1.0000
2026-05-31 21:55:18,514 - src.model_training - INFO -   false_positive_rate: 0.0000
2026-05-31 21:55:18,514 - src.model_training - INFO -   false_negative_rate: 0.0000
2026-05-31 21:55:18,529 - src.model_training - INFO - 
XGBOOST:
2026-05-31 21:55:18,529 - src.model_training - INFO -   roc_auc: 1.0000
2026-05-31 21:55:18,529 - src.model_training - INFO -   f1: 0.9041
2026-05-31 21:55:18,529 - src.model_training - INFO -   precision: 0.8250
2026-05-31 21:55:18,529 - src.model_training - INFO -   recall: 1.0000
2026-05-31 21:55:18,529 - src.model_training - INFO -   balanced_accuracy: 0.9952
2026-05-31 21:55:18,529 - src.model_training - INFO -   specificity: 0.9905
2026-05-31 21:55:18,529 - src.model_training - INFO -   false_positive_rate: 0.0095
2026-05-31 21:55:18,529 - src.model_training - INFO -   false_negative_rate: 0.0000
2026-05-31 21:55:18,537 - src.model_training - INFO - 
LIGHTGBM:
2026-05-31 21:55:18,537 - src.model_training - INFO -   roc_auc: 1.0000
2026-05-31 21:55:18,537 - src.model_training - INFO -   f1: 0.8462
2026-05-31 21:55:18,537 - src.model_training - INFO -   precision: 0.7333
2026-05-31 21:55:18,537 - src.model_training - INFO -   recall: 1.0000
2026-05-31 21:55:18,537 - src.model_training - INFO -   balanced_accuracy: 0.9918
2026-05-31 21:55:18,537 - src.model_training - INFO -   specificity: 0.9837
2026-05-31 21:55:18,537 - src.model_training - INFO -   false_positive_rate: 0.0163
2026-05-31 21:55:18,537 - src.model_training - INFO -   false_negative_rate: 0.0000
2026-05-31 21:55:18,537 - __main__ - INFO - 
🎯 Threshold Optimization
2026-05-31 21:55:18,539 - src.post_training_analysis - INFO - 
🎯 Optimizing threshold for metric: f1
2026-05-31 21:55:18,728 - src.post_training_analysis - INFO -   ✓ Optimal threshold: 0.77
2026-05-31 21:55:18,728 - src.post_training_analysis - INFO -   ✓ Metrics at optimal threshold:
2026-05-31 21:55:18,728 - src.post_training_analysis - INFO -       f1: 1.0000
2026-05-31 21:55:18,728 - src.post_training_analysis - INFO -       precision: 1.0000
2026-05-31 21:55:18,728 - src.post_training_analysis - INFO -       recall: 1.0000
2026-05-31 21:55:18,728 - src.post_training_analysis - INFO -       specificity: 1.0000
2026-05-31 21:55:18,728 - src.post_training_analysis - INFO -       youden_j: 1.0000
2026-05-31 21:55:18,728 - __main__ - INFO - 
📊 Bootstrap Analysis (95% CI)
2026-05-31 21:55:18,728 - src.post_training_analysis - INFO - 
📊 Computing bootstrap CI (n=100)...
2026-05-31 21:55:19,008 - src.post_training_analysis - INFO -   ✓ Bootstrap CI computed for 6 metrics
2026-05-31 21:55:19,008 - __main__ - INFO - 
📉 Calibration Analysis
2026-05-31 21:55:19,008 - src.post_training_analysis - INFO - 
📈 Analyzing model calibration...
2026-05-31 21:55:19,009 - src.post_training_analysis - INFO -   ✓ Brier Score: 0.0117
2026-05-31 21:55:19,009 - src.post_training_analysis - INFO -     (Lower is better; 0=perfect, 1=worst)
2026-05-31 21:55:19,009 - __main__ - INFO - 
🔥🔥🔥🔥🔥🔥🔥🔥🔥🔥🔥🔥🔥🔥🔥🔥🔥🔥🔥🔥🔥🔥🔥🔥🔥🔥🔥🔥🔥🔥🔥🔥🔥🔥🔥🔥🔥🔥🔥🔥
2026-05-31 21:55:19,009 - __main__ - INFO - 🔍 PHASE 6: INTERPRETABILITY
2026-05-31 21:55:19,009 - __main__ - INFO - 🔥🔥🔥🔥🔥🔥🔥🔥🔥🔥🔥🔥🔥🔥🔥🔥🔥🔥🔥🔥🔥🔥🔥🔥🔥🔥🔥🔥🔥🔥🔥🔥🔥🔥🔥🔥🔥🔥🔥🔥
2026-05-31 21:55:19,009 - __main__ - INFO - 
🎯 SHAP Analysis
2026-05-31 21:55:19,009 - src.interpretability_layer - INFO - 
🔍 Computing SHAP values (explainer: tree)...
2026-05-31 21:55:19,010 - src.interpretability_layer - INFO -   Limiting background to 500 samples (from 767)
2026-05-31 21:55:19,010 - src.interpretability_layer - INFO -   Using KernelExplainer (may be slow)...
2026-05-31 21:55:19,012 - src.interpretability_layer - ERROR -   ❌ Error computing SHAP: property 'feature_names_in_' of 'LGBMClassifier' object has no setter
2026-05-31 21:55:19,012 - __main__ - INFO - 
⚖️  Fairness Analysis
2026-05-31 21:55:19,015 - src.interpretability_layer - INFO - 
================================================================================
2026-05-31 21:55:19,015 - src.interpretability_layer - INFO - 📊 FAIRNESS ANALYSIS - ALL PROTECTED ATTRIBUTES
2026-05-31 21:55:19,015 - src.interpretability_layer - INFO - ================================================================================
2026-05-31 21:55:19,015 - src.interpretability_layer - INFO - 
⚖️  Analyzing fairness across gender...
2026-05-31 21:55:19,017 - src.interpretability_layer - ERROR -   ❌ Error analyzing gender: Unalignable boolean Series provided as indexer (index of the boolean Series and of the indexed object do not match).
2026-05-31 21:55:19,017 - src.interpretability_layer - INFO - 
================================================================================
2026-05-31 21:55:19,017 - src.interpretability_layer - INFO - ✅ FAIRNESS ANALYSIS COMPLETE
2026-05-31 21:55:19,017 - src.interpretability_layer - INFO - ================================================================================
2026-05-31 21:55:19,017 - __main__ - INFO - 
🔥🔥🔥🔥🔥🔥🔥🔥🔥🔥🔥🔥🔥🔥🔥🔥🔥🔥🔥🔥🔥🔥🔥🔥🔥🔥🔥🔥🔥🔥🔥🔥🔥🔥🔥🔥🔥🔥🔥🔥
2026-05-31 21:55:19,017 - __main__ - INFO - 📊 PHASE 7: SUMMARY & RESULTS
2026-05-31 21:55:19,017 - __main__ - INFO - 🔥🔥🔥🔥🔥🔥🔥🔥🔥🔥🔥🔥🔥🔥🔥🔥🔥🔥🔥🔥🔥🔥🔥🔥🔥🔥🔥🔥🔥🔥🔥🔥🔥🔥🔥🔥🔥🔥🔥🔥
2026-05-31 21:55:19,018 - __main__ - INFO - 
✓ Summary saved
2026-05-31 21:55:19,018 - __main__ - INFO - 
💾 Final memory usage: 0.12GB / 8GB
2026-05-31 21:55:19,018 - __main__ - INFO - 
🔥🔥🔥🔥🔥🔥🔥🔥🔥🔥🔥🔥🔥🔥🔥🔥🔥🔥🔥🔥🔥🔥🔥🔥🔥🔥🔥🔥🔥🔥🔥🔥🔥🔥🔥🔥🔥🔥🔥🔥
2026-05-31 21:55:19,019 - __main__ - INFO - ✅ PIPELINE COMPLETE!
2026-05-31 21:55:19,019 - __main__ - INFO - 🔥🔥🔥🔥🔥🔥🔥🔥🔥🔥🔥🔥🔥🔥🔥🔥🔥🔥🔥🔥🔥🔥🔥🔥🔥🔥🔥🔥🔥🔥🔥🔥🔥🔥🔥🔥🔥🔥🔥🔥
2026-05-31 21:55:19,019 - __main__ - INFO - 
📂 Outputs saved to:
2026-05-31 21:55:19,019 - __main__ - INFO -     Models: /Users/macbookair/Desktop/Resiliencia criativa/models
2026-05-31 21:55:19,019 - __main__ - INFO -     Reports: /Users/macbookair/Desktop/Resiliencia criativa/outputs/reports
2026-05-31 21:55:19,019 - __main__ - INFO -     Metrics: /Users/macbookair/Desktop/Resiliencia criativa/outputs/metrics
2026-06-01 10:38:03,229 - __main__ - INFO - 
🔥🔥🔥🔥🔥🔥🔥🔥🔥🔥🔥🔥🔥🔥🔥🔥🔥🔥🔥🔥🔥🔥🔥🔥🔥🔥🔥🔥🔥🔥🔥🔥🔥🔥🔥🔥🔥🔥🔥🔥
2026-06-01 10:38:03,229 - __main__ - INFO - 🚀 COMPLETE ANALYSIS PIPELINE - RESILIÊNCIA CRIATIVA
2026-06-01 10:38:03,229 - __main__ - INFO - 🔥🔥🔥🔥🔥🔥🔥🔥🔥🔥🔥🔥🔥🔥🔥🔥🔥🔥🔥🔥🔥🔥🔥🔥🔥🔥🔥🔥🔥🔥🔥🔥🔥🔥🔥🔥🔥🔥🔥🔥
2026-06-01 10:38:03,235 - __main__ - INFO - 
🔥🔥🔥🔥🔥🔥🔥🔥🔥🔥🔥🔥🔥🔥🔥🔥🔥🔥🔥🔥🔥🔥🔥🔥🔥🔥🔥🔥🔥🔥🔥🔥🔥🔥🔥🔥🔥🔥🔥🔥
2026-06-01 10:38:03,235 - __main__ - INFO - 📂 PHASE 1: DATA LOADING & VALIDATION
2026-06-01 10:38:03,235 - __main__ - INFO - 🔥🔥🔥🔥🔥🔥🔥🔥🔥🔥🔥🔥🔥🔥🔥🔥🔥🔥🔥🔥🔥🔥🔥🔥🔥🔥🔥🔥🔥🔥🔥🔥🔥🔥🔥🔥🔥🔥🔥🔥
2026-06-01 10:38:03,235 - src.data_layer - INFO - 📂 Loading data from: /Users/macbookair/Desktop/Resiliencia criativa/pisa_brasil_estudo_limpo.csv
2026-06-01 10:38:03,532 - src.data_layer - INFO - ✓ Loaded 3,834 rows × 1275 columns
2026-06-01 10:38:03,547 - src.data_layer - INFO - 💾 Memory usage: 18.7 MB
2026-06-01 10:38:03,547 - src.data_layer - INFO - ================================================================================
2026-06-01 10:38:03,547 - src.data_layer - INFO - 🔍 STARTING DATA VALIDATION
2026-06-01 10:38:03,547 - src.data_layer - INFO - ================================================================================
2026-06-01 10:38:03,547 - src.data_layer - INFO - ✓ Dataset shape: 3,834 × 1275
2026-06-01 10:38:03,574 - src.data_layer - INFO - ✓ All 1275 columns are valid numeric/string
2026-06-01 10:38:03,574 - src.data_layer - WARNING - ⚠️  LEAKAGE FEATURE DETECTED: 'CRT_SCORE' must be removed
2026-06-01 10:38:03,574 - src.data_layer - WARNING - ⚠️  LEAKAGE FEATURE DETECTED: 'Status' must be removed
2026-06-01 10:38:03,574 - src.data_layer - WARNING - ⚠️  LEAKAGE FEATURE DETECTED: 'Grupo_ESCS' must be removed
2026-06-01 10:38:03,574 - src.data_layer - WARNING - ⚠️  LEAKAGE FEATURE DETECTED: 'CNTSTUID' must be removed
2026-06-01 10:38:03,574 - src.data_layer - WARNING - ⚠️  LEAKAGE FEATURE DETECTED: 'W_FSTUWT' must be removed
2026-06-01 10:38:03,647 - src.data_layer - INFO - ✓ No duplicate rows
2026-06-01 10:38:03,662 - src.data_layer - WARNING - ⚠️  1018 columns have >80% missing:
2026-06-01 10:38:03,662 - src.data_layer - WARNING -     - CR567Q06S: 92.67%
2026-06-01 10:38:03,662 - src.data_layer - WARNING -     - CR543Q13S: 92.46%
2026-06-01 10:38:03,662 - src.data_layer - WARNING -     - CR567Q06F: 92.23%
2026-06-01 10:38:03,662 - src.data_layer - WARNING -     - CR552Q04F: 92.15%
2026-06-01 10:38:03,662 - src.data_layer - WARNING -     - CR561Q06S: 92.15%
2026-06-01 10:38:03,662 - src.data_layer - WARNING -     - CR567Q11SF: 91.94%
2026-06-01 10:38:03,662 - src.data_layer - WARNING -     - CR567Q11SD: 91.91%
2026-06-01 10:38:03,662 - src.data_layer - WARNING -     - CR567Q13S: 91.89%
2026-06-01 10:38:03,662 - src.data_layer - WARNING -     - CR567Q11SC: 91.84%
2026-06-01 10:38:03,663 - src.data_layer - WARNING -     - CR567Q11SA: 91.81%
2026-06-01 10:38:03,665 - src.data_layer - INFO - ✓ Target variable 'Creative_Resilience':
2026-06-01 10:38:03,665 - src.data_layer - INFO -     - 0.0: 3,670 (95.72%)
2026-06-01 10:38:03,665 - src.data_layer - INFO -     - 1.0: 164 (4.28%)
2026-06-01 10:38:03,666 - src.data_layer - INFO - ================================================================================
2026-06-01 10:38:03,666 - src.data_layer - INFO - ✓ VALIDATION COMPLETE
2026-06-01 10:38:03,666 - src.data_layer - INFO - ================================================================================
2026-06-01 10:38:03,666 - src.data_layer - INFO - 📊 Generating dataset profile...
2026-06-01 10:38:04,520 - src.data_layer - INFO - ✓ Profile generated: 6 sections
2026-06-01 10:38:04,530 - src.data_layer - INFO - ✓ Profile saved to /Users/macbookair/Desktop/Resiliencia criativa/data/processed/dataset_profile.json
2026-06-01 10:38:04,530 - __main__ - INFO - 
🔥🔥🔥🔥🔥🔥🔥🔥🔥🔥🔥🔥🔥🔥🔥🔥🔥🔥🔥🔥🔥🔥🔥🔥🔥🔥🔥🔥🔥🔥🔥🔥🔥🔥🔥🔥🔥🔥🔥🔥
2026-06-01 10:38:04,530 - __main__ - INFO - 🔄 PHASE 2: PREPROCESSING
2026-06-01 10:38:04,530 - __main__ - INFO - 🔥🔥🔥🔥🔥🔥🔥🔥🔥🔥🔥🔥🔥🔥🔥🔥🔥🔥🔥🔥🔥🔥🔥🔥🔥🔥🔥🔥🔥🔥🔥🔥🔥🔥🔥🔥🔥🔥🔥🔥
2026-06-01 10:38:04,535 - __main__ - INFO - ⏱️  Starting Complete Preprocessing...
2026-06-01 10:38:04,535 - src.preprocessing_pipeline - INFO - 
================================================================================
2026-06-01 10:38:04,535 - src.preprocessing_pipeline - INFO - 🚀 STARTING FULL PREPROCESSING PIPELINE
2026-06-01 10:38:04,535 - src.preprocessing_pipeline - INFO - ================================================================================
2026-06-01 10:38:04,535 - src.preprocessing_pipeline - INFO - ⏱️  Starting Full preprocessing...
2026-06-01 10:38:04,535 - src.preprocessing_pipeline - INFO - 
📍 STAGE 1: Excluding leakage features
2026-06-01 10:38:04,536 - src.preprocessing_pipeline - INFO -   🚫 Removing 5 leakage features:
2026-06-01 10:38:04,536 - src.preprocessing_pipeline - INFO -       - CRT_SCORE
2026-06-01 10:38:04,536 - src.preprocessing_pipeline - INFO -       - Status
2026-06-01 10:38:04,536 - src.preprocessing_pipeline - INFO -       - Grupo_ESCS
2026-06-01 10:38:04,536 - src.preprocessing_pipeline - INFO -       - CNTSTUID
2026-06-01 10:38:04,536 - src.preprocessing_pipeline - INFO -       - W_FSTUWT
2026-06-01 10:38:04,540 - src.preprocessing_pipeline - INFO -   ✓ Result: 3,834 × 1269 (removed 5)
2026-06-01 10:38:04,540 - src.preprocessing_pipeline - INFO - 
📍 STAGE 2: Imputing missing values
2026-06-01 10:38:04,554 - src.preprocessing_pipeline - INFO -   🗑️  Dropping 1018 columns with >80% missing
2026-06-01 10:38:15,630 - src.preprocessing_pipeline - INFO -   ✓ Result: 0.00% missing remaining
2026-06-01 10:38:15,631 - src.preprocessing_pipeline - INFO - 
📍 STAGE 3: Scaling features
2026-06-01 10:38:15,639 - src.preprocessing_pipeline - INFO -   ✓ Mean: 0.000000, Std: 0.992161
2026-06-01 10:38:15,639 - src.preprocessing_pipeline - INFO - 
📍 STAGE 4: Feature selection (RFE)
2026-06-01 10:38:15,639 - src.preprocessing_pipeline - INFO -   🔍 Selecting 150 from 251 features using RFE
2026-06-01 10:38:17,404 - src.preprocessing_pipeline - INFO -   ✓ Result: 150 features selected
2026-06-01 10:38:17,404 - src.preprocessing_pipeline - INFO - ✓ Full preprocessing completed in 12.87s
2026-06-01 10:38:17,404 - src.preprocessing_pipeline - INFO - 
================================================================================
2026-06-01 10:38:17,404 - src.preprocessing_pipeline - INFO - ✅ PREPROCESSING COMPLETE
2026-06-01 10:38:17,404 - src.preprocessing_pipeline - INFO - ================================================================================
2026-06-01 10:38:17,404 - src.preprocessing_pipeline - INFO - 
💾 Saving preprocessing pipeline...
2026-06-01 10:38:17,408 - src.preprocessing_pipeline - INFO -   ✓ Transformers saved to /Users/macbookair/Desktop/Resiliencia criativa/data/processed/preprocessing_pipeline.pkl
2026-06-01 10:38:17,408 - src.preprocessing_pipeline - INFO -   ✓ Feature names saved to /Users/macbookair/Desktop/Resiliencia criativa/data/processed/feature_names.pkl
2026-06-01 10:38:17,409 - __main__ - INFO - ✓ Complete Preprocessing completed in 12.87s
2026-06-01 10:38:17,409 - __main__ - INFO - 
✓ Final shape: (3834, 150)
2026-06-01 10:38:17,409 - __main__ - INFO - 
🔥🔥🔥🔥🔥🔥🔥🔥🔥🔥🔥🔥🔥🔥🔥🔥🔥🔥🔥🔥🔥🔥🔥🔥🔥🔥🔥🔥🔥🔥🔥🔥🔥🔥🔥🔥🔥🔥🔥🔥
2026-06-01 10:38:17,409 - __main__ - INFO - 📊 PHASE 3: CREATING STRATIFIED FOLDS
2026-06-01 10:38:17,409 - __main__ - INFO - 🔥🔥🔥🔥🔥🔥🔥🔥🔥🔥🔥🔥🔥🔥🔥🔥🔥🔥🔥🔥🔥🔥🔥🔥🔥🔥🔥🔥🔥🔥🔥🔥🔥🔥🔥🔥🔥🔥🔥🔥
2026-06-01 10:38:17,409 - src.preprocessing_pipeline - INFO - 
📍 Creating stratified K-Fold splits
2026-06-01 10:38:17,411 - src.preprocessing_pipeline - INFO -   Fold 0: train 3,067 (pos: 4.27%), test 767 (pos: 4.30%)
2026-06-01 10:38:17,411 - src.preprocessing_pipeline - INFO -   Fold 1: train 3,067 (pos: 4.27%), test 767 (pos: 4.30%)
2026-06-01 10:38:17,411 - src.preprocessing_pipeline - INFO -   Fold 2: train 3,067 (pos: 4.27%), test 767 (pos: 4.30%)
2026-06-01 10:38:17,411 - src.preprocessing_pipeline - INFO -   Fold 3: train 3,067 (pos: 4.27%), test 767 (pos: 4.30%)
2026-06-01 10:38:17,412 - src.preprocessing_pipeline - INFO -   Fold 4: train 3,068 (pos: 4.30%), test 766 (pos: 4.18%)
2026-06-01 10:38:17,412 - __main__ - INFO - ✓ Created 5 stratified folds
2026-06-01 10:38:17,412 - __main__ - INFO - 
🔥🔥🔥🔥🔥🔥🔥🔥🔥🔥🔥🔥🔥🔥🔥🔥🔥🔥🔥🔥🔥🔥🔥🔥🔥🔥🔥🔥🔥🔥🔥🔥🔥🔥🔥🔥🔥🔥🔥🔥
2026-06-01 10:38:17,412 - __main__ - INFO - 🤖 PHASE 4: MODEL TRAINING
2026-06-01 10:38:17,412 - __main__ - INFO - 🔥🔥🔥🔥🔥🔥🔥🔥🔥🔥🔥🔥🔥🔥🔥🔥🔥🔥🔥🔥🔥🔥🔥🔥🔥🔥🔥🔥🔥🔥🔥🔥🔥🔥🔥🔥🔥🔥🔥🔥
2026-06-01 10:38:17,412 - __main__ - INFO - ⏱️  Starting Model Training...
2026-06-01 10:38:17,412 - src.model_training - INFO - 
================================================================================
2026-06-01 10:38:17,412 - src.model_training - INFO - 🚀 MODEL TRAINING - GRID SEARCH + STRATIFIED CV
2026-06-01 10:38:17,412 - src.model_training - INFO - ================================================================================
2026-06-01 10:38:17,412 - src.model_training - INFO - 
🤖 Training LOGISTIC_REGRESSION...
2026-06-01 10:38:17,412 - src.model_training - INFO - ⏱️  Starting GridSearch logistic_regression...
2026-06-01 10:38:21,048 - src.model_training - INFO - ✓ GridSearch logistic_regression completed in 3.64s
2026-06-01 10:38:21,049 - src.model_training - INFO -   ✓ Best ROC-AUC: 0.9510
2026-06-01 10:38:21,049 - src.model_training - INFO -   ✓ Best params: {'C': 0.01, 'class_weight': 'balanced', 'max_iter': 1000, 'solver': 'liblinear'}
2026-06-01 10:38:21,049 - src.model_training - INFO - 
🤖 Training RANDOM_FOREST...
2026-06-01 10:38:21,049 - src.model_training - INFO - ⏱️  Starting GridSearch random_forest...
2026-06-01 10:39:01,609 - src.model_training - INFO - ✓ GridSearch random_forest completed in 40.56s
2026-06-01 10:39:01,610 - src.model_training - INFO -   ✓ Best ROC-AUC: 0.9578
2026-06-01 10:39:01,610 - src.model_training - INFO -   ✓ Best params: {'class_weight': 'balanced_subsample', 'max_depth': 20, 'min_samples_leaf': 4, 'min_samples_split': 5, 'n_estimators': 200}
2026-06-01 10:39:01,610 - src.model_training - INFO - 
🤖 Training XGBOOST...
2026-06-01 10:39:01,610 - src.model_training - INFO - ⏱️  Starting GridSearch xgboost...
2026-06-01 10:39:25,315 - src.model_training - INFO - ✓ GridSearch xgboost completed in 23.71s
2026-06-01 10:39:25,492 - src.model_training - INFO -   ✓ Best ROC-AUC: 0.9600
2026-06-01 10:39:25,496 - src.model_training - INFO -   ✓ Best params: {'learning_rate': 0.05, 'max_depth': 4, 'n_estimators': 200, 'scale_pos_weight': 22.4, 'subsample': 0.8}
2026-06-01 10:39:25,497 - src.model_training - INFO - 
🤖 Training LIGHTGBM...
2026-06-01 10:39:25,498 - src.model_training - INFO - ⏱️  Starting GridSearch lightgbm...
2026-06-01 10:40:50,061 - src.model_training - INFO - ✓ GridSearch lightgbm completed in 84.56s
2026-06-01 10:40:50,062 - src.model_training - INFO -   ✓ Best ROC-AUC: 0.9653
2026-06-01 10:40:50,062 - src.model_training - INFO -   ✓ Best params: {'class_weight': 'balanced', 'learning_rate': 0.05, 'max_depth': 4, 'n_estimators': 200, 'num_leaves': 20}
2026-06-01 10:40:50,062 - src.model_training - INFO - 
================================================================================
2026-06-01 10:40:50,062 - src.model_training - INFO - ✅ TRAINING COMPLETE
2026-06-01 10:40:50,063 - src.model_training - INFO - ================================================================================
2026-06-01 10:40:50,063 - __main__ - INFO - ✓ Model Training completed in 152.65s
2026-06-01 10:40:50,063 - src.model_training - INFO - 
💾 Saving trained models...
2026-06-01 10:40:50,064 - src.model_training - INFO -   ✓ logistic_regression saved to /Users/macbookair/Desktop/Resiliencia criativa/models/logistic_regression_model.pkl
2026-06-01 10:40:50,098 - src.model_training - INFO -   ✓ random_forest saved to /Users/macbookair/Desktop/Resiliencia criativa/models/random_forest_model.pkl
2026-06-01 10:40:50,116 - src.model_training - INFO -   ✓ xgboost saved to /Users/macbookair/Desktop/Resiliencia criativa/models/xgboost_model.pkl
2026-06-01 10:40:50,118 - src.model_training - INFO -   ✓ lightgbm saved to /Users/macbookair/Desktop/Resiliencia criativa/models/lightgbm_model.pkl
2026-06-01 10:40:50,217 - __main__ - INFO - 
🔥🔥🔥🔥🔥🔥🔥🔥🔥🔥🔥🔥🔥🔥🔥🔥🔥🔥🔥🔥🔥🔥🔥🔥🔥🔥🔥🔥🔥🔥🔥🔥🔥🔥🔥🔥🔥🔥🔥🔥
2026-06-01 10:40:50,217 - __main__ - INFO - 📈 PHASE 5: EVALUATION & POST-TRAINING ANALYSIS
2026-06-01 10:40:50,217 - __main__ - INFO - 🔥🔥🔥🔥🔥🔥🔥🔥🔥🔥🔥🔥🔥🔥🔥🔥🔥🔥🔥🔥🔥🔥🔥🔥🔥🔥🔥🔥🔥🔥🔥🔥🔥🔥🔥🔥🔥🔥🔥🔥
2026-06-01 10:40:50,220 - src.model_training - INFO - 
📊 EVALUATING MODELS ON TEST SET
2026-06-01 10:40:50,241 - src.model_training - INFO - 
LOGISTIC_REGRESSION:
2026-06-01 10:40:50,241 - src.model_training - INFO -   roc_auc: 0.9786
2026-06-01 10:40:50,241 - src.model_training - INFO -   f1: 0.3837
2026-06-01 10:40:50,241 - src.model_training - INFO -   precision: 0.2374
2026-06-01 10:40:50,241 - src.model_training - INFO -   recall: 1.0000
2026-06-01 10:40:50,241 - src.model_training - INFO -   balanced_accuracy: 0.9278
2026-06-01 10:40:50,241 - src.model_training - INFO -   specificity: 0.8556
2026-06-01 10:40:50,241 - src.model_training - INFO -   false_positive_rate: 0.1444
2026-06-01 10:40:50,241 - src.model_training - INFO -   false_negative_rate: 0.0000
2026-06-01 10:40:50,303 - src.model_training - INFO - 
RANDOM_FOREST:
2026-06-01 10:40:50,303 - src.model_training - INFO -   roc_auc: 1.0000
2026-06-01 10:40:50,303 - src.model_training - INFO -   f1: 1.0000
2026-06-01 10:40:50,303 - src.model_training - INFO -   precision: 1.0000
2026-06-01 10:40:50,303 - src.model_training - INFO -   recall: 1.0000
2026-06-01 10:40:50,303 - src.model_training - INFO -   balanced_accuracy: 1.0000
2026-06-01 10:40:50,303 - src.model_training - INFO -   specificity: 1.0000
2026-06-01 10:40:50,303 - src.model_training - INFO -   false_positive_rate: 0.0000
2026-06-01 10:40:50,303 - src.model_training - INFO -   false_negative_rate: 0.0000
2026-06-01 10:40:50,331 - src.model_training - INFO - 
XGBOOST:
2026-06-01 10:40:50,331 - src.model_training - INFO -   roc_auc: 1.0000
2026-06-01 10:40:50,331 - src.model_training - INFO -   f1: 0.9041
2026-06-01 10:40:50,331 - src.model_training - INFO -   precision: 0.8250
2026-06-01 10:40:50,331 - src.model_training - INFO -   recall: 1.0000
2026-06-01 10:40:50,331 - src.model_training - INFO -   balanced_accuracy: 0.9952
2026-06-01 10:40:50,331 - src.model_training - INFO -   specificity: 0.9905
2026-06-01 10:40:50,331 - src.model_training - INFO -   false_positive_rate: 0.0095
2026-06-01 10:40:50,331 - src.model_training - INFO -   false_negative_rate: 0.0000
2026-06-01 10:40:50,340 - src.model_training - INFO - 
LIGHTGBM:
2026-06-01 10:40:50,340 - src.model_training - INFO -   roc_auc: 1.0000
2026-06-01 10:40:50,340 - src.model_training - INFO -   f1: 0.8462
2026-06-01 10:40:50,340 - src.model_training - INFO -   precision: 0.7333
2026-06-01 10:40:50,340 - src.model_training - INFO -   recall: 1.0000
2026-06-01 10:40:50,340 - src.model_training - INFO -   balanced_accuracy: 0.9918
2026-06-01 10:40:50,340 - src.model_training - INFO -   specificity: 0.9837
2026-06-01 10:40:50,340 - src.model_training - INFO -   false_positive_rate: 0.0163
2026-06-01 10:40:50,340 - src.model_training - INFO -   false_negative_rate: 0.0000
2026-06-01 10:40:50,340 - __main__ - INFO - 
🎯 Threshold Optimization
2026-06-01 10:40:50,342 - src.post_training_analysis - INFO - 
🎯 Optimizing threshold for metric: f1
2026-06-01 10:40:50,537 - src.post_training_analysis - INFO -   ✓ Optimal threshold: 0.77
2026-06-01 10:40:50,537 - src.post_training_analysis - INFO -   ✓ Metrics at optimal threshold:
2026-06-01 10:40:50,537 - src.post_training_analysis - INFO -       f1: 1.0000
2026-06-01 10:40:50,537 - src.post_training_analysis - INFO -       precision: 1.0000
2026-06-01 10:40:50,537 - src.post_training_analysis - INFO -       recall: 1.0000
2026-06-01 10:40:50,537 - src.post_training_analysis - INFO -       specificity: 1.0000
2026-06-01 10:40:50,537 - src.post_training_analysis - INFO -       youden_j: 1.0000
2026-06-01 10:40:50,537 - __main__ - INFO - 
📊 Bootstrap Analysis (95% CI)
2026-06-01 10:40:50,537 - src.post_training_analysis - INFO - 
📊 Computing bootstrap CI (n=100)...
2026-06-01 10:40:50,819 - src.post_training_analysis - INFO -   ✓ Bootstrap CI computed for 6 metrics
2026-06-01 10:40:50,820 - __main__ - INFO - 
📉 Calibration Analysis
2026-06-01 10:40:50,820 - src.post_training_analysis - INFO - 
📈 Analyzing model calibration...
2026-06-01 10:40:50,820 - src.post_training_analysis - INFO -   ✓ Brier Score: 0.0117
2026-06-01 10:40:50,820 - src.post_training_analysis - INFO -     (Lower is better; 0=perfect, 1=worst)
2026-06-01 10:40:50,820 - __main__ - INFO - 
🔥🔥🔥🔥🔥🔥🔥🔥🔥🔥🔥🔥🔥🔥🔥🔥🔥🔥🔥🔥🔥🔥🔥🔥🔥🔥🔥🔥🔥🔥🔥🔥🔥🔥🔥🔥🔥🔥🔥🔥
2026-06-01 10:40:50,820 - __main__ - INFO - 🔍 PHASE 6: INTERPRETABILITY
2026-06-01 10:40:50,820 - __main__ - INFO - 🔥🔥🔥🔥🔥🔥🔥🔥🔥🔥🔥🔥🔥🔥🔥🔥🔥🔥🔥🔥🔥🔥🔥🔥🔥🔥🔥🔥🔥🔥🔥🔥🔥🔥🔥🔥🔥🔥🔥🔥
2026-06-01 10:40:50,820 - __main__ - INFO - 
🎯 SHAP Analysis
2026-06-01 10:40:50,822 - src.interpretability_layer - INFO - 
🔍 Computing SHAP values (explainer: tree)...
2026-06-01 10:40:50,822 - src.interpretability_layer - INFO -   Limiting background to 500 samples (from 767)
2026-06-01 10:40:50,822 - src.interpretability_layer - INFO -   Using KernelExplainer (may be slow)...
2026-06-01 10:40:50,825 - src.interpretability_layer - ERROR -   ❌ Error computing SHAP: property 'feature_names_in_' of 'LGBMClassifier' object has no setter
2026-06-01 10:40:50,825 - __main__ - INFO - 
⚖️  Fairness Analysis
2026-06-01 10:40:50,829 - src.interpretability_layer - INFO - 
================================================================================
2026-06-01 10:40:50,829 - src.interpretability_layer - INFO - 📊 FAIRNESS ANALYSIS - ALL PROTECTED ATTRIBUTES
2026-06-01 10:40:50,829 - src.interpretability_layer - INFO - ================================================================================
2026-06-01 10:40:50,830 - src.interpretability_layer - INFO - 
⚖️  Analyzing fairness across gender...
2026-06-01 10:40:50,831 - src.interpretability_layer - ERROR -   ❌ Error analyzing gender: Unalignable boolean Series provided as indexer (index of the boolean Series and of the indexed object do not match).
2026-06-01 10:40:50,831 - src.interpretability_layer - INFO - 
================================================================================
2026-06-01 10:40:50,831 - src.interpretability_layer - INFO - ✅ FAIRNESS ANALYSIS COMPLETE
2026-06-01 10:40:50,831 - src.interpretability_layer - INFO - ================================================================================
2026-06-01 10:40:50,831 - __main__ - INFO - 
🔥🔥🔥🔥🔥🔥🔥🔥🔥🔥🔥🔥🔥🔥🔥🔥🔥🔥🔥🔥🔥🔥🔥🔥🔥🔥🔥🔥🔥🔥🔥🔥🔥🔥🔥🔥🔥🔥🔥🔥
2026-06-01 10:40:50,831 - __main__ - INFO - 📊 PHASE 7: SUMMARY & RESULTS
2026-06-01 10:40:50,831 - __main__ - INFO - 🔥🔥🔥🔥🔥🔥🔥🔥🔥🔥🔥🔥🔥🔥🔥🔥🔥🔥🔥🔥🔥🔥🔥🔥🔥🔥🔥🔥🔥🔥🔥🔥🔥🔥🔥🔥🔥🔥🔥🔥
2026-06-01 10:40:50,832 - __main__ - INFO - 
✓ Summary saved
2026-06-01 10:40:50,832 - __main__ - INFO - 
💾 Final memory usage: 0.10GB / 8GB
2026-06-01 10:40:50,832 - __main__ - INFO - 
🔥🔥🔥🔥🔥🔥🔥🔥🔥🔥🔥🔥🔥🔥🔥🔥🔥🔥🔥🔥🔥🔥🔥🔥🔥🔥🔥🔥🔥🔥🔥🔥🔥🔥🔥🔥🔥🔥🔥🔥
2026-06-01 10:40:50,832 - __main__ - INFO - ✅ PIPELINE COMPLETE!
2026-06-01 10:40:50,832 - __main__ - INFO - 🔥🔥🔥🔥🔥🔥🔥🔥🔥🔥🔥🔥🔥🔥🔥🔥🔥🔥🔥🔥🔥🔥🔥🔥🔥🔥🔥🔥🔥🔥🔥🔥🔥🔥🔥🔥🔥🔥🔥🔥
2026-06-01 10:40:50,832 - __main__ - INFO - 
📂 Outputs saved to:
2026-06-01 10:40:50,832 - __main__ - INFO -     Models: /Users/macbookair/Desktop/Resiliencia criativa/models
2026-06-01 10:40:50,832 - __main__ - INFO -     Reports: /Users/macbookair/Desktop/Resiliencia criativa/outputs/reports
2026-06-01 10:40:50,832 - __main__ - INFO -     Metrics: /Users/macbookair/Desktop/Resiliencia criativa/outputs/metrics
2026-06-01 10:53:10,017 - __main__ - INFO - 

2026-06-01 10:53:10,017 - __main__ - INFO -  COMPLETE PIPELINE TEST SUITE
2026-06-01 10:53:10,017 - __main__ - INFO - 
2026-06-01 10:53:10,017 - __main__ - INFO - 
================================================================================
2026-06-01 10:53:10,018 - __main__ - INFO - TEST 1: DATA LOADING & VALIDATION
2026-06-01 10:53:10,018 - __main__ - INFO - ================================================================================
2026-06-01 10:53:10,018 - src.data_layer - INFO -  Loading data from: /Users/macbookair/Desktop/Resiliencia criativa/pisa_brasil_estudo_limpo.csv
2026-06-01 10:53:10,317 - src.data_layer - INFO -  Loaded 3,834 rows × 1275 columns
2026-06-01 10:53:10,331 - src.data_layer - INFO -  Memory usage: 18.7 MB
2026-06-01 10:53:10,331 - __main__ - INFO -  Shape correct: 3,834 × 1275
2026-06-01 10:53:10,332 - __main__ - INFO -  Target distribution: {0.0: np.int64(3670), 1.0: np.int64(164)}
2026-06-01 10:53:10,332 - __main__ - INFO -  All 6 key columns present
2026-06-01 10:53:10,332 - __main__ - INFO - 
================================================================================
2026-06-01 10:53:10,332 - __main__ - INFO - TEST 2: LEAKAGE DETECTION & DATA INTEGRITY
2026-06-01 10:53:10,332 - __main__ - INFO - ================================================================================
2026-06-01 10:53:10,332 - src.data_layer - INFO - ================================================================================
2026-06-01 10:53:10,332 - src.data_layer - INFO -  STARTING DATA VALIDATION
2026-06-01 10:53:10,332 - src.data_layer - INFO - ================================================================================
2026-06-01 10:53:10,332 - src.data_layer - INFO -  Dataset shape: 3,834 × 1275
2026-06-01 10:53:10,359 - src.data_layer - INFO -  All 1275 columns are valid numeric/string
2026-06-01 10:53:10,359 - src.data_layer - WARNING -   LEAKAGE FEATURE DETECTED: 'CRT_SCORE' must be removed
2026-06-01 10:53:10,359 - src.data_layer - WARNING -   LEAKAGE FEATURE DETECTED: 'Status' must be removed
2026-06-01 10:53:10,359 - src.data_layer - WARNING -   LEAKAGE FEATURE DETECTED: 'Grupo_ESCS' must be removed
2026-06-01 10:53:10,359 - src.data_layer - WARNING -   LEAKAGE FEATURE DETECTED: 'CNTSTUID' must be removed
2026-06-01 10:53:10,359 - src.data_layer - WARNING -   LEAKAGE FEATURE DETECTED: 'W_FSTUWT' must be removed
2026-06-01 10:53:10,433 - src.data_layer - INFO -  No duplicate rows
2026-06-01 10:53:10,449 - src.data_layer - WARNING -   1018 columns have >80% missing:
2026-06-01 10:53:10,449 - src.data_layer - WARNING -     - CR567Q06S: 92.67%
2026-06-01 10:53:10,449 - src.data_layer - WARNING -     - CR543Q13S: 92.46%
2026-06-01 10:53:10,449 - src.data_layer - WARNING -     - CR567Q06F: 92.23%
2026-06-01 10:53:10,449 - src.data_layer - WARNING -     - CR552Q04F: 92.15%
2026-06-01 10:53:10,449 - src.data_layer - WARNING -     - CR561Q06S: 92.15%
2026-06-01 10:53:10,449 - src.data_layer - WARNING -     - CR567Q11SF: 91.94%
2026-06-01 10:53:10,449 - src.data_layer - WARNING -     - CR567Q11SD: 91.91%
2026-06-01 10:53:10,449 - src.data_layer - WARNING -     - CR567Q13S: 91.89%
2026-06-01 10:53:10,449 - src.data_layer - WARNING -     - CR567Q11SC: 91.84%
2026-06-01 10:53:10,449 - src.data_layer - WARNING -     - CR567Q11SA: 91.81%
2026-06-01 10:53:10,451 - src.data_layer - INFO -  Target variable 'Creative_Resilience':
2026-06-01 10:53:10,451 - src.data_layer - INFO -     - 0.0: 3,670 (95.72%)
2026-06-01 10:53:10,452 - src.data_layer - INFO -     - 1.0: 164 (4.28%)
2026-06-01 10:53:10,452 - src.data_layer - INFO - ================================================================================
2026-06-01 10:53:10,452 - src.data_layer - INFO -  VALIDATION COMPLETE
2026-06-01 10:53:10,452 - src.data_layer - INFO - ================================================================================
2026-06-01 10:53:10,452 - __main__ - INFO -  All leakage features detected correctly
2026-06-01 10:53:10,452 - __main__ - INFO -  No duplicate rows
2026-06-01 10:53:10,452 - __main__ - INFO -  Target imbalance ratio: 22.4:1
2026-06-01 10:53:10,452 - __main__ - INFO - 
================================================================================
2026-06-01 10:53:10,452 - __main__ - INFO - TEST 3: PREPROCESSING PIPELINE STAGES
2026-06-01 10:53:10,452 - __main__ - INFO - ================================================================================
2026-06-01 10:53:10,469 - __main__ - INFO - 
Initial: X=3,834 × 1274, y=3,834
2026-06-01 10:53:10,470 - src.preprocessing_pipeline - INFO - 
 STAGE 1: Excluding leakage features
2026-06-01 10:53:10,470 - src.preprocessing_pipeline - INFO -    Removing 5 leakage features:
2026-06-01 10:53:10,470 - src.preprocessing_pipeline - INFO -       - CRT_SCORE
2026-06-01 10:53:10,470 - src.preprocessing_pipeline - INFO -       - Status
2026-06-01 10:53:10,470 - src.preprocessing_pipeline - INFO -       - Grupo_ESCS
2026-06-01 10:53:10,470 - src.preprocessing_pipeline - INFO -       - CNTSTUID
2026-06-01 10:53:10,470 - src.preprocessing_pipeline - INFO -       - W_FSTUWT
2026-06-01 10:53:10,472 - src.preprocessing_pipeline - INFO -    Result: 3,834 × 1269 (removed 5)
2026-06-01 10:53:10,472 - __main__ - INFO - After Stage 1 (exclude_leakage): 1269 columns
2026-06-01 10:53:10,473 - __main__ - INFO -  All leakage features removed
2026-06-01 10:53:10,473 - src.preprocessing_pipeline - INFO - 
 STAGE 2: Imputing missing values
2026-06-01 10:53:10,475 - src.preprocessing_pipeline - INFO -     Dropping 1018 columns with >80% missing
2026-06-01 10:53:22,725 - src.preprocessing_pipeline - INFO -    Result: 0.00% missing remaining
2026-06-01 10:53:22,727 - __main__ - INFO - After Stage 2 (impute_missing): 251 columns
2026-06-01 10:53:22,728 - __main__ - INFO -  No missing values after imputation
2026-06-01 10:53:22,728 - src.preprocessing_pipeline - INFO - 
 STAGE 3: Scaling features
2026-06-01 10:53:22,738 - src.preprocessing_pipeline - INFO -    Mean: 0.000000, Std: 0.992161
2026-06-01 10:53:22,738 - __main__ - INFO - After Stage 3 (scale): 251 columns
2026-06-01 10:53:22,738 - __main__ - INFO -  Features scaled (mean≈0, std≈1)
2026-06-01 10:53:22,738 - src.preprocessing_pipeline - INFO - 
 STAGE 4: Feature selection (RFE)
2026-06-01 10:53:22,738 - src.preprocessing_pipeline - INFO -    Selecting 150 from 251 features using RFE
2026-06-01 10:53:24,640 - src.preprocessing_pipeline - INFO -    Result: 150 features selected
2026-06-01 10:53:24,640 - __main__ - INFO - After Stage 4 (select_features): 150 columns
2026-06-01 10:53:24,640 - __main__ - INFO -  Feature selection complete: 1269 → 150
2026-06-01 10:53:24,640 - __main__ - INFO - 
================================================================================
2026-06-01 10:53:24,640 - __main__ - INFO - TEST 4: STRATIFIED K-FOLD CREATION
2026-06-01 10:53:24,640 - __main__ - INFO - ================================================================================
2026-06-01 10:53:24,641 - src.preprocessing_pipeline - INFO - 
 Creating stratified K-Fold splits
2026-06-01 10:53:24,665 - src.preprocessing_pipeline - INFO -   Fold 0: train 3,067 (pos: 4.27%), test 767 (pos: 4.30%)
2026-06-01 10:53:24,665 - src.preprocessing_pipeline - INFO -   Fold 1: train 3,067 (pos: 4.27%), test 767 (pos: 4.30%)
2026-06-01 10:53:24,666 - src.preprocessing_pipeline - INFO -   Fold 2: train 3,067 (pos: 4.27%), test 767 (pos: 4.30%)
2026-06-01 10:53:24,666 - src.preprocessing_pipeline - INFO -   Fold 3: train 3,067 (pos: 4.27%), test 767 (pos: 4.30%)
2026-06-01 10:53:24,666 - src.preprocessing_pipeline - INFO -   Fold 4: train 3,068 (pos: 4.30%), test 766 (pos: 4.18%)
2026-06-01 10:53:24,666 - __main__ - INFO -  Created 5 stratified folds
2026-06-01 10:53:24,666 - __main__ - INFO -  Class distribution preserved in all folds
2026-06-01 10:53:24,666 - __main__ - INFO -   Original ratio: 4.28%
2026-06-01 10:53:24,666 - __main__ - INFO -   Fold ratios: [np.float32(0.042712748), np.float32(0.042712748), np.float32(0.042712748), np.float32(0.042712748), np.float32(0.04302477)]
2026-06-01 10:53:24,666 - __main__ - INFO - 
================================================================================
2026-06-01 10:53:24,666 - __main__ - INFO - TEST 5: DATA LEAKAGE VERIFICATION
2026-06-01 10:53:24,666 - __main__ - INFO - ================================================================================
2026-06-01 10:53:24,666 - __main__ - INFO -  No direct leakage features present
2026-06-01 10:53:24,684 - __main__ - INFO -  Max correlation with target: 0.2827 (acceptable)
2026-06-01 10:53:24,685 - __main__ - INFO - 
================================================================================
2026-06-01 10:53:24,685 - __main__ - INFO - TEST 6: REPRODUCIBILITY TEST
2026-06-01 10:53:24,685 - __main__ - INFO - ================================================================================
2026-06-01 10:53:24,705 - __main__ - INFO - Run 1: Processing...
2026-06-01 10:53:24,706 - src.preprocessing_pipeline - INFO - 
================================================================================
2026-06-01 10:53:24,706 - src.preprocessing_pipeline - INFO -  STARTING FULL PREPROCESSING PIPELINE
2026-06-01 10:53:24,706 - src.preprocessing_pipeline - INFO - ================================================================================
2026-06-01 10:53:24,706 - src.preprocessing_pipeline - INFO - ⏱  Starting Full preprocessing...
2026-06-01 10:53:24,706 - src.preprocessing_pipeline - INFO - 
 STAGE 1: Excluding leakage features
2026-06-01 10:53:24,707 - src.preprocessing_pipeline - INFO -    Removing 5 leakage features:
2026-06-01 10:53:24,707 - src.preprocessing_pipeline - INFO -       - CRT_SCORE
2026-06-01 10:53:24,707 - src.preprocessing_pipeline - INFO -       - Status
2026-06-01 10:53:24,707 - src.preprocessing_pipeline - INFO -       - Grupo_ESCS
2026-06-01 10:53:24,707 - src.preprocessing_pipeline - INFO -       - CNTSTUID
2026-06-01 10:53:24,707 - src.preprocessing_pipeline - INFO -       - W_FSTUWT
2026-06-01 10:53:24,710 - src.preprocessing_pipeline - INFO -    Result: 3,834 × 1269 (removed 5)
2026-06-01 10:53:24,710 - src.preprocessing_pipeline - INFO - 
 STAGE 2: Imputing missing values
2026-06-01 10:53:24,713 - src.preprocessing_pipeline - INFO -     Dropping 1018 columns with >80% missing
2026-06-01 10:53:36,142 - src.preprocessing_pipeline - INFO -    Result: 0.00% missing remaining
2026-06-01 10:53:36,143 - src.preprocessing_pipeline - INFO - 
 STAGE 3: Scaling features
2026-06-01 10:53:36,152 - src.preprocessing_pipeline - INFO -    Mean: 0.000000, Std: 0.992161
2026-06-01 10:53:36,152 - src.preprocessing_pipeline - INFO - 
 STAGE 4: Feature selection (RFE)
2026-06-01 10:53:36,152 - src.preprocessing_pipeline - INFO -    Selecting 150 from 251 features using RFE
2026-06-01 10:53:38,205 - src.preprocessing_pipeline - INFO -    Result: 150 features selected
2026-06-01 10:53:38,205 - src.preprocessing_pipeline - INFO -  Full preprocessing completed in 13.50s
2026-06-01 10:53:38,206 - src.preprocessing_pipeline - INFO - 
================================================================================
2026-06-01 10:53:38,206 - src.preprocessing_pipeline - INFO -  PREPROCESSING COMPLETE
2026-06-01 10:53:38,206 - src.preprocessing_pipeline - INFO - ================================================================================
2026-06-01 10:53:38,206 - __main__ - INFO - Run 2: Processing with same seed...
2026-06-01 10:53:38,221 - src.preprocessing_pipeline - INFO - 
================================================================================
2026-06-01 10:53:38,221 - src.preprocessing_pipeline - INFO -  STARTING FULL PREPROCESSING PIPELINE
2026-06-01 10:53:38,221 - src.preprocessing_pipeline - INFO - ================================================================================
2026-06-01 10:53:38,221 - src.preprocessing_pipeline - INFO - ⏱  Starting Full preprocessing...
2026-06-01 10:53:38,221 - src.preprocessing_pipeline - INFO - 
 STAGE 1: Excluding leakage features
2026-06-01 10:53:38,221 - src.preprocessing_pipeline - INFO -    Removing 5 leakage features:
2026-06-01 10:53:38,221 - src.preprocessing_pipeline - INFO -       - CRT_SCORE
2026-06-01 10:53:38,221 - src.preprocessing_pipeline - INFO -       - Status
2026-06-01 10:53:38,221 - src.preprocessing_pipeline - INFO -       - Grupo_ESCS
2026-06-01 10:53:38,221 - src.preprocessing_pipeline - INFO -       - CNTSTUID
2026-06-01 10:53:38,221 - src.preprocessing_pipeline - INFO -       - W_FSTUWT
2026-06-01 10:53:38,222 - src.preprocessing_pipeline - INFO -    Result: 3,834 × 1269 (removed 5)
2026-06-01 10:53:38,222 - src.preprocessing_pipeline - INFO - 
 STAGE 2: Imputing missing values
2026-06-01 10:53:38,225 - src.preprocessing_pipeline - INFO -     Dropping 1018 columns with >80% missing
2026-06-01 10:53:49,393 - src.preprocessing_pipeline - INFO -    Result: 0.00% missing remaining
2026-06-01 10:53:49,393 - src.preprocessing_pipeline - INFO - 
 STAGE 3: Scaling features
2026-06-01 10:53:49,402 - src.preprocessing_pipeline - INFO -    Mean: 0.000000, Std: 0.992161
2026-06-01 10:53:49,402 - src.preprocessing_pipeline - INFO - 
 STAGE 4: Feature selection (RFE)
2026-06-01 10:53:49,402 - src.preprocessing_pipeline - INFO -    Selecting 150 from 251 features using RFE
2026-06-01 10:53:51,135 - src.preprocessing_pipeline - INFO -    Result: 150 features selected
2026-06-01 10:53:51,135 - src.preprocessing_pipeline - INFO -  Full preprocessing completed in 12.91s
2026-06-01 10:53:51,135 - src.preprocessing_pipeline - INFO - 
================================================================================
2026-06-01 10:53:51,135 - src.preprocessing_pipeline - INFO -  PREPROCESSING COMPLETE
2026-06-01 10:53:51,135 - src.preprocessing_pipeline - INFO - ================================================================================
2026-06-01 10:53:51,135 - __main__ - INFO -  Reproducibility verified (max diff: 0.00e+00)
2026-06-01 10:53:51,135 - __main__ - INFO - 
================================================================================
2026-06-01 10:53:51,136 - __main__ - INFO - TEST 7: MEMORY EFFICIENCY
2026-06-01 10:53:51,136 - __main__ - INFO - ================================================================================
2026-06-01 10:53:51,136 - __main__ - INFO -  Current memory usage: 0.28GB / 8GB (3.5%)
2026-06-01 10:53:51,136 - __main__ - INFO -  Memory usage acceptable for M1 8GB
2026-06-01 10:53:51,136 - __main__ - INFO - 

2026-06-01 10:53:51,136 - __main__ - INFO -  ALL TESTS PASSED!
2026-06-01 10:53:51,136 - __main__ - INFO - 
2026-06-01 10:53:51,136 - __main__ - INFO - 
 TEST SUMMARY:
2026-06-01 10:53:51,136 - __main__ - INFO -    data_loading: PASS
2026-06-01 10:53:51,136 - __main__ - INFO -    data_validation: PASS
2026-06-01 10:53:51,136 - __main__ - INFO -    preprocessing_stages: PASS
2026-06-01 10:53:51,136 - __main__ - INFO -    stratified_folds: PASS
2026-06-01 10:53:51,136 - __main__ - INFO -    data_leakage: PASS
2026-06-01 10:53:51,136 - __main__ - INFO -    reproducibility: PASS
2026-06-01 10:53:51,136 - __main__ - INFO -    memory_efficiency: PASS
2026-06-01 10:57:15,537 - __main__ - INFO - 

2026-06-01 10:57:15,538 - __main__ - INFO -  COMPLETE ANALYSIS PIPELINE - RESILIÊNCIA CRIATIVA
2026-06-01 10:57:15,538 - __main__ - INFO - 
2026-06-01 10:57:15,543 - __main__ - INFO - 

2026-06-01 10:57:15,543 - __main__ - INFO -  PHASE 1: DATA LOADING & VALIDATION
2026-06-01 10:57:15,543 - __main__ - INFO - 
2026-06-01 10:57:15,543 - src.data_layer - INFO -  Loading data from: /Users/macbookair/Desktop/Resiliencia criativa/pisa_brasil_estudo_limpo.csv
2026-06-01 10:57:15,981 - src.data_layer - INFO -  Loaded 3,834 rows × 1275 columns
2026-06-01 10:57:15,997 - src.data_layer - INFO -  Memory usage: 18.7 MB
2026-06-01 10:57:15,997 - src.data_layer - INFO - ================================================================================
2026-06-01 10:57:15,997 - src.data_layer - INFO -  STARTING DATA VALIDATION
2026-06-01 10:57:15,997 - src.data_layer - INFO - ================================================================================
2026-06-01 10:57:15,997 - src.data_layer - INFO -  Dataset shape: 3,834 × 1275
2026-06-01 10:57:16,026 - src.data_layer - INFO -  All 1275 columns are valid numeric/string
2026-06-01 10:57:16,027 - src.data_layer - WARNING -   LEAKAGE FEATURE DETECTED: 'CRT_SCORE' must be removed
2026-06-01 10:57:16,027 - src.data_layer - WARNING -   LEAKAGE FEATURE DETECTED: 'Status' must be removed
2026-06-01 10:57:16,027 - src.data_layer - WARNING -   LEAKAGE FEATURE DETECTED: 'Grupo_ESCS' must be removed
2026-06-01 10:57:16,027 - src.data_layer - WARNING -   LEAKAGE FEATURE DETECTED: 'CNTSTUID' must be removed
2026-06-01 10:57:16,027 - src.data_layer - WARNING -   LEAKAGE FEATURE DETECTED: 'W_FSTUWT' must be removed
2026-06-01 10:57:16,105 - src.data_layer - INFO -  No duplicate rows
2026-06-01 10:57:16,124 - src.data_layer - WARNING -   1018 columns have >80% missing:
2026-06-01 10:57:16,125 - src.data_layer - WARNING -     - CR567Q06S: 92.67%
2026-06-01 10:57:16,125 - src.data_layer - WARNING -     - CR543Q13S: 92.46%
2026-06-01 10:57:16,125 - src.data_layer - WARNING -     - CR567Q06F: 92.23%
2026-06-01 10:57:16,125 - src.data_layer - WARNING -     - CR552Q04F: 92.15%
2026-06-01 10:57:16,125 - src.data_layer - WARNING -     - CR561Q06S: 92.15%
2026-06-01 10:57:16,126 - src.data_layer - WARNING -     - CR567Q11SF: 91.94%
2026-06-01 10:57:16,126 - src.data_layer - WARNING -     - CR567Q11SD: 91.91%
2026-06-01 10:57:16,126 - src.data_layer - WARNING -     - CR567Q13S: 91.89%
2026-06-01 10:57:16,126 - src.data_layer - WARNING -     - CR567Q11SC: 91.84%
2026-06-01 10:57:16,126 - src.data_layer - WARNING -     - CR567Q11SA: 91.81%
2026-06-01 10:57:16,129 - src.data_layer - INFO -  Target variable 'Creative_Resilience':
2026-06-01 10:57:16,129 - src.data_layer - INFO -     - 0.0: 3,670 (95.72%)
2026-06-01 10:57:16,129 - src.data_layer - INFO -     - 1.0: 164 (4.28%)
2026-06-01 10:57:16,129 - src.data_layer - INFO - ================================================================================
2026-06-01 10:57:16,130 - src.data_layer - INFO -  VALIDATION COMPLETE
2026-06-01 10:57:16,130 - src.data_layer - INFO - ================================================================================
2026-06-01 10:57:16,130 - src.data_layer - INFO -  Generating dataset profile...
2026-06-01 10:57:17,177 - src.data_layer - INFO -  Profile generated: 6 sections
2026-06-01 10:57:17,187 - src.data_layer - INFO -  Profile saved to /Users/macbookair/Desktop/Resiliencia criativa/data/processed/dataset_profile.json
2026-06-01 10:57:17,188 - __main__ - INFO - 

2026-06-01 10:57:17,188 - __main__ - INFO -  PHASE 2: PREPROCESSING
2026-06-01 10:57:17,188 - __main__ - INFO - 
2026-06-01 10:57:17,192 - __main__ - INFO - ⏱  Starting Complete Preprocessing...
2026-06-01 10:57:17,193 - src.preprocessing_pipeline - INFO - 
================================================================================
2026-06-01 10:57:17,193 - src.preprocessing_pipeline - INFO -  STARTING FULL PREPROCESSING PIPELINE
2026-06-01 10:57:17,193 - src.preprocessing_pipeline - INFO - ================================================================================
2026-06-01 10:57:17,193 - src.preprocessing_pipeline - INFO - ⏱  Starting Full preprocessing...
2026-06-01 10:57:17,193 - src.preprocessing_pipeline - INFO - 
 STAGE 1: Excluding leakage features
2026-06-01 10:57:17,193 - src.preprocessing_pipeline - INFO -    Removing 5 leakage features:
2026-06-01 10:57:17,193 - src.preprocessing_pipeline - INFO -       - CRT_SCORE
2026-06-01 10:57:17,193 - src.preprocessing_pipeline - INFO -       - Status
2026-06-01 10:57:17,193 - src.preprocessing_pipeline - INFO -       - Grupo_ESCS
2026-06-01 10:57:17,193 - src.preprocessing_pipeline - INFO -       - CNTSTUID
2026-06-01 10:57:17,194 - src.preprocessing_pipeline - INFO -       - W_FSTUWT
2026-06-01 10:57:17,198 - src.preprocessing_pipeline - INFO -    Result: 3,834 × 1269 (removed 5)
2026-06-01 10:57:17,198 - src.preprocessing_pipeline - INFO - 
 STAGE 2: Imputing missing values
2026-06-01 10:57:17,213 - src.preprocessing_pipeline - INFO -     Dropping 1018 columns with >80% missing
2026-06-01 10:57:29,066 - src.preprocessing_pipeline - INFO -    Result: 0.00% missing remaining
2026-06-01 10:57:29,068 - src.preprocessing_pipeline - INFO - 
 STAGE 3: Scaling features
2026-06-01 10:57:29,081 - src.preprocessing_pipeline - INFO -    Mean: 0.000000, Std: 0.992161
2026-06-01 10:57:29,081 - src.preprocessing_pipeline - INFO - 
 STAGE 4: Feature selection (RFE)
2026-06-01 10:57:29,082 - src.preprocessing_pipeline - INFO -    Selecting 150 from 251 features using RFE
2026-06-01 10:57:31,271 - src.preprocessing_pipeline - INFO -    Result: 150 features selected
2026-06-01 10:57:31,271 - src.preprocessing_pipeline - INFO -  Full preprocessing completed in 14.08s
2026-06-01 10:57:31,272 - src.preprocessing_pipeline - INFO - 
================================================================================
2026-06-01 10:57:31,272 - src.preprocessing_pipeline - INFO -  PREPROCESSING COMPLETE
2026-06-01 10:57:31,272 - src.preprocessing_pipeline - INFO - ================================================================================
2026-06-01 10:57:31,272 - src.preprocessing_pipeline - INFO - 
 Saving preprocessing pipeline...
2026-06-01 10:57:31,275 - src.preprocessing_pipeline - INFO -    Transformers saved to /Users/macbookair/Desktop/Resiliencia criativa/data/processed/preprocessing_pipeline.pkl
2026-06-01 10:57:31,275 - src.preprocessing_pipeline - INFO -    Feature names saved to /Users/macbookair/Desktop/Resiliencia criativa/data/processed/feature_names.pkl
2026-06-01 10:57:31,276 - __main__ - INFO -  Complete Preprocessing completed in 14.08s
2026-06-01 10:57:31,276 - __main__ - INFO - 
 Final shape: (3834, 150)
2026-06-01 10:57:31,276 - __main__ - INFO - 

2026-06-01 10:57:31,276 - __main__ - INFO -  PHASE 3: CREATING STRATIFIED FOLDS
2026-06-01 10:57:31,276 - __main__ - INFO - 
2026-06-01 10:57:31,276 - src.preprocessing_pipeline - INFO - 
 Creating stratified K-Fold splits
2026-06-01 10:57:31,279 - src.preprocessing_pipeline - INFO -   Fold 0: train 3,067 (pos: 4.27%), test 767 (pos: 4.30%)
2026-06-01 10:57:31,279 - src.preprocessing_pipeline - INFO -   Fold 1: train 3,067 (pos: 4.27%), test 767 (pos: 4.30%)
2026-06-01 10:57:31,280 - src.preprocessing_pipeline - INFO -   Fold 2: train 3,067 (pos: 4.27%), test 767 (pos: 4.30%)
2026-06-01 10:57:31,280 - src.preprocessing_pipeline - INFO -   Fold 3: train 3,067 (pos: 4.27%), test 767 (pos: 4.30%)
2026-06-01 10:57:31,280 - src.preprocessing_pipeline - INFO -   Fold 4: train 3,068 (pos: 4.30%), test 766 (pos: 4.18%)
2026-06-01 10:57:31,280 - __main__ - INFO -  Created 5 stratified folds
2026-06-01 10:57:31,280 - __main__ - INFO - 

2026-06-01 10:57:31,280 - __main__ - INFO -  PHASE 4: MODEL TRAINING
2026-06-01 10:57:31,280 - __main__ - INFO - 
2026-06-01 10:57:31,280 - __main__ - INFO - ⏱  Starting Model Training...
2026-06-01 10:57:31,280 - src.model_training - INFO - 
================================================================================
2026-06-01 10:57:31,280 - src.model_training - INFO -  MODEL TRAINING - GRID SEARCH + STRATIFIED CV
2026-06-01 10:57:31,280 - src.model_training - INFO - ================================================================================
2026-06-01 10:57:31,280 - src.model_training - INFO - 
 Training LOGISTIC_REGRESSION...
2026-06-01 10:57:31,280 - src.model_training - INFO - ⏱  Starting GridSearch logistic_regression...
2026-06-01 10:57:35,129 - src.model_training - INFO -  GridSearch logistic_regression completed in 3.85s
2026-06-01 10:57:35,130 - src.model_training - INFO -    Best ROC-AUC: 0.9510
2026-06-01 10:57:35,130 - src.model_training - INFO -    Best params: {'C': 0.01, 'class_weight': 'balanced', 'max_iter': 1000, 'solver': 'liblinear'}
2026-06-01 10:57:35,130 - src.model_training - INFO - 
 Training RANDOM_FOREST...
2026-06-01 10:57:35,130 - src.model_training - INFO - ⏱  Starting GridSearch random_forest...
2026-06-01 10:57:51,062 - __main__ - INFO - 

2026-06-01 10:57:51,063 - __main__ - INFO -  COMPLETE ANALYSIS PIPELINE - RESILIÊNCIA CRIATIVA
2026-06-01 10:57:51,063 - __main__ - INFO - 
2026-06-01 10:57:51,069 - __main__ - INFO - 

2026-06-01 10:57:51,069 - __main__ - INFO -  PHASE 1: DATA LOADING & VALIDATION
2026-06-01 10:57:51,069 - __main__ - INFO - 
2026-06-01 10:57:51,069 - src.data_layer - INFO -  Loading data from: /Users/macbookair/Desktop/Resiliencia criativa/pisa_brasil_estudo_limpo.csv
2026-06-01 10:57:55,896 - src.data_layer - INFO -  Loaded 3,834 rows × 1275 columns
2026-06-01 10:57:55,947 - src.data_layer - INFO -  Memory usage: 18.7 MB
2026-06-01 10:57:55,947 - src.data_layer - INFO - ================================================================================
2026-06-01 10:57:55,947 - src.data_layer - INFO -  STARTING DATA VALIDATION
2026-06-01 10:57:55,947 - src.data_layer - INFO - ================================================================================
2026-06-01 10:57:55,947 - src.data_layer - INFO -  Dataset shape: 3,834 × 1275
2026-06-01 10:57:56,438 - src.data_layer - INFO -  All 1275 columns are valid numeric/string
2026-06-01 10:57:56,438 - src.data_layer - WARNING -   LEAKAGE FEATURE DETECTED: 'CRT_SCORE' must be removed
2026-06-01 10:57:56,438 - src.data_layer - WARNING -   LEAKAGE FEATURE DETECTED: 'Status' must be removed
2026-06-01 10:57:56,438 - src.data_layer - WARNING -   LEAKAGE FEATURE DETECTED: 'Grupo_ESCS' must be removed
2026-06-01 10:57:56,438 - src.data_layer - WARNING -   LEAKAGE FEATURE DETECTED: 'CNTSTUID' must be removed
2026-06-01 10:57:56,438 - src.data_layer - WARNING -   LEAKAGE FEATURE DETECTED: 'W_FSTUWT' must be removed
2026-06-01 10:57:57,238 - src.data_layer - INFO -  No duplicate rows
2026-06-01 10:57:57,337 - src.data_layer - WARNING -   1018 columns have >80% missing:
2026-06-01 10:57:57,337 - src.data_layer - WARNING -     - CR567Q06S: 92.67%
2026-06-01 10:57:57,338 - src.data_layer - WARNING -     - CR543Q13S: 92.46%
2026-06-01 10:57:57,338 - src.data_layer - WARNING -     - CR567Q06F: 92.23%
2026-06-01 10:57:57,338 - src.data_layer - WARNING -     - CR552Q04F: 92.15%
2026-06-01 10:57:57,338 - src.data_layer - WARNING -     - CR561Q06S: 92.15%
2026-06-01 10:57:57,338 - src.data_layer - WARNING -     - CR567Q11SF: 91.94%
2026-06-01 10:57:57,342 - src.data_layer - WARNING -     - CR567Q11SD: 91.91%
2026-06-01 10:57:57,342 - src.data_layer - WARNING -     - CR567Q13S: 91.89%
2026-06-01 10:57:57,342 - src.data_layer - WARNING -     - CR567Q11SC: 91.84%
2026-06-01 10:57:57,342 - src.data_layer - WARNING -     - CR567Q11SA: 91.81%
2026-06-01 10:57:57,381 - src.data_layer - INFO -  Target variable 'Creative_Resilience':
2026-06-01 10:57:57,381 - src.data_layer - INFO -     - 0.0: 3,670 (95.72%)
2026-06-01 10:57:57,381 - src.data_layer - INFO -     - 1.0: 164 (4.28%)
2026-06-01 10:57:57,391 - src.data_layer - INFO - ================================================================================
2026-06-01 10:57:57,392 - src.data_layer - INFO -  VALIDATION COMPLETE
2026-06-01 10:57:57,392 - src.data_layer - INFO - ================================================================================
2026-06-01 10:57:57,392 - src.data_layer - INFO -  Generating dataset profile...
2026-06-01 10:58:09,636 - src.data_layer - INFO -  Profile generated: 6 sections
2026-06-01 10:58:09,748 - src.data_layer - INFO -  Profile saved to /Users/macbookair/Desktop/Resiliencia criativa/data/processed/dataset_profile.json
2026-06-01 10:58:09,828 - __main__ - INFO - 

2026-06-01 10:58:09,828 - __main__ - INFO -  PHASE 2: PREPROCESSING
2026-06-01 10:58:09,828 - __main__ - INFO - 
2026-06-01 10:58:09,850 - __main__ - INFO - ⏱  Starting Complete Preprocessing...
2026-06-01 10:58:09,851 - src.preprocessing_pipeline - INFO - 
================================================================================
2026-06-01 10:58:09,851 - src.preprocessing_pipeline - INFO -  STARTING FULL PREPROCESSING PIPELINE
2026-06-01 10:58:09,851 - src.preprocessing_pipeline - INFO - ================================================================================
2026-06-01 10:58:09,851 - src.preprocessing_pipeline - INFO - ⏱  Starting Full preprocessing...
2026-06-01 10:58:09,851 - src.preprocessing_pipeline - INFO - 
 STAGE 1: Excluding leakage features
2026-06-01 10:58:09,851 - src.preprocessing_pipeline - INFO -    Removing 5 leakage features:
2026-06-01 10:58:09,851 - src.preprocessing_pipeline - INFO -       - CRT_SCORE
2026-06-01 10:58:09,851 - src.preprocessing_pipeline - INFO -       - Status
2026-06-01 10:58:09,851 - src.preprocessing_pipeline - INFO -       - Grupo_ESCS
2026-06-01 10:58:09,851 - src.preprocessing_pipeline - INFO -       - CNTSTUID
2026-06-01 10:58:09,851 - src.preprocessing_pipeline - INFO -       - W_FSTUWT
2026-06-01 10:58:09,859 - src.preprocessing_pipeline - INFO -    Result: 3,834 × 1269 (removed 5)
2026-06-01 10:58:09,859 - src.preprocessing_pipeline - INFO - 
 STAGE 2: Imputing missing values
2026-06-01 10:58:10,186 - src.preprocessing_pipeline - INFO -     Dropping 1018 columns with >80% missing
2026-06-01 10:58:24,981 - src.model_training - INFO -  GridSearch random_forest completed in 49.85s
2026-06-01 10:58:24,982 - src.model_training - INFO -    Best ROC-AUC: 0.9578
2026-06-01 10:58:24,982 - src.model_training - INFO -    Best params: {'class_weight': 'balanced_subsample', 'max_depth': 20, 'min_samples_leaf': 4, 'min_samples_split': 5, 'n_estimators': 200}
2026-06-01 10:58:24,983 - src.model_training - INFO - 
 Training XGBOOST...
2026-06-01 10:58:24,983 - src.model_training - INFO - ⏱  Starting GridSearch xgboost...
2026-06-01 10:58:48,344 - src.preprocessing_pipeline - INFO -    Result: 0.00% missing remaining
2026-06-01 10:58:48,347 - src.preprocessing_pipeline - INFO - 
 STAGE 3: Scaling features
2026-06-01 10:58:48,370 - src.preprocessing_pipeline - INFO -    Mean: 0.000000, Std: 0.992161
2026-06-01 10:58:48,370 - src.preprocessing_pipeline - INFO - 
 STAGE 4: Feature selection (RFE)
2026-06-01 10:58:48,371 - src.preprocessing_pipeline - INFO -    Selecting 150 from 251 features using RFE
2026-06-01 10:58:54,879 - src.preprocessing_pipeline - INFO -    Result: 150 features selected
2026-06-01 10:58:54,880 - src.preprocessing_pipeline - INFO -  Full preprocessing completed in 45.03s
2026-06-01 10:58:54,880 - src.preprocessing_pipeline - INFO - 
================================================================================
2026-06-01 10:58:54,880 - src.preprocessing_pipeline - INFO -  PREPROCESSING COMPLETE
2026-06-01 10:58:54,880 - src.preprocessing_pipeline - INFO - ================================================================================
2026-06-01 10:58:54,880 - src.preprocessing_pipeline - INFO - 
 Saving preprocessing pipeline...
2026-06-01 10:58:54,888 - src.preprocessing_pipeline - INFO -    Transformers saved to /Users/macbookair/Desktop/Resiliencia criativa/data/processed/preprocessing_pipeline.pkl
2026-06-01 10:58:54,889 - src.preprocessing_pipeline - INFO -    Feature names saved to /Users/macbookair/Desktop/Resiliencia criativa/data/processed/feature_names.pkl
2026-06-01 10:58:54,890 - __main__ - INFO -  Complete Preprocessing completed in 45.04s
2026-06-01 10:58:54,890 - __main__ - INFO - 
 Final shape: (3834, 150)
2026-06-01 10:58:54,890 - __main__ - INFO - 

2026-06-01 10:58:54,890 - __main__ - INFO -  PHASE 3: CREATING STRATIFIED FOLDS
2026-06-01 10:58:54,890 - __main__ - INFO - 
2026-06-01 10:58:54,890 - src.preprocessing_pipeline - INFO - 
 Creating stratified K-Fold splits
2026-06-01 10:58:54,892 - src.preprocessing_pipeline - INFO -   Fold 0: train 3,067 (pos: 4.27%), test 767 (pos: 4.30%)
2026-06-01 10:58:54,893 - src.preprocessing_pipeline - INFO -   Fold 1: train 3,067 (pos: 4.27%), test 767 (pos: 4.30%)
2026-06-01 10:58:54,893 - src.preprocessing_pipeline - INFO -   Fold 2: train 3,067 (pos: 4.27%), test 767 (pos: 4.30%)
2026-06-01 10:58:54,893 - src.preprocessing_pipeline - INFO -   Fold 3: train 3,067 (pos: 4.27%), test 767 (pos: 4.30%)
2026-06-01 10:58:54,894 - src.preprocessing_pipeline - INFO -   Fold 4: train 3,068 (pos: 4.30%), test 766 (pos: 4.18%)
2026-06-01 10:58:54,894 - __main__ - INFO -  Created 5 stratified folds
2026-06-01 10:58:54,894 - __main__ - INFO - 

2026-06-01 10:58:54,894 - __main__ - INFO -  PHASE 4: MODEL TRAINING
2026-06-01 10:58:54,894 - __main__ - INFO - 
2026-06-01 10:58:54,894 - __main__ - INFO - ⏱  Starting Model Training...
2026-06-01 10:58:54,894 - src.model_training - INFO - 
================================================================================
2026-06-01 10:58:54,894 - src.model_training - INFO -  MODEL TRAINING - GRID SEARCH + STRATIFIED CV
2026-06-01 10:58:54,894 - src.model_training - INFO - ================================================================================
2026-06-01 10:58:54,895 - src.model_training - INFO - 
 Training LOGISTIC_REGRESSION...
2026-06-01 10:58:54,895 - src.model_training - INFO - ⏱  Starting GridSearch logistic_regression...
2026-06-01 10:58:55,697 - src.model_training - INFO -  GridSearch xgboost completed in 30.71s
2026-06-01 10:58:55,698 - src.model_training - INFO -    Best ROC-AUC: 0.9600
2026-06-01 10:58:55,698 - src.model_training - INFO -    Best params: {'learning_rate': 0.05, 'max_depth': 4, 'n_estimators': 200, 'scale_pos_weight': 22.4, 'subsample': 0.8}
2026-06-01 10:58:55,698 - src.model_training - INFO - 
 Training LIGHTGBM...
2026-06-01 10:58:55,699 - src.model_training - INFO - ⏱  Starting GridSearch lightgbm...
2026-06-01 10:59:12,126 - src.model_training - INFO -  GridSearch logistic_regression completed in 17.23s
2026-06-01 10:59:12,127 - src.model_training - INFO -    Best ROC-AUC: 0.9510
2026-06-01 10:59:12,127 - src.model_training - INFO -    Best params: {'C': 0.01, 'class_weight': 'balanced', 'max_iter': 1000, 'solver': 'liblinear'}
2026-06-01 10:59:12,127 - src.model_training - INFO - 
 Training RANDOM_FOREST...
2026-06-01 10:59:12,128 - src.model_training - INFO - ⏱  Starting GridSearch random_forest...
2026-06-01 11:00:43,505 - src.model_training - INFO -  GridSearch random_forest completed in 91.38s
2026-06-01 11:00:43,506 - src.model_training - INFO -    Best ROC-AUC: 0.9578
2026-06-01 11:00:43,506 - src.model_training - INFO -    Best params: {'class_weight': 'balanced_subsample', 'max_depth': 20, 'min_samples_leaf': 4, 'min_samples_split': 5, 'n_estimators': 200}
2026-06-01 11:00:43,506 - src.model_training - INFO - 
 Training XGBOOST...
2026-06-01 11:00:43,506 - src.model_training - INFO - ⏱  Starting GridSearch xgboost...
2026-06-01 11:01:31,853 - src.model_training - INFO -  GridSearch lightgbm completed in 156.15s
2026-06-01 11:01:31,854 - src.model_training - INFO -    Best ROC-AUC: 0.9653
2026-06-01 11:01:31,854 - src.model_training - INFO -    Best params: {'class_weight': 'balanced', 'learning_rate': 0.05, 'max_depth': 4, 'n_estimators': 200, 'num_leaves': 20}
2026-06-01 11:01:31,854 - src.model_training - INFO - 
================================================================================
2026-06-01 11:01:31,854 - src.model_training - INFO -  TRAINING COMPLETE
2026-06-01 11:01:31,854 - src.model_training - INFO - ================================================================================
2026-06-01 11:01:31,854 - __main__ - INFO -  Model Training completed in 240.57s
2026-06-01 11:01:31,854 - src.model_training - INFO - 
 Saving trained models...
2026-06-01 11:01:31,857 - src.model_training - INFO -    logistic_regression saved to /Users/macbookair/Desktop/Resiliencia criativa/models/logistic_regression_model.pkl
2026-06-01 11:01:31,959 - src.model_training - INFO -    random_forest saved to /Users/macbookair/Desktop/Resiliencia criativa/models/random_forest_model.pkl
2026-06-01 11:01:32,015 - src.model_training - INFO -    xgboost saved to /Users/macbookair/Desktop/Resiliencia criativa/models/xgboost_model.pkl
2026-06-01 11:01:32,047 - src.model_training - INFO -    lightgbm saved to /Users/macbookair/Desktop/Resiliencia criativa/models/lightgbm_model.pkl
2026-06-01 11:01:32,191 - __main__ - INFO - 

2026-06-01 11:01:32,191 - __main__ - INFO -  PHASE 5: EVALUATION & POST-TRAINING ANALYSIS
2026-06-01 11:01:32,193 - __main__ - INFO - 
2026-06-01 11:01:32,197 - src.model_training - INFO - 
 EVALUATING MODELS ON TEST SET
2026-06-01 11:01:32,234 - src.model_training - INFO - 
LOGISTIC_REGRESSION:
2026-06-01 11:01:32,234 - src.model_training - INFO -   roc_auc: 0.9786
2026-06-01 11:01:32,234 - src.model_training - INFO -   f1: 0.3837
2026-06-01 11:01:32,234 - src.model_training - INFO -   precision: 0.2374
2026-06-01 11:01:32,234 - src.model_training - INFO -   recall: 1.0000
2026-06-01 11:01:32,234 - src.model_training - INFO -   balanced_accuracy: 0.9278
2026-06-01 11:01:32,234 - src.model_training - INFO -   specificity: 0.8556
2026-06-01 11:01:32,234 - src.model_training - INFO -   false_positive_rate: 0.1444
2026-06-01 11:01:32,234 - src.model_training - INFO -   false_negative_rate: 0.0000
2026-06-01 11:01:32,382 - src.model_training - INFO - 
RANDOM_FOREST:
2026-06-01 11:01:32,382 - src.model_training - INFO -   roc_auc: 1.0000
2026-06-01 11:01:32,382 - src.model_training - INFO -   f1: 1.0000
2026-06-01 11:01:32,382 - src.model_training - INFO -   precision: 1.0000
2026-06-01 11:01:32,382 - src.model_training - INFO -   recall: 1.0000
2026-06-01 11:01:32,382 - src.model_training - INFO -   balanced_accuracy: 1.0000
2026-06-01 11:01:32,382 - src.model_training - INFO -   specificity: 1.0000
2026-06-01 11:01:32,382 - src.model_training - INFO -   false_positive_rate: 0.0000
2026-06-01 11:01:32,382 - src.model_training - INFO -   false_negative_rate: 0.0000
2026-06-01 11:01:32,433 - src.model_training - INFO - 
XGBOOST:
2026-06-01 11:01:32,433 - src.model_training - INFO -   roc_auc: 1.0000
2026-06-01 11:01:32,433 - src.model_training - INFO -   f1: 0.9041
2026-06-01 11:01:32,435 - src.model_training - INFO -   precision: 0.8250
2026-06-01 11:01:32,436 - src.model_training - INFO -   recall: 1.0000
2026-06-01 11:01:32,436 - src.model_training - INFO -   balanced_accuracy: 0.9952
2026-06-01 11:01:32,436 - src.model_training - INFO -   specificity: 0.9905
2026-06-01 11:01:32,436 - src.model_training - INFO -   false_positive_rate: 0.0095
2026-06-01 11:01:32,436 - src.model_training - INFO -   false_negative_rate: 0.0000
2026-06-01 11:01:32,467 - src.model_training - INFO - 
LIGHTGBM:
2026-06-01 11:01:32,467 - src.model_training - INFO -   roc_auc: 1.0000
2026-06-01 11:01:32,467 - src.model_training - INFO -   f1: 0.8462
2026-06-01 11:01:32,467 - src.model_training - INFO -   precision: 0.7333
2026-06-01 11:01:32,467 - src.model_training - INFO -   recall: 1.0000
2026-06-01 11:01:32,467 - src.model_training - INFO -   balanced_accuracy: 0.9918
2026-06-01 11:01:32,467 - src.model_training - INFO -   specificity: 0.9837
2026-06-01 11:01:32,467 - src.model_training - INFO -   false_positive_rate: 0.0163
2026-06-01 11:01:32,467 - src.model_training - INFO -   false_negative_rate: 0.0000
2026-06-01 11:01:32,467 - __main__ - INFO - 
 Threshold Optimization
2026-06-01 11:01:32,473 - src.post_training_analysis - INFO - 
 Optimizing threshold for metric: f1
2026-06-01 11:01:33,333 - src.post_training_analysis - INFO -    Optimal threshold: 0.77
2026-06-01 11:01:33,334 - src.post_training_analysis - INFO -    Metrics at optimal threshold:
2026-06-01 11:01:33,334 - src.post_training_analysis - INFO -       f1: 1.0000
2026-06-01 11:01:33,334 - src.post_training_analysis - INFO -       precision: 1.0000
2026-06-01 11:01:33,334 - src.post_training_analysis - INFO -       recall: 1.0000
2026-06-01 11:01:33,334 - src.post_training_analysis - INFO -       specificity: 1.0000
2026-06-01 11:01:33,334 - src.post_training_analysis - INFO -       youden_j: 1.0000
2026-06-01 11:01:33,334 - __main__ - INFO - 
 Bootstrap Analysis (95% CI)
2026-06-01 11:01:33,334 - src.post_training_analysis - INFO - 
 Computing bootstrap CI (n=100)...
2026-06-01 11:01:34,513 - src.post_training_analysis - INFO -    Bootstrap CI computed for 6 metrics
2026-06-01 11:01:34,514 - __main__ - INFO - 
 Calibration Analysis
2026-06-01 11:01:34,515 - src.post_training_analysis - INFO - 
 Analyzing model calibration...
2026-06-01 11:01:34,516 - src.post_training_analysis - INFO -    Brier Score: 0.0117
2026-06-01 11:01:34,516 - src.post_training_analysis - INFO -     (Lower is better; 0=perfect, 1=worst)
2026-06-01 11:01:34,516 - __main__ - INFO - 

2026-06-01 11:01:34,516 - __main__ - INFO -  PHASE 6: INTERPRETABILITY
2026-06-01 11:01:34,516 - __main__ - INFO - 
2026-06-01 11:01:34,516 - __main__ - INFO - 
 SHAP Analysis
2026-06-01 11:01:34,517 - src.interpretability_layer - INFO - 
 Computing SHAP values (explainer: tree)...
2026-06-01 11:01:34,518 - src.interpretability_layer - INFO -   Limiting background to 500 samples (from 767)
2026-06-01 11:01:34,518 - src.interpretability_layer - INFO -   Using KernelExplainer (may be slow)...
2026-06-01 11:01:34,525 - src.interpretability_layer - ERROR -    Error computing SHAP: property 'feature_names_in_' of 'LGBMClassifier' object has no setter
2026-06-01 11:01:34,526 - __main__ - INFO - 
  Fairness Analysis
2026-06-01 11:01:34,539 - src.interpretability_layer - INFO - 
================================================================================
2026-06-01 11:01:34,539 - src.interpretability_layer - INFO -  FAIRNESS ANALYSIS - ALL PROTECTED ATTRIBUTES
2026-06-01 11:01:34,539 - src.interpretability_layer - INFO - ================================================================================
2026-06-01 11:01:34,539 - src.interpretability_layer - INFO - 
  Analyzing fairness across gender...
2026-06-01 11:01:34,545 - src.interpretability_layer - ERROR -    Error analyzing gender: Unalignable boolean Series provided as indexer (index of the boolean Series and of the indexed object do not match).
2026-06-01 11:01:34,545 - src.interpretability_layer - INFO - 
================================================================================
2026-06-01 11:01:34,545 - src.interpretability_layer - INFO -  FAIRNESS ANALYSIS COMPLETE
2026-06-01 11:01:34,545 - src.interpretability_layer - INFO - ================================================================================
2026-06-01 11:01:34,546 - __main__ - INFO - 

2026-06-01 11:01:34,546 - __main__ - INFO -  PHASE 7: SUMMARY & RESULTS
2026-06-01 11:01:34,546 - __main__ - INFO - 
2026-06-01 11:01:34,547 - __main__ - INFO - 
 Summary saved
2026-06-01 11:01:34,548 - __main__ - INFO - 
 Final memory usage: 0.11GB / 8GB
2026-06-01 11:01:34,548 - __main__ - INFO - 

2026-06-01 11:01:34,548 - __main__ - INFO -  PIPELINE COMPLETE!
2026-06-01 11:01:34,548 - __main__ - INFO - 
2026-06-01 11:01:34,548 - __main__ - INFO - 
 Outputs saved to:
2026-06-01 11:01:34,548 - __main__ - INFO -     Models: /Users/macbookair/Desktop/Resiliencia criativa/models
2026-06-01 11:01:34,548 - __main__ - INFO -     Reports: /Users/macbookair/Desktop/Resiliencia criativa/outputs/reports
2026-06-01 11:01:34,549 - __main__ - INFO -     Metrics: /Users/macbookair/Desktop/Resiliencia criativa/outputs/metrics
2026-06-01 11:01:57,752 - src.model_training - INFO -  GridSearch xgboost completed in 74.25s
2026-06-01 11:01:57,753 - src.model_training - INFO -    Best ROC-AUC: 0.9600
2026-06-01 11:01:57,753 - src.model_training - INFO -    Best params: {'learning_rate': 0.05, 'max_depth': 4, 'n_estimators': 200, 'scale_pos_weight': 22.4, 'subsample': 0.8}
2026-06-01 11:01:57,753 - src.model_training - INFO - 
 Training LIGHTGBM...
2026-06-01 11:01:57,754 - src.model_training - INFO - ⏱  Starting GridSearch lightgbm...
2026-06-01 11:04:00,137 - src.model_training - INFO -  GridSearch lightgbm completed in 122.38s
2026-06-01 11:04:00,139 - src.model_training - INFO -    Best ROC-AUC: 0.9653
2026-06-01 11:04:00,139 - src.model_training - INFO -    Best params: {'class_weight': 'balanced', 'learning_rate': 0.05, 'max_depth': 4, 'n_estimators': 200, 'num_leaves': 20}
2026-06-01 11:04:00,139 - src.model_training - INFO - 
================================================================================
2026-06-01 11:04:00,139 - src.model_training - INFO -  TRAINING COMPLETE
2026-06-01 11:04:00,139 - src.model_training - INFO - ================================================================================
2026-06-01 11:04:00,140 - __main__ - INFO -  Model Training completed in 305.25s
2026-06-01 11:04:00,140 - src.model_training - INFO - 
 Saving trained models...
2026-06-01 11:04:00,142 - src.model_training - INFO -    logistic_regression saved to /Users/macbookair/Desktop/Resiliencia criativa/models/logistic_regression_model.pkl
2026-06-01 11:04:00,211 - src.model_training - INFO -    random_forest saved to /Users/macbookair/Desktop/Resiliencia criativa/models/random_forest_model.pkl
2026-06-01 11:04:00,215 - src.model_training - INFO -    xgboost saved to /Users/macbookair/Desktop/Resiliencia criativa/models/xgboost_model.pkl
2026-06-01 11:04:00,220 - src.model_training - INFO -    lightgbm saved to /Users/macbookair/Desktop/Resiliencia criativa/models/lightgbm_model.pkl
2026-06-01 11:04:00,341 - __main__ - INFO - 

2026-06-01 11:04:00,341 - __main__ - INFO -  PHASE 5: EVALUATION & POST-TRAINING ANALYSIS
2026-06-01 11:04:00,341 - __main__ - INFO - 
2026-06-01 11:04:00,343 - src.model_training - INFO - 
 EVALUATING MODELS ON TEST SET
2026-06-01 11:04:00,364 - src.model_training - INFO - 
LOGISTIC_REGRESSION:
2026-06-01 11:04:00,364 - src.model_training - INFO -   roc_auc: 0.9786
2026-06-01 11:04:00,364 - src.model_training - INFO -   f1: 0.3837
2026-06-01 11:04:00,364 - src.model_training - INFO -   precision: 0.2374
2026-06-01 11:04:00,364 - src.model_training - INFO -   recall: 1.0000
2026-06-01 11:04:00,364 - src.model_training - INFO -   balanced_accuracy: 0.9278
2026-06-01 11:04:00,364 - src.model_training - INFO -   specificity: 0.8556
2026-06-01 11:04:00,364 - src.model_training - INFO -   false_positive_rate: 0.1444
2026-06-01 11:04:00,364 - src.model_training - INFO -   false_negative_rate: 0.0000
2026-06-01 11:04:00,458 - src.model_training - INFO - 
RANDOM_FOREST:
2026-06-01 11:04:00,458 - src.model_training - INFO -   roc_auc: 1.0000
2026-06-01 11:04:00,458 - src.model_training - INFO -   f1: 1.0000
2026-06-01 11:04:00,458 - src.model_training - INFO -   precision: 1.0000
2026-06-01 11:04:00,458 - src.model_training - INFO -   recall: 1.0000
2026-06-01 11:04:00,458 - src.model_training - INFO -   balanced_accuracy: 1.0000
2026-06-01 11:04:00,458 - src.model_training - INFO -   specificity: 1.0000
2026-06-01 11:04:00,458 - src.model_training - INFO -   false_positive_rate: 0.0000
2026-06-01 11:04:00,458 - src.model_training - INFO -   false_negative_rate: 0.0000
2026-06-01 11:04:00,487 - src.model_training - INFO - 
XGBOOST:
2026-06-01 11:04:00,487 - src.model_training - INFO -   roc_auc: 1.0000
2026-06-01 11:04:00,487 - src.model_training - INFO -   f1: 0.9041
2026-06-01 11:04:00,487 - src.model_training - INFO -   precision: 0.8250
2026-06-01 11:04:00,488 - src.model_training - INFO -   recall: 1.0000
2026-06-01 11:04:00,488 - src.model_training - INFO -   balanced_accuracy: 0.9952
2026-06-01 11:04:00,488 - src.model_training - INFO -   specificity: 0.9905
2026-06-01 11:04:00,488 - src.model_training - INFO -   false_positive_rate: 0.0095
2026-06-01 11:04:00,488 - src.model_training - INFO -   false_negative_rate: 0.0000
2026-06-01 11:04:00,503 - src.model_training - INFO - 
LIGHTGBM:
2026-06-01 11:04:00,503 - src.model_training - INFO -   roc_auc: 1.0000
2026-06-01 11:04:00,503 - src.model_training - INFO -   f1: 0.8462
2026-06-01 11:04:00,503 - src.model_training - INFO -   precision: 0.7333
2026-06-01 11:04:00,503 - src.model_training - INFO -   recall: 1.0000
2026-06-01 11:04:00,503 - src.model_training - INFO -   balanced_accuracy: 0.9918
2026-06-01 11:04:00,504 - src.model_training - INFO -   specificity: 0.9837
2026-06-01 11:04:00,504 - src.model_training - INFO -   false_positive_rate: 0.0163
2026-06-01 11:04:00,504 - src.model_training - INFO -   false_negative_rate: 0.0000
2026-06-01 11:04:00,504 - __main__ - INFO - 
 Threshold Optimization
2026-06-01 11:04:00,507 - src.post_training_analysis - INFO - 
 Optimizing threshold for metric: f1
2026-06-01 11:04:00,830 - src.post_training_analysis - INFO -    Optimal threshold: 0.77
2026-06-01 11:04:00,830 - src.post_training_analysis - INFO -    Metrics at optimal threshold:
2026-06-01 11:04:00,830 - src.post_training_analysis - INFO -       f1: 1.0000
2026-06-01 11:04:00,830 - src.post_training_analysis - INFO -       precision: 1.0000
2026-06-01 11:04:00,830 - src.post_training_analysis - INFO -       recall: 1.0000
2026-06-01 11:04:00,830 - src.post_training_analysis - INFO -       specificity: 1.0000
2026-06-01 11:04:00,830 - src.post_training_analysis - INFO -       youden_j: 1.0000
2026-06-01 11:04:00,830 - __main__ - INFO - 
 Bootstrap Analysis (95% CI)
2026-06-01 11:04:00,830 - src.post_training_analysis - INFO - 
 Computing bootstrap CI (n=100)...
2026-06-01 11:04:01,143 - src.post_training_analysis - INFO -    Bootstrap CI computed for 6 metrics
2026-06-01 11:04:01,144 - __main__ - INFO - 
 Calibration Analysis
2026-06-01 11:04:01,144 - src.post_training_analysis - INFO - 
 Analyzing model calibration...
2026-06-01 11:04:01,145 - src.post_training_analysis - INFO -    Brier Score: 0.0117
2026-06-01 11:04:01,145 - src.post_training_analysis - INFO -     (Lower is better; 0=perfect, 1=worst)
2026-06-01 11:04:01,145 - __main__ - INFO - 

2026-06-01 11:04:01,145 - __main__ - INFO -  PHASE 6: INTERPRETABILITY
2026-06-01 11:04:01,145 - __main__ - INFO - 
2026-06-01 11:04:01,145 - __main__ - INFO - 
 SHAP Analysis
2026-06-01 11:04:01,145 - src.interpretability_layer - INFO - 
 Computing SHAP values (explainer: tree)...
2026-06-01 11:04:01,145 - src.interpretability_layer - INFO -   Limiting background to 500 samples (from 767)
2026-06-01 11:04:01,145 - src.interpretability_layer - INFO -   Using KernelExplainer (may be slow)...
2026-06-01 11:04:01,149 - src.interpretability_layer - ERROR -    Error computing SHAP: property 'feature_names_in_' of 'LGBMClassifier' object has no setter
2026-06-01 11:04:01,149 - __main__ - INFO - 
  Fairness Analysis
2026-06-01 11:04:01,153 - src.interpretability_layer - INFO - 
================================================================================
2026-06-01 11:04:01,153 - src.interpretability_layer - INFO -  FAIRNESS ANALYSIS - ALL PROTECTED ATTRIBUTES
2026-06-01 11:04:01,153 - src.interpretability_layer - INFO - ================================================================================
2026-06-01 11:04:01,154 - src.interpretability_layer - INFO - 
  Analyzing fairness across gender...
2026-06-01 11:04:01,155 - src.interpretability_layer - ERROR -    Error analyzing gender: Unalignable boolean Series provided as indexer (index of the boolean Series and of the indexed object do not match).
2026-06-01 11:04:01,155 - src.interpretability_layer - INFO - 
================================================================================
2026-06-01 11:04:01,155 - src.interpretability_layer - INFO -  FAIRNESS ANALYSIS COMPLETE
2026-06-01 11:04:01,155 - src.interpretability_layer - INFO - ================================================================================
2026-06-01 11:04:01,155 - __main__ - INFO - 

2026-06-01 11:04:01,155 - __main__ - INFO -  PHASE 7: SUMMARY & RESULTS
2026-06-01 11:04:01,155 - __main__ - INFO - 
2026-06-01 11:04:01,156 - __main__ - INFO - 
 Summary saved
2026-06-01 11:04:01,156 - __main__ - INFO - 
 Final memory usage: 0.12GB / 8GB
2026-06-01 11:04:01,156 - __main__ - INFO - 

2026-06-01 11:04:01,156 - __main__ - INFO -  PIPELINE COMPLETE!
2026-06-01 11:04:01,156 - __main__ - INFO - 
2026-06-01 11:04:01,156 - __main__ - INFO - 
 Outputs saved to:
2026-06-01 11:04:01,156 - __main__ - INFO -     Models: /Users/macbookair/Desktop/Resiliencia criativa/models
2026-06-01 11:04:01,156 - __main__ - INFO -     Reports: /Users/macbookair/Desktop/Resiliencia criativa/outputs/reports
2026-06-01 11:04:01,156 - __main__ - INFO -     Metrics: /Users/macbookair/Desktop/Resiliencia criativa/outputs/metrics
2026-06-01 11:17:11,142 - src.permutation_audit - INFO - 
Running permutation audit...
2026-06-01 11:17:12,738 - src.data_layer - INFO -  Loading data from: /Users/macbookair/Desktop/Resiliencia criativa/pisa_brasil_estudo_limpo.csv
2026-06-01 11:17:13,103 - src.data_layer - INFO -  Loaded 3,834 rows × 1275 columns
2026-06-01 11:17:13,131 - src.data_layer - INFO -  Memory usage: 18.7 MB
2026-06-01 11:17:13,137 - src.preprocessing_pipeline - INFO - 
 Loading preprocessing pipeline...
2026-06-01 11:17:13,143 - src.preprocessing_pipeline - INFO -    Pipeline loaded successfully
2026-06-01 11:17:13,143 - src.preprocessing_pipeline - INFO - 
================================================================================
2026-06-01 11:17:13,143 - src.preprocessing_pipeline - INFO -  STARTING FULL PREPROCESSING PIPELINE
2026-06-01 11:17:13,143 - src.preprocessing_pipeline - INFO - ================================================================================
2026-06-01 11:17:13,143 - src.preprocessing_pipeline - INFO - ⏱  Starting Full preprocessing...
2026-06-01 11:17:13,143 - src.preprocessing_pipeline - INFO - 
 STAGE 1: Excluding leakage features
2026-06-01 11:17:13,143 - src.preprocessing_pipeline - INFO -    Removing 5 leakage features:
2026-06-01 11:17:13,143 - src.preprocessing_pipeline - INFO -       - CRT_SCORE
2026-06-01 11:17:13,143 - src.preprocessing_pipeline - INFO -       - Status
2026-06-01 11:17:13,143 - src.preprocessing_pipeline - INFO -       - Grupo_ESCS
2026-06-01 11:17:13,143 - src.preprocessing_pipeline - INFO -       - CNTSTUID
2026-06-01 11:17:13,143 - src.preprocessing_pipeline - INFO -       - W_FSTUWT
2026-06-01 11:17:13,147 - src.preprocessing_pipeline - INFO -    Result: 3,834 × 1269 (removed 5)
2026-06-01 11:17:13,147 - src.preprocessing_pipeline - INFO - 
 STAGE 2: Imputing missing values
2026-06-01 11:17:13,169 - src.preprocessing_pipeline - INFO -     Dropping 1018 columns with >80% missing
2026-06-01 11:17:25,345 - src.preprocessing_pipeline - INFO -    Result: 0.00% missing remaining
2026-06-01 11:17:25,347 - src.preprocessing_pipeline - INFO - 
 STAGE 3: Scaling features
2026-06-01 11:17:25,358 - src.preprocessing_pipeline - INFO -    Mean: 0.000000, Std: 0.992161
2026-06-01 11:17:25,358 - src.preprocessing_pipeline - INFO - 
 STAGE 4: Feature selection (RFE)
2026-06-01 11:17:25,358 - src.preprocessing_pipeline - INFO -    Selecting 150 from 251 features using RFE
2026-06-01 11:17:27,310 - src.preprocessing_pipeline - INFO -    Result: 150 features selected
2026-06-01 11:17:27,310 - src.preprocessing_pipeline - INFO -  Full preprocessing completed in 14.17s
2026-06-01 11:17:27,310 - src.preprocessing_pipeline - INFO - 
================================================================================
2026-06-01 11:17:27,310 - src.preprocessing_pipeline - INFO -  PREPROCESSING COMPLETE
2026-06-01 11:17:27,310 - src.preprocessing_pipeline - INFO - ================================================================================
2026-06-01 11:18:25,242 - src.permutation_audit - INFO - 
Running permutation audit...
2026-06-01 11:18:26,703 - src.data_layer - INFO -  Loading data from: /Users/macbookair/Desktop/Resiliencia criativa/pisa_brasil_estudo_limpo.csv
2026-06-01 11:18:27,052 - src.data_layer - INFO -  Loaded 3,834 rows × 1275 columns
2026-06-01 11:18:27,065 - src.data_layer - INFO -  Memory usage: 18.7 MB
2026-06-01 11:18:27,070 - src.preprocessing_pipeline - INFO - 
 Loading preprocessing pipeline...
2026-06-01 11:18:27,076 - src.preprocessing_pipeline - INFO -    Pipeline loaded successfully
2026-06-01 11:18:27,076 - src.preprocessing_pipeline - INFO - 
================================================================================
2026-06-01 11:18:27,077 - src.preprocessing_pipeline - INFO -  STARTING FULL PREPROCESSING PIPELINE
2026-06-01 11:18:27,077 - src.preprocessing_pipeline - INFO - ================================================================================
2026-06-01 11:18:27,077 - src.preprocessing_pipeline - INFO - ⏱  Starting Full preprocessing...
2026-06-01 11:18:27,077 - src.preprocessing_pipeline - INFO - 
 STAGE 1: Excluding leakage features
2026-06-01 11:18:27,077 - src.preprocessing_pipeline - INFO -    Removing 5 leakage features:
2026-06-01 11:18:27,078 - src.preprocessing_pipeline - INFO -       - CRT_SCORE
2026-06-01 11:18:27,078 - src.preprocessing_pipeline - INFO -       - Status
2026-06-01 11:18:27,078 - src.preprocessing_pipeline - INFO -       - Grupo_ESCS
2026-06-01 11:18:27,078 - src.preprocessing_pipeline - INFO -       - CNTSTUID
2026-06-01 11:18:27,078 - src.preprocessing_pipeline - INFO -       - W_FSTUWT
2026-06-01 11:18:27,086 - src.preprocessing_pipeline - INFO -    Result: 3,834 × 1269 (removed 5)
2026-06-01 11:18:27,086 - src.preprocessing_pipeline - INFO - 
 STAGE 2: Imputing missing values
2026-06-01 11:18:27,138 - src.preprocessing_pipeline - INFO -     Dropping 1018 columns with >80% missing
2026-06-01 11:18:39,220 - src.preprocessing_pipeline - INFO -    Result: 0.00% missing remaining
2026-06-01 11:18:39,221 - src.preprocessing_pipeline - INFO - 
 STAGE 3: Scaling features
2026-06-01 11:18:39,230 - src.preprocessing_pipeline - INFO -    Mean: 0.000000, Std: 0.992161
2026-06-01 11:18:39,231 - src.preprocessing_pipeline - INFO - 
 STAGE 4: Feature selection (RFE)
2026-06-01 11:18:39,231 - src.preprocessing_pipeline - INFO -    Selecting 150 from 251 features using RFE
2026-06-01 11:18:41,559 - src.preprocessing_pipeline - INFO -    Result: 150 features selected
2026-06-01 11:18:41,559 - src.preprocessing_pipeline - INFO -  Full preprocessing completed in 14.48s
2026-06-01 11:18:41,559 - src.preprocessing_pipeline - INFO - 
================================================================================
2026-06-01 11:18:41,559 - src.preprocessing_pipeline - INFO -  PREPROCESSING COMPLETE
2026-06-01 11:18:41,559 - src.preprocessing_pipeline - INFO - ================================================================================
2026-06-02 15:56:47,897 - __main__ - INFO - 

2026-06-02 15:56:47,897 - __main__ - INFO -  COMPLETE ANALYSIS PIPELINE - RESILIÊNCIA CRIATIVA
2026-06-02 15:56:47,897 - __main__ - INFO - 
2026-06-02 15:56:47,903 - __main__ - INFO - 

2026-06-02 15:56:47,903 - __main__ - INFO -  PHASE 1: DATA LOADING & VALIDATION
2026-06-02 15:56:47,903 - __main__ - INFO - 
2026-06-02 15:56:47,903 - src.data_layer - INFO -  Loading data from: /Users/macbookair/Desktop/Resiliencia criativa/pisa_brasil_estudo_limpo.csv
2026-06-02 15:56:48,428 - src.data_layer - INFO -  Loaded 3,834 rows × 1275 columns
2026-06-02 15:56:48,447 - src.data_layer - INFO -  Memory usage: 18.7 MB
2026-06-02 15:56:48,448 - src.data_layer - INFO - ================================================================================
2026-06-02 15:56:48,448 - src.data_layer - INFO -  STARTING DATA VALIDATION
2026-06-02 15:56:48,448 - src.data_layer - INFO - ================================================================================
2026-06-02 15:56:48,448 - src.data_layer - INFO -  Dataset shape: 3,834 × 1275
2026-06-02 15:56:48,479 - src.data_layer - INFO -  All 1275 columns are valid numeric/string
2026-06-02 15:56:48,480 - src.data_layer - WARNING -   LEAKAGE FEATURE DETECTED: 'CRT_SCORE' must be removed
2026-06-02 15:56:48,480 - src.data_layer - WARNING -   LEAKAGE FEATURE DETECTED: 'Status' must be removed
2026-06-02 15:56:48,480 - src.data_layer - WARNING -   LEAKAGE FEATURE DETECTED: 'Grupo_ESCS' must be removed
2026-06-02 15:56:48,480 - src.data_layer - WARNING -   LEAKAGE FEATURE DETECTED: 'CNTSTUID' must be removed
2026-06-02 15:56:48,480 - src.data_layer - WARNING -   LEAKAGE FEATURE DETECTED: 'W_FSTUWT' must be removed
2026-06-02 15:56:48,620 - src.data_layer - INFO -  No duplicate rows
2026-06-02 15:56:48,640 - src.data_layer - WARNING -   1018 columns have >80% missing:
2026-06-02 15:56:48,640 - src.data_layer - WARNING -     - CR567Q06S: 92.67%
2026-06-02 15:56:48,640 - src.data_layer - WARNING -     - CR543Q13S: 92.46%
2026-06-02 15:56:48,640 - src.data_layer - WARNING -     - CR567Q06F: 92.23%
2026-06-02 15:56:48,640 - src.data_layer - WARNING -     - CR552Q04F: 92.15%
2026-06-02 15:56:48,640 - src.data_layer - WARNING -     - CR561Q06S: 92.15%
2026-06-02 15:56:48,640 - src.data_layer - WARNING -     - CR567Q11SF: 91.94%
2026-06-02 15:56:48,640 - src.data_layer - WARNING -     - CR567Q11SD: 91.91%
2026-06-02 15:56:48,640 - src.data_layer - WARNING -     - CR567Q13S: 91.89%
2026-06-02 15:56:48,640 - src.data_layer - WARNING -     - CR567Q11SC: 91.84%
2026-06-02 15:56:48,640 - src.data_layer - WARNING -     - CR567Q11SA: 91.81%
2026-06-02 15:56:48,643 - src.data_layer - INFO -  Target variable 'Creative_Resilience':
2026-06-02 15:56:48,643 - src.data_layer - INFO -     - 0.0: 3,670 (95.72%)
2026-06-02 15:56:48,643 - src.data_layer - INFO -     - 1.0: 164 (4.28%)
2026-06-02 15:56:48,643 - src.data_layer - INFO - ================================================================================
2026-06-02 15:56:48,643 - src.data_layer - INFO -  VALIDATION COMPLETE
2026-06-02 15:56:48,643 - src.data_layer - INFO - ================================================================================
2026-06-02 15:56:48,643 - src.data_layer - INFO -  Generating dataset profile...
2026-06-02 15:56:49,809 - src.data_layer - INFO -  Profile generated: 6 sections
2026-06-02 15:56:49,820 - src.data_layer - INFO -  Profile saved to /Users/macbookair/Desktop/Resiliencia criativa/data/processed/dataset_profile.json
2026-06-02 15:56:49,820 - __main__ - INFO - 

2026-06-02 15:56:49,820 - __main__ - INFO -  PHASE 2: PREPROCESSING
2026-06-02 15:56:49,820 - __main__ - INFO - 
2026-06-02 15:56:49,825 - __main__ - INFO - ⏱  Starting Complete Preprocessing...
2026-06-02 15:56:49,825 - src.preprocessing_pipeline - INFO - 
================================================================================
2026-06-02 15:56:49,825 - src.preprocessing_pipeline - INFO -  STARTING FULL PREPROCESSING PIPELINE
2026-06-02 15:56:49,825 - src.preprocessing_pipeline - INFO - ================================================================================
2026-06-02 15:56:49,825 - src.preprocessing_pipeline - INFO - ⏱  Starting Full preprocessing...
2026-06-02 15:56:49,825 - src.preprocessing_pipeline - INFO - 
 STAGE 1: Excluding leakage features
2026-06-02 15:56:49,825 - src.preprocessing_pipeline - INFO -    Removing 5 leakage features:
2026-06-02 15:56:49,825 - src.preprocessing_pipeline - INFO -       - CRT_SCORE
2026-06-02 15:56:49,825 - src.preprocessing_pipeline - INFO -       - Status
2026-06-02 15:56:49,825 - src.preprocessing_pipeline - INFO -       - Grupo_ESCS
2026-06-02 15:56:49,825 - src.preprocessing_pipeline - INFO -       - CNTSTUID
2026-06-02 15:56:49,825 - src.preprocessing_pipeline - INFO -       - W_FSTUWT
2026-06-02 15:56:49,829 - src.preprocessing_pipeline - INFO -    Result: 3,834 × 1269 (removed 5)
2026-06-02 15:56:49,829 - src.preprocessing_pipeline - INFO - 
 STAGE 2: Imputing missing values
2026-06-02 15:56:49,846 - src.preprocessing_pipeline - INFO -     Dropping 1018 columns with >80% missing
2026-06-02 15:57:02,616 - src.preprocessing_pipeline - INFO -    Result: 0.00% missing remaining
2026-06-02 15:57:02,618 - src.preprocessing_pipeline - INFO - 
 STAGE 3: Scaling features
2026-06-02 15:57:02,630 - src.preprocessing_pipeline - INFO -    Mean: 0.000000, Std: 0.992161
2026-06-02 15:57:02,631 - src.preprocessing_pipeline - INFO - 
 STAGE 4: Feature selection (RFE)
2026-06-02 15:57:02,631 - src.preprocessing_pipeline - INFO -    Selecting 150 from 251 features using RFE
2026-06-02 15:57:02,922 - src.permutation_audit - INFO - 
Running permutation audit...
2026-06-02 15:57:04,882 - src.data_layer - INFO -  Loading data from: /Users/macbookair/Desktop/Resiliencia criativa/pisa_brasil_estudo_limpo.csv
2026-06-02 15:57:05,611 - src.data_layer - INFO -  Loaded 3,834 rows × 1275 columns
2026-06-02 15:57:05,676 - src.data_layer - INFO -  Memory usage: 18.7 MB
2026-06-02 15:57:05,688 - src.preprocessing_pipeline - INFO - 
 Loading preprocessing pipeline...
2026-06-02 15:57:05,729 - src.preprocessing_pipeline - INFO -    Pipeline loaded successfully
2026-06-02 15:57:05,730 - src.preprocessing_pipeline - INFO - 
================================================================================
2026-06-02 15:57:05,730 - src.preprocessing_pipeline - INFO -  STARTING FULL PREPROCESSING PIPELINE
2026-06-02 15:57:05,730 - src.preprocessing_pipeline - INFO - ================================================================================
2026-06-02 15:57:05,730 - src.preprocessing_pipeline - INFO - ⏱  Starting Full preprocessing...
2026-06-02 15:57:05,731 - src.preprocessing_pipeline - INFO - 
 STAGE 1: Excluding leakage features
2026-06-02 15:57:05,731 - src.preprocessing_pipeline - INFO -    Removing 5 leakage features:
2026-06-02 15:57:05,732 - src.preprocessing_pipeline - INFO -       - CRT_SCORE
2026-06-02 15:57:05,732 - src.preprocessing_pipeline - INFO -       - Status
2026-06-02 15:57:05,750 - src.preprocessing_pipeline - INFO -       - Grupo_ESCS
2026-06-02 15:57:05,750 - src.preprocessing_pipeline - INFO -       - CNTSTUID
2026-06-02 15:57:05,750 - src.preprocessing_pipeline - INFO -       - W_FSTUWT
2026-06-02 15:57:05,764 - src.preprocessing_pipeline - INFO -    Result: 3,834 × 1269 (removed 5)
2026-06-02 15:57:05,765 - src.preprocessing_pipeline - INFO - 
 STAGE 2: Imputing missing values
2026-06-02 15:57:05,912 - src.preprocessing_pipeline - INFO -     Dropping 1018 columns with >80% missing
2026-06-02 15:57:06,827 - src.preprocessing_pipeline - INFO -    Result: 150 features selected
2026-06-02 15:57:06,833 - src.preprocessing_pipeline - INFO -  Full preprocessing completed in 17.01s
2026-06-02 15:57:06,833 - src.preprocessing_pipeline - INFO - 
================================================================================
2026-06-02 15:57:06,833 - src.preprocessing_pipeline - INFO -  PREPROCESSING COMPLETE
2026-06-02 15:57:06,833 - src.preprocessing_pipeline - INFO - ================================================================================
2026-06-02 15:57:06,834 - src.preprocessing_pipeline - INFO - 
 Saving preprocessing pipeline...
2026-06-02 15:57:06,843 - src.preprocessing_pipeline - INFO -    Transformers saved to /Users/macbookair/Desktop/Resiliencia criativa/data/processed/preprocessing_pipeline.pkl
2026-06-02 15:57:06,844 - src.preprocessing_pipeline - INFO -    Feature names saved to /Users/macbookair/Desktop/Resiliencia criativa/data/processed/feature_names.pkl
2026-06-02 15:57:06,847 - __main__ - INFO -  Complete Preprocessing completed in 17.02s
2026-06-02 15:57:06,847 - __main__ - INFO - 
 Final shape: (3834, 150)
2026-06-02 15:57:06,847 - __main__ - INFO - 

2026-06-02 15:57:06,847 - __main__ - INFO -  PHASE 3: CREATING STRATIFIED FOLDS
2026-06-02 15:57:06,847 - __main__ - INFO - 
2026-06-02 15:57:06,848 - src.preprocessing_pipeline - INFO - 
 Creating stratified K-Fold splits
2026-06-02 15:57:06,851 - src.preprocessing_pipeline - INFO -   Fold 0: train 3,067 (pos: 4.27%), test 767 (pos: 4.30%)
2026-06-02 15:57:06,852 - src.preprocessing_pipeline - INFO -   Fold 1: train 3,067 (pos: 4.27%), test 767 (pos: 4.30%)
2026-06-02 15:57:06,852 - src.preprocessing_pipeline - INFO -   Fold 2: train 3,067 (pos: 4.27%), test 767 (pos: 4.30%)
2026-06-02 15:57:06,853 - src.preprocessing_pipeline - INFO -   Fold 3: train 3,067 (pos: 4.27%), test 767 (pos: 4.30%)
2026-06-02 15:57:06,853 - src.preprocessing_pipeline - INFO -   Fold 4: train 3,068 (pos: 4.30%), test 766 (pos: 4.18%)
2026-06-02 15:57:06,853 - __main__ - INFO -  Created 5 stratified folds
2026-06-02 15:57:06,853 - __main__ - INFO - 

2026-06-02 15:57:06,853 - __main__ - INFO -  PHASE 4: MODEL TRAINING
2026-06-02 15:57:06,853 - __main__ - INFO - 
2026-06-02 15:57:06,853 - __main__ - INFO - ⏱  Starting Model Training...
2026-06-02 15:57:06,853 - src.model_training - INFO - 
================================================================================
2026-06-02 15:57:06,854 - src.model_training - INFO -  MODEL TRAINING - GRID SEARCH + STRATIFIED CV
2026-06-02 15:57:06,854 - src.model_training - INFO - ================================================================================
2026-06-02 15:57:06,854 - src.model_training - INFO - 
 Training LOGISTIC_REGRESSION...
2026-06-02 15:57:06,854 - src.model_training - INFO - ⏱  Starting GridSearch logistic_regression...
2026-06-02 15:57:12,024 - src.model_training - INFO -  GridSearch logistic_regression completed in 5.17s
2026-06-02 15:57:12,024 - src.model_training - INFO -    Best ROC-AUC: 0.9510
2026-06-02 15:57:12,024 - src.model_training - INFO -    Best params: {'C': 0.01, 'class_weight': 'balanced', 'max_iter': 1000, 'solver': 'liblinear'}
2026-06-02 15:57:12,025 - src.model_training - INFO - 
 Training RANDOM_FOREST...
2026-06-02 15:57:12,025 - src.model_training - INFO - ⏱  Starting GridSearch random_forest...
2026-06-02 15:57:55,349 - src.permutation_audit - INFO - 
Running permutation audit...
2026-06-02 15:57:58,340 - src.data_layer - INFO -  Loading data from: /Users/macbookair/Desktop/Resiliencia criativa/pisa_brasil_estudo_limpo.csv
2026-06-02 15:58:01,781 - src.data_layer - INFO -  Loaded 3,834 rows × 1275 columns
2026-06-02 15:58:01,798 - src.data_layer - INFO -  Memory usage: 18.7 MB
2026-06-02 15:58:01,803 - src.preprocessing_pipeline - INFO - 
 Loading preprocessing pipeline...
2026-06-02 15:58:01,871 - src.preprocessing_pipeline - INFO -    Pipeline loaded successfully
2026-06-02 15:58:01,871 - src.preprocessing_pipeline - INFO - 
================================================================================
2026-06-02 15:58:01,871 - src.preprocessing_pipeline - INFO -  STARTING FULL PREPROCESSING PIPELINE
2026-06-02 15:58:01,871 - src.preprocessing_pipeline - INFO - ================================================================================
2026-06-02 15:58:01,872 - src.preprocessing_pipeline - INFO - ⏱  Starting Full preprocessing...
2026-06-02 15:58:01,872 - src.preprocessing_pipeline - INFO - 
 STAGE 1: Excluding leakage features
2026-06-02 15:58:01,872 - src.preprocessing_pipeline - INFO -    Removing 5 leakage features:
2026-06-02 15:58:01,872 - src.preprocessing_pipeline - INFO -       - CRT_SCORE
2026-06-02 15:58:01,872 - src.preprocessing_pipeline - INFO -       - Status
2026-06-02 15:58:01,872 - src.preprocessing_pipeline - INFO -       - Grupo_ESCS
2026-06-02 15:58:01,872 - src.preprocessing_pipeline - INFO -       - CNTSTUID
2026-06-02 15:58:01,872 - src.preprocessing_pipeline - INFO -       - W_FSTUWT
2026-06-02 15:58:01,876 - src.preprocessing_pipeline - INFO -    Result: 3,834 × 1269 (removed 5)
2026-06-02 15:58:01,876 - src.preprocessing_pipeline - INFO - 
 STAGE 2: Imputing missing values
2026-06-02 15:58:02,085 - src.preprocessing_pipeline - INFO -     Dropping 1018 columns with >80% missing
2026-06-02 15:58:06,355 - __main__ - INFO - 

2026-06-02 15:58:06,355 - __main__ - INFO -  COMPLETE ANALYSIS PIPELINE - RESILIÊNCIA CRIATIVA
2026-06-02 15:58:06,355 - __main__ - INFO - 
2026-06-02 15:58:06,364 - __main__ - INFO - 

2026-06-02 15:58:06,364 - __main__ - INFO -  PHASE 1: DATA LOADING & VALIDATION
2026-06-02 15:58:06,364 - __main__ - INFO - 
2026-06-02 15:58:06,364 - src.data_layer - INFO -  Loading data from: /Users/macbookair/Desktop/Resiliencia criativa/pisa_brasil_estudo_limpo.csv
2026-06-02 15:58:06,607 - src.model_training - INFO -  GridSearch random_forest completed in 54.58s
2026-06-02 15:58:06,608 - src.model_training - INFO -    Best ROC-AUC: 0.9578
2026-06-02 15:58:06,608 - src.model_training - INFO -    Best params: {'class_weight': 'balanced_subsample', 'max_depth': 20, 'min_samples_leaf': 4, 'min_samples_split': 5, 'n_estimators': 200}
2026-06-02 15:58:06,608 - src.model_training - INFO - 
 Training XGBOOST...
2026-06-02 15:58:06,608 - src.model_training - INFO - ⏱  Starting GridSearch xgboost...
2026-06-02 15:58:07,096 - src.data_layer - INFO -  Loaded 3,834 rows × 1275 columns
2026-06-02 15:58:07,113 - src.data_layer - INFO -  Memory usage: 18.7 MB
2026-06-02 15:58:07,113 - src.data_layer - INFO - ================================================================================
2026-06-02 15:58:07,113 - src.data_layer - INFO -  STARTING DATA VALIDATION
2026-06-02 15:58:07,113 - src.data_layer - INFO - ================================================================================
2026-06-02 15:58:07,114 - src.data_layer - INFO -  Dataset shape: 3,834 × 1275
2026-06-02 15:58:07,179 - src.data_layer - INFO -  All 1275 columns are valid numeric/string
2026-06-02 15:58:07,179 - src.data_layer - WARNING -   LEAKAGE FEATURE DETECTED: 'CRT_SCORE' must be removed
2026-06-02 15:58:07,179 - src.data_layer - WARNING -   LEAKAGE FEATURE DETECTED: 'Status' must be removed
2026-06-02 15:58:07,179 - src.data_layer - WARNING -   LEAKAGE FEATURE DETECTED: 'Grupo_ESCS' must be removed
2026-06-02 15:58:07,179 - src.data_layer - WARNING -   LEAKAGE FEATURE DETECTED: 'CNTSTUID' must be removed
2026-06-02 15:58:07,179 - src.data_layer - WARNING -   LEAKAGE FEATURE DETECTED: 'W_FSTUWT' must be removed
2026-06-02 15:58:07,382 - src.data_layer - INFO -  No duplicate rows
2026-06-02 15:58:07,418 - src.data_layer - WARNING -   1018 columns have >80% missing:
2026-06-02 15:58:07,419 - src.data_layer - WARNING -     - CR567Q06S: 92.67%
2026-06-02 15:58:07,419 - src.data_layer - WARNING -     - CR543Q13S: 92.46%
2026-06-02 15:58:07,419 - src.data_layer - WARNING -     - CR567Q06F: 92.23%
2026-06-02 15:58:07,419 - src.data_layer - WARNING -     - CR552Q04F: 92.15%
2026-06-02 15:58:07,419 - src.data_layer - WARNING -     - CR561Q06S: 92.15%
2026-06-02 15:58:07,419 - src.data_layer - WARNING -     - CR567Q11SF: 91.94%
2026-06-02 15:58:07,419 - src.data_layer - WARNING -     - CR567Q11SD: 91.91%
2026-06-02 15:58:07,419 - src.data_layer - WARNING -     - CR567Q13S: 91.89%
2026-06-02 15:58:07,419 - src.data_layer - WARNING -     - CR567Q11SC: 91.84%
2026-06-02 15:58:07,419 - src.data_layer - WARNING -     - CR567Q11SA: 91.81%
2026-06-02 15:58:07,434 - src.data_layer - INFO -  Target variable 'Creative_Resilience':
2026-06-02 15:58:07,434 - src.data_layer - INFO -     - 0.0: 3,670 (95.72%)
2026-06-02 15:58:07,434 - src.data_layer - INFO -     - 1.0: 164 (4.28%)
2026-06-02 15:58:07,434 - src.data_layer - INFO - ================================================================================
2026-06-02 15:58:07,434 - src.data_layer - INFO -  VALIDATION COMPLETE
2026-06-02 15:58:07,434 - src.data_layer - INFO - ================================================================================
2026-06-02 15:58:07,435 - src.data_layer - INFO -  Generating dataset profile...
2026-06-02 15:58:09,954 - src.data_layer - INFO -  Profile generated: 6 sections
2026-06-02 15:58:09,981 - src.data_layer - INFO -  Profile saved to /Users/macbookair/Desktop/Resiliencia criativa/data/processed/dataset_profile.json
2026-06-02 15:58:09,982 - __main__ - INFO - 

2026-06-02 15:58:09,982 - __main__ - INFO -  PHASE 2: PREPROCESSING
2026-06-02 15:58:09,982 - __main__ - INFO - 
2026-06-02 15:58:09,992 - __main__ - INFO - ⏱  Starting Complete Preprocessing...
2026-06-02 15:58:09,992 - src.preprocessing_pipeline - INFO - 
================================================================================
2026-06-02 15:58:09,992 - src.preprocessing_pipeline - INFO -  STARTING FULL PREPROCESSING PIPELINE
2026-06-02 15:58:09,992 - src.preprocessing_pipeline - INFO - ================================================================================
2026-06-02 15:58:09,992 - src.preprocessing_pipeline - INFO - ⏱  Starting Full preprocessing...
2026-06-02 15:58:09,992 - src.preprocessing_pipeline - INFO - 
 STAGE 1: Excluding leakage features
2026-06-02 15:58:09,993 - src.preprocessing_pipeline - INFO -    Removing 5 leakage features:
2026-06-02 15:58:09,993 - src.preprocessing_pipeline - INFO -       - CRT_SCORE
2026-06-02 15:58:09,993 - src.preprocessing_pipeline - INFO -       - Status
2026-06-02 15:58:09,993 - src.preprocessing_pipeline - INFO -       - Grupo_ESCS
2026-06-02 15:58:09,993 - src.preprocessing_pipeline - INFO -       - CNTSTUID
2026-06-02 15:58:09,993 - src.preprocessing_pipeline - INFO -       - W_FSTUWT
2026-06-02 15:58:09,998 - src.preprocessing_pipeline - INFO -    Result: 3,834 × 1269 (removed 5)
2026-06-02 15:58:09,998 - src.preprocessing_pipeline - INFO - 
 STAGE 2: Imputing missing values
2026-06-02 15:58:10,058 - src.preprocessing_pipeline - INFO -     Dropping 1018 columns with >80% missing
2026-06-02 15:58:22,987 - src.preprocessing_pipeline - INFO -    Result: 0.00% missing remaining
2026-06-02 15:58:22,991 - src.preprocessing_pipeline - INFO - 
 STAGE 3: Scaling features
2026-06-02 15:58:23,035 - src.preprocessing_pipeline - INFO -    Mean: 0.000000, Std: 0.992161
2026-06-02 15:58:23,035 - src.preprocessing_pipeline - INFO - 
 STAGE 4: Feature selection (RFE)
2026-06-02 15:58:23,035 - src.preprocessing_pipeline - INFO -    Selecting 150 from 251 features using RFE
2026-06-02 15:58:32,553 - src.preprocessing_pipeline - INFO -    Result: 150 features selected
2026-06-02 15:58:32,555 - src.preprocessing_pipeline - INFO -  Full preprocessing completed in 86.83s
2026-06-02 15:58:32,556 - src.preprocessing_pipeline - INFO - 
================================================================================
2026-06-02 15:58:32,556 - src.preprocessing_pipeline - INFO -  PREPROCESSING COMPLETE
2026-06-02 15:58:32,556 - src.preprocessing_pipeline - INFO - ================================================================================
2026-06-02 15:58:49,473 - src.model_training - INFO -  GridSearch xgboost completed in 42.86s
2026-06-02 15:58:49,473 - src.model_training - INFO -    Best ROC-AUC: 0.9600
2026-06-02 15:58:49,473 - src.model_training - INFO -    Best params: {'learning_rate': 0.05, 'max_depth': 4, 'n_estimators': 200, 'scale_pos_weight': 22.4, 'subsample': 0.8}
2026-06-02 15:58:49,473 - src.model_training - INFO - 
 Training LIGHTGBM...
2026-06-02 15:58:49,474 - src.model_training - INFO - ⏱  Starting GridSearch lightgbm...
2026-06-02 16:00:23,209 - src.model_training - INFO -  GridSearch lightgbm completed in 93.74s
2026-06-02 16:00:23,210 - src.model_training - INFO -    Best ROC-AUC: 0.9653
2026-06-02 16:00:23,211 - src.model_training - INFO -    Best params: {'class_weight': 'balanced', 'learning_rate': 0.05, 'max_depth': 4, 'n_estimators': 200, 'num_leaves': 20}
2026-06-02 16:00:23,211 - src.model_training - INFO - 
================================================================================
2026-06-02 16:00:23,211 - src.model_training - INFO -  TRAINING COMPLETE
2026-06-02 16:00:23,211 - src.model_training - INFO - ================================================================================
2026-06-02 16:00:23,211 - __main__ - INFO -  Model Training completed in 196.36s
2026-06-02 16:00:23,211 - src.model_training - INFO - 
 Saving trained models...
2026-06-02 16:00:23,213 - src.model_training - INFO -    logistic_regression saved to /Users/macbookair/Desktop/Resiliencia criativa/models/logistic_regression_model.pkl
2026-06-02 16:00:23,250 - src.model_training - INFO -    random_forest saved to /Users/macbookair/Desktop/Resiliencia criativa/models/random_forest_model.pkl
2026-06-02 16:00:23,263 - src.model_training - INFO -    xgboost saved to /Users/macbookair/Desktop/Resiliencia criativa/models/xgboost_model.pkl
2026-06-02 16:00:23,266 - src.model_training - INFO -    lightgbm saved to /Users/macbookair/Desktop/Resiliencia criativa/models/lightgbm_model.pkl
2026-06-02 16:00:23,302 - __main__ - INFO - 

2026-06-02 16:00:23,302 - __main__ - INFO -  PHASE 5: EVALUATION & POST-TRAINING ANALYSIS
2026-06-02 16:00:23,302 - __main__ - INFO - 
2026-06-02 16:00:23,306 - src.model_training - INFO - 
 EVALUATING MODELS ON TEST SET
2026-06-02 16:00:23,320 - src.model_training - INFO - 
LOGISTIC_REGRESSION:
2026-06-02 16:00:23,320 - src.model_training - INFO -   roc_auc: 0.9786
2026-06-02 16:00:23,320 - src.model_training - INFO -   f1: 0.3837
2026-06-02 16:00:23,320 - src.model_training - INFO -   precision: 0.2374
2026-06-02 16:00:23,320 - src.model_training - INFO -   recall: 1.0000
2026-06-02 16:00:23,320 - src.model_training - INFO -   balanced_accuracy: 0.9278
2026-06-02 16:00:23,320 - src.model_training - INFO -   specificity: 0.8556
2026-06-02 16:00:23,320 - src.model_training - INFO -   false_positive_rate: 0.1444
2026-06-02 16:00:23,320 - src.model_training - INFO -   false_negative_rate: 0.0000
2026-06-02 16:00:23,381 - src.model_training - INFO - 
RANDOM_FOREST:
2026-06-02 16:00:23,382 - src.model_training - INFO -   roc_auc: 1.0000
2026-06-02 16:00:23,382 - src.model_training - INFO -   f1: 1.0000
2026-06-02 16:00:23,382 - src.model_training - INFO -   precision: 1.0000
2026-06-02 16:00:23,382 - src.model_training - INFO -   recall: 1.0000
2026-06-02 16:00:23,382 - src.model_training - INFO -   balanced_accuracy: 1.0000
2026-06-02 16:00:23,382 - src.model_training - INFO -   specificity: 1.0000
2026-06-02 16:00:23,382 - src.model_training - INFO -   false_positive_rate: 0.0000
2026-06-02 16:00:23,382 - src.model_training - INFO -   false_negative_rate: 0.0000
2026-06-02 16:00:23,411 - src.model_training - INFO - 
XGBOOST:
2026-06-02 16:00:23,411 - src.model_training - INFO -   roc_auc: 1.0000
2026-06-02 16:00:23,411 - src.model_training - INFO -   f1: 0.9041
2026-06-02 16:00:23,411 - src.model_training - INFO -   precision: 0.8250
2026-06-02 16:00:23,411 - src.model_training - INFO -   recall: 1.0000
2026-06-02 16:00:23,411 - src.model_training - INFO -   balanced_accuracy: 0.9952
2026-06-02 16:00:23,411 - src.model_training - INFO -   specificity: 0.9905
2026-06-02 16:00:23,411 - src.model_training - INFO -   false_positive_rate: 0.0095
2026-06-02 16:00:23,411 - src.model_training - INFO -   false_negative_rate: 0.0000
2026-06-02 16:00:23,422 - src.model_training - INFO - 
LIGHTGBM:
2026-06-02 16:00:23,422 - src.model_training - INFO -   roc_auc: 1.0000
2026-06-02 16:00:23,422 - src.model_training - INFO -   f1: 0.8462
2026-06-02 16:00:23,422 - src.model_training - INFO -   precision: 0.7333
2026-06-02 16:00:23,422 - src.model_training - INFO -   recall: 1.0000
2026-06-02 16:00:23,422 - src.model_training - INFO -   balanced_accuracy: 0.9918
2026-06-02 16:00:23,422 - src.model_training - INFO -   specificity: 0.9837
2026-06-02 16:00:23,422 - src.model_training - INFO -   false_positive_rate: 0.0163
2026-06-02 16:00:23,422 - src.model_training - INFO -   false_negative_rate: 0.0000
2026-06-02 16:00:23,423 - __main__ - INFO - 
 Threshold Optimization
2026-06-02 16:00:23,425 - src.post_training_analysis - INFO - 
 Optimizing threshold for metric: f1
2026-06-02 16:00:23,651 - src.post_training_analysis - INFO -    Optimal threshold: 0.77
2026-06-02 16:00:23,651 - src.post_training_analysis - INFO -    Metrics at optimal threshold:
2026-06-02 16:00:23,651 - src.post_training_analysis - INFO -       f1: 1.0000
2026-06-02 16:00:23,651 - src.post_training_analysis - INFO -       precision: 1.0000
2026-06-02 16:00:23,651 - src.post_training_analysis - INFO -       recall: 1.0000
2026-06-02 16:00:23,651 - src.post_training_analysis - INFO -       specificity: 1.0000
2026-06-02 16:00:23,651 - src.post_training_analysis - INFO -       youden_j: 1.0000
2026-06-02 16:00:23,651 - __main__ - INFO - 
 Bootstrap Analysis (95% CI)
2026-06-02 16:00:23,651 - src.post_training_analysis - INFO - 
 Computing bootstrap CI (n=100)...
2026-06-02 16:00:23,954 - src.post_training_analysis - INFO -    Bootstrap CI computed for 6 metrics
2026-06-02 16:00:23,955 - __main__ - INFO - 
 Calibration Analysis
2026-06-02 16:00:23,955 - src.post_training_analysis - INFO - 
 Analyzing model calibration...
2026-06-02 16:00:23,955 - src.post_training_analysis - INFO -    Brier Score: 0.0117
2026-06-02 16:00:23,955 - src.post_training_analysis - INFO -     (Lower is better; 0=perfect, 1=worst)
2026-06-02 16:00:23,955 - __main__ - INFO - 

2026-06-02 16:00:23,955 - __main__ - INFO -  PHASE 6: INTERPRETABILITY
2026-06-02 16:00:23,956 - __main__ - INFO - 
2026-06-02 16:00:23,956 - __main__ - INFO - 
 SHAP Analysis
2026-06-02 16:00:23,957 - src.interpretability_layer - INFO - 
 Computing SHAP values (explainer: tree)...
2026-06-02 16:00:23,957 - src.interpretability_layer - INFO -   Limiting background to 500 samples (from 767)
2026-06-02 16:00:23,957 - src.interpretability_layer - INFO -   Using KernelExplainer (may be slow)...
2026-06-02 16:00:23,960 - src.interpretability_layer - ERROR -    Error computing SHAP: property 'feature_names_in_' of 'LGBMClassifier' object has no setter
2026-06-02 16:00:23,960 - __main__ - INFO - 
  Fairness Analysis
2026-06-02 16:00:23,965 - src.interpretability_layer - INFO - 
================================================================================
2026-06-02 16:00:23,965 - src.interpretability_layer - INFO -  FAIRNESS ANALYSIS - ALL PROTECTED ATTRIBUTES
2026-06-02 16:00:23,965 - src.interpretability_layer - INFO - ================================================================================
2026-06-02 16:00:23,966 - src.interpretability_layer - INFO - 
  Analyzing fairness across gender...
2026-06-02 16:00:23,967 - src.interpretability_layer - ERROR -    Error analyzing gender: Unalignable boolean Series provided as indexer (index of the boolean Series and of the indexed object do not match).
2026-06-02 16:00:23,967 - src.interpretability_layer - INFO - 
================================================================================
2026-06-02 16:00:23,967 - src.interpretability_layer - INFO -  FAIRNESS ANALYSIS COMPLETE
2026-06-02 16:00:23,967 - src.interpretability_layer - INFO - ================================================================================
2026-06-02 16:00:23,967 - __main__ - INFO - 

2026-06-02 16:00:23,967 - __main__ - INFO -  PHASE 7: SUMMARY & RESULTS
2026-06-02 16:00:23,967 - __main__ - INFO - 
2026-06-02 16:00:23,968 - __main__ - INFO - 
 Summary saved
2026-06-02 16:00:23,968 - __main__ - INFO - 
 Final memory usage: 0.10GB / 8GB
2026-06-02 16:00:23,968 - __main__ - INFO - 

2026-06-02 16:00:23,968 - __main__ - INFO -  PIPELINE COMPLETE!
2026-06-02 16:00:23,968 - __main__ - INFO - 
2026-06-02 16:00:23,968 - __main__ - INFO - 
 Outputs saved to:
2026-06-02 16:00:23,968 - __main__ - INFO -     Models: /Users/macbookair/Desktop/Resiliencia criativa/models
2026-06-02 16:00:23,968 - __main__ - INFO -     Reports: /Users/macbookair/Desktop/Resiliencia criativa/outputs/reports
2026-06-02 16:00:23,968 - __main__ - INFO -     Metrics: /Users/macbookair/Desktop/Resiliencia criativa/outputs/metrics
2026-06-02 16:11:25,739 - src.permutation_audit - INFO - 
Running permutation audit...
2026-06-02 16:11:35,481 - src.permutation_audit - INFO - 
Running permutation audit...
2026-06-02 16:12:14,559 - src.permutation_audit - INFO - 
Running permutation audit...
2026-06-02 16:12:59,333 - src.permutation_audit - INFO - 
Running permutation audit...
2026-06-02 16:13:01,056 - src.data_layer - INFO -  Loading data from: /Users/macbookair/Desktop/Resiliencia criativa/pisa_brasil_estudo_limpo.csv
2026-06-02 16:13:01,443 - src.data_layer - INFO -  Loaded 3,834 rows × 1275 columns
2026-06-02 16:13:01,453 - src.data_layer - INFO -  Memory usage: 18.9 MB
2026-06-02 16:13:01,458 - src.preprocessing_pipeline - INFO - 
 Loading preprocessing pipeline...
2026-06-02 16:13:01,463 - src.preprocessing_pipeline - INFO -    Pipeline loaded successfully
2026-06-02 16:13:01,463 - src.preprocessing_pipeline - INFO - 
================================================================================
2026-06-02 16:13:01,463 - src.preprocessing_pipeline - INFO -  STARTING FULL PREPROCESSING PIPELINE
2026-06-02 16:13:01,463 - src.preprocessing_pipeline - INFO - ================================================================================
2026-06-02 16:13:01,463 - src.preprocessing_pipeline - INFO - ⏱  Starting Full preprocessing...
2026-06-02 16:13:01,463 - src.preprocessing_pipeline - INFO - 
 STAGE 1: Excluding leakage features
2026-06-02 16:13:01,463 - src.preprocessing_pipeline - INFO -    Removing 5 leakage features:
2026-06-02 16:13:01,463 - src.preprocessing_pipeline - INFO -       - CRT_SCORE
2026-06-02 16:13:01,463 - src.preprocessing_pipeline - INFO -       - Status
2026-06-02 16:13:01,463 - src.preprocessing_pipeline - INFO -       - Grupo_ESCS
2026-06-02 16:13:01,463 - src.preprocessing_pipeline - INFO -       - CNTSTUID
2026-06-02 16:13:01,463 - src.preprocessing_pipeline - INFO -       - W_FSTUWT
2026-06-02 16:13:01,467 - src.preprocessing_pipeline - INFO -    Result: 3,834 × 1269 (removed 5)
2026-06-02 16:13:01,467 - src.preprocessing_pipeline - INFO - 
 STAGE 2: Imputing missing values
2026-06-02 16:13:01,486 - src.preprocessing_pipeline - INFO -     Dropping 1018 columns with >80% missing
2026-06-02 16:13:13,432 - src.preprocessing_pipeline - INFO -    Result: 0.00% missing remaining
2026-06-02 16:13:13,433 - src.preprocessing_pipeline - INFO - 
 STAGE 3: Scaling features
2026-06-02 16:13:13,442 - src.preprocessing_pipeline - INFO -    Mean: 0.000000, Std: 0.992161
2026-06-02 16:13:13,442 - src.preprocessing_pipeline - INFO - 
 STAGE 4: Feature selection (RFE)
2026-06-02 16:13:13,442 - src.preprocessing_pipeline - INFO -    Selecting 150 from 251 features using RFE
2026-06-02 16:13:15,274 - src.preprocessing_pipeline - INFO -    Result: 150 features selected
2026-06-02 16:13:15,275 - src.preprocessing_pipeline - INFO -  Full preprocessing completed in 13.81s
2026-06-02 16:13:15,275 - src.preprocessing_pipeline - INFO - 
================================================================================
2026-06-02 16:13:15,275 - src.preprocessing_pipeline - INFO -  PREPROCESSING COMPLETE
2026-06-02 16:13:15,275 - src.preprocessing_pipeline - INFO - ================================================================================
2026-06-02 16:13:44,390 - src.resilient_profile - INFO - 
Running resilient profile analysis...
2026-06-02 16:13:44,391 - src.data_layer - INFO -  Loading data from: /Users/macbookair/Desktop/Resiliencia criativa/pisa_brasil_estudo_limpo.csv
2026-06-02 16:13:44,738 - src.data_layer - INFO -  Loaded 3,834 rows × 1275 columns
2026-06-02 16:13:44,751 - src.data_layer - INFO -  Memory usage: 18.9 MB
2026-06-02 16:13:56,107 - src.resilient_profile - INFO - 
Running resilient profile analysis...
2026-06-02 16:13:56,107 - src.data_layer - INFO -  Loading data from: /Users/macbookair/Desktop/Resiliencia criativa/pisa_brasil_estudo_limpo.csv
2026-06-02 16:13:56,445 - src.data_layer - INFO -  Loaded 3,834 rows × 1275 columns
2026-06-02 16:13:56,457 - src.data_layer - INFO -  Memory usage: 18.9 MB
2026-06-02 16:13:56,720 - src.resilient_profile - INFO - Resilient profile saved: /Users/macbookair/Desktop/Resiliencia criativa/outputs/reports/resilient_profile.md
